,head-top x,head-top y,head-left x,head-left y,head-right x,head-right y,neck x,neck y,left-eye x,left-eye y,right-eye x,right-eye y,right-antenna-0 x,right-antenna-0 y,left-antenna-0 x,left-antenna-0 y,thorax-left x,thorax-left y,thorax-right x,thorax-right y,thorax-bottom x,thorax-bottom y,left-forewing-base x,left-forewing-base y,right-forewing-base x,right-forewing-base y,right-hindwing-base x,right-hindwing-base y,left-hindwing-base x,left-hindwing-base y,body-left x,body-left y,body-right x,body-right y,body-tip x,body-tip y,left-leg-0 x,left-leg-0 y,right-leg-0 x,right-leg-0 y,coleoptera,diptera,hymenoptera,lepidoptera,right-antenna-1 x,right-antenna-1 y,right-antenna-2 x,right-antenna-2 y,left-antenna-1 x,left-antenna-1 y,left-antenna-2 x,left-antenna-2 y,left-forewing-tip x,left-forewing-tip y,left-forewing-front x,left-forewing-front y,left-forewing-rear x,left-forewing-rear y,right-forewing-tip x,right-forewing-tip y,right-forewing-front x,right-forewing-front y,right-forewing-rear x,right-forewing-rear y,left-hindwing-tip x,left-hindwing-tip y,left-hindwing-front x,left-hindwing-front y,left-hindwing-rear x,left-hindwing-rear y,right-hindwing-tip x,right-hindwing-tip y,right-hindwing-front x,right-hindwing-front y,right-hindwing-rear x,right-hindwing-rear y,left-leg-1 x,left-leg-1 y,left-leg-2 x,left-leg-2 y,left-leg-3 x,left-leg-3 y,right-leg-1 x,right-leg-1 y,right-leg-2 x,right-leg-2 y,right-leg-3 x,right-leg-3 y
total length,0.02108449598426338,0.02737082266925333,0.020203777080789437,0.01794670344937252,0.023987853313925677,0.02218898930809576,0.017547655368137495,0.03084178233171109,0.025117723495830444,0.034400792040089084,0.029558854328336954,0.038603276786399215,0.01836471580929389,0.02466994649979491,0.015561352840044014,0.020669090261949127,0.01879294558152035,0.016939199859048723,0.021119396300940476,0.021302737665070164,0.027122670094704714,0.01977162972983902,0.02003781993306754,0.023512201828354336,0.023607682967491193,0.023576649283570405,0.021994154052973443,0.011649511498360996,0.020101510042120276,0.014245743456379691,0.025961943973275052,0.02081238535642936,0.02862263584076198,0.023784248372331163,0.059727536723756705,0.05758350751478817,0.0007886966323690509,0.0006305099834058567,0.0011603346458695304,0.0013813449118009814,0.07877273984098294,0.006868693267610751,0.0079068694411227,0.014106869634768133,,,,,,,,,,,,,,,,,,,,,,,,,,,,,,,,,,,,,,,,,,,,
head width,0.04193047623661534,0.0210744263543621,0.08878634452462875,0.06818087125042709,0.04998660499806017,0.09195958493242844,0.03174579556373836,0.0221247668027247,0.06319960575104351,0.06440592270315483,0.046140928342951935,0.047698794108839516,0.048977177964962995,0.11154778897037622,0.07482603989756059,0.02587109686209125,,,,,,,,,,,,,,,,,,,,,,,,,0.04872842754867953,0.04851366456667576,0.0017798214996385762,0.0025218611210401703,,,,,,,,,,,,,,,,,,,,,,,,,,,,,,,,,,,,,,,,,,,,
head length,0.017391900246224397,0.06405653363972137,0.018664883692854285,0.02558027715459669,0.0355418419344308,0.023362433021935167,0.018271774372072738,0.04208888566799958,0.017385903742489956,0.05284508830474587,0.025969064082939333,0.04896702567518201,0.012322657820889546,0.03141984921305489,0.014587430323713124,0.03154021812183719,0.02079139541258238,0.027152531661899088,0.019419696123306154,0.019807393575449785,0.014837292494764091,0.0196448141139095,0.023661336450469184,0.03120915847941508,0.027659516194405907,0.022533184231432708,0.07027172552457274,0.037642677799618524,0.059462090945192746,0.030645405619752156,,,,,,,,,,,0.001058294803321499,0.001671908290724746,0.005199332122799368,0.08733647914169748,,,,,,,,,,,,,,,,,,,,,,,,,,,,,,,,,,,,,,,,,,,,
inter ocular distance,0.03213151684904223,0.010229773649667262,0.04806848146755318,0.02446757331433079,0.017134244331748,0.032345790471850294,0.01413730070815756,0.008931868887396121,0.09599291743931099,0.11350223959527847,0.11259130682594867,0.13981494040508033,0.040147414105799493,0.1403914958284108,0.04774693115432958,0.009811727753648474,,,,,,,,,,,,,,,,,,,,,,,,,0.059753402960094265,0.048534909900402524,0.0005420166960927414,0.00372414765585823,,,,,,,,,,,,,,,,,,,,,,,,,,,,,,,,,,,,,,,,,,,,
right antenna length,0.002855005574154654,0.0039279910567257175,0.004508932371946092,0.005532731207531653,0.0066754801922228706,0.004094089470472107,0.004801864953200202,0.0032715234544464975,0.0037334064358517612,0.0035839606164044012,0.009143146433994947,0.0068774260004553335,0.14431285910766592,0.1688830095561647,0.029645931219954152,0.03466680075888901,,,,,,,,,,,,,,,,,,,,,,,,,0.008283166475397915,0.005140123985097931,0.0006679433455832947,0.0007036027266236402,0.09514343698160649,0.07663812729743061,0.15522847652733127,0.2216809642508487,,,,,,,,,,,,,,,,,,,,,,,,,,,,,,,,,,,,,,,,
left antenna length,0.003865952165101005,0.004578194857825562,0.007108224841905846,0.0074783350054223865,0.004425425933454363,0.0037394270524575206,0.003829146383264005,0.0035316826665244597,0.010155632204416015,0.003621622122311175,0.01016547420811599,0.003435205365591448,0.033697126869598054,0.04531676996821985,0.11871950029568422,0.1251481383002878,,,,,,,,,,,,,,,,,,,,,,,,,0.007186300819366715,0.006025476800773814,0.0006868590694741979,0.0003201434868227315,,,,,0.12852938066014372,0.11559405287512947,0.16830575921471555,0.1845361688333941,,,,,,,,,,,,,,,,,,,,,,,,,,,,,,,,,,,,
thorax width,,,,,,,0.0695515728658844,0.015324883391506595,,,,,,,,,0.1711788523896628,0.051380746612225435,0.12378902913322613,0.17153283261344934,0.07966872691716756,0.011641845297490844,0.05216233777246396,0.01543821727387137,0.01547726049562837,0.044825705649527356,0.004674090764865748,0.003627474194068986,0.0031077042686205618,0.0027289330973383225,,,,,,,,,,,0.0846408882736558,0.07386453695473279,0.005244430474250417,0.00013993156036323968,,,,,,,,,,,,,,,,,,,,,,,,,,,,,,,,,,,,,,,,,,,,
abdomen width,,,,,,,,,,,,,,,,,,,,,0.09029934718871184,0.043242934504221696,,,,,,,,,0.06591830856984937,0.2521977300561587,0.19202373946490772,0.08243121979071473,0.1453224007489519,0.06188594444255647,0.0015223470683852752,0.0020717430128115847,0.0001877123978491452,0.0003639957671558715,0.029142727890217688,0.026349899313311328,0.0027844600922636103,0.004255489691933209,,,,,,,,,,,,,,,,,,,,,,,,,,,,,,,,,,,,,,,,,,,,
abdomen length,,,,,,,0.02331803031507685,0.024886895744052805,,,,,,,,,0.024480882262977077,0.024771762491637886,0.03386656103167549,0.027860497414835848,0.031854888672347315,0.02851259992601173,0.026016554010551706,0.02836040053242913,0.03186246421823167,0.026901589553006783,0.01512326933030905,0.015102686053205137,0.012109285052062487,0.010059979674955205,0.04502223670422811,0.033472092560378794,0.06814953107505636,0.03291708477827358,0.10107094687903354,0.08794130961419507,0.001898238851214752,0.0021679411569662283,0.002414478870264859,0.0023494706977093866,0.10754135816341172,0.048163026939475426,0.04504323982591392,0.03676069760051185,,,,,,,,,,,,,,,,,,,,,,,,,,,,,,,,,,,,,,,,,,,,
intertegular distance,,,,,,,0.07167222523614859,0.006452863209585614,,,,,,,,,0.11233390306877813,0.004670548144168888,0.020252506137265005,0.08128316163457207,0.03798117387088188,0.004003508677379268,0.0597746936354705,0.026065418737581995,0.04058235611070971,0.06394110990698482,0.0018833199493846645,0.0005046697916631075,0.001114599321226117,0.0009320971782486314,,,,,,,,,,,0.07765427319572148,0.040520445497132816,0.001079218549697549,0.00037690590548053113,,,,,,,,,0.0070961551226250315,0.024601396639891946,0.008352613610812036,0.016263797979279387,0.007636499429823196,0.007475808685336504,0.10137465514077063,0.03896046101480331,0.04373549100575797,0.01947683223786117,0.04873405934952841,0.02321323202542918,,,,,,,,,,,,,,,,,,,,,,,,
left hind wing length,,,,,,,0.008117182688133755,0.005074756979489442,,,,,,,,,0.008106409221911913,0.008908896326737003,0.006085339201919101,0.002035792347209126,0.002563772787363656,0.003382522796876194,0.011479820260378222,0.007475762299894121,0.011194609272182496,0.0023027031688761215,0.10499297017914622,0.03368018122922323,0.17426310359806213,0.09297542618561422,,,,,,,,,,,0.00139500647486214,4.628927250954396e-05,0.0030276361337419327,0.017300718557975395,,,,,,,,,,,,,,,,,,,,,0.04763423260221726,0.09635206385358928,0.05523565683053806,0.04292832446153097,0.14808778099377504,0.10535304227624354,,,,,,,,,,,,,,,,,,
right hind wing length,,,,,,,0.0034549396762592246,0.0028057484927211506,,,,,,,,,0.00412032485590102,0.003295609267666453,0.010241565303235044,0.0038924630670757404,0.005094017667499665,0.0040772794927118605,0.005885605767822375,0.00410168461712782,0.010746106838355985,0.0024922797223402003,0.0896941012664976,0.0870670592037512,0.05083113059675974,0.021491499692652388,,,,,,,,,,,0.0013288742035355051,0.00011726812652054265,0.0036753888403967335,0.01140378342271198,,,,,,,,,,,,,,,,,,,,,,,,,,,0.0807905148392264,0.1430380856686626,0.07417713085932445,0.0968480923575148,0.11041985863739083,0.16890958751633858,,,,,,,,,,,,
left hind wing width,,,,,,,,,,,,,,,,,,,,,,,,,,,,,0.23218595973139372,0.018265781529977144,,,,,,,,,,,4.02154822188276e-05,9.799409518008847e-05,0.015558614227516818,0.24320669093125502,,,,,,,,,,,,,,,,,,,,,0.03875073247747356,0.03525431683034571,0.08095452705376256,0.1033938710131332,0.11927443581563069,0.11301686081211272,,,,,,,,,,,,,,,,,,
right hind wing width,,,,,,,,,,,,,,,,,,,,,,,,,,,0.025186256288762126,0.015541318409294944,,,,,,,,,,,,,4.3270684923437306e-05,9.243353634026474e-05,0.012448031093084367,0.10594105876259739,,,,,,,,,,,,,,,,,,,,,,,,,,,0.08388117892621391,0.11392214415756043,0.08138286618943176,0.20581112373672372,0.10082370015878114,0.25492661805628647,,,,,,,,,,,,
left fore wing length,,,,,,,0.023475882386041338,0.028074952526559397,,,,,,,,,0.06826414302453788,0.024029338143245836,0.025267814546292663,0.035240297717261504,0.03289879455540224,0.02223319522565976,0.061379761572585165,0.028876972129244973,0.021362891208612993,0.03287274501912957,0.01266685108350568,0.011107418888496999,0.016490668995338232,0.008859974261522756,,,,,,,,,,,0.10885072277693585,0.032926132822913734,0.10282478118687274,0.03930766933293102,,,,,,,,,0.03167544311291276,0.045112073656381,0.04966671040485733,0.05207829316266687,0.04207409865566497,0.04238237360442668,,,,,,,,,,,,,,,,,,,,,,,,,,,,,,
right fore wing length,,,,,,,0.02400088492647845,0.03138472107389195,,,,,,,,,0.03495628331751896,0.02265503261945269,0.025684568167449753,0.03448766464629547,0.03292253366003727,0.03299772008068973,0.04012605756368636,0.03333735929973062,0.027920683506896388,0.03740854576825766,0.010701923086461665,0.01508131138477353,0.018734637417964925,0.008516418073764166,,,,,,,,,,,0.0960675397013561,0.032817421967065934,0.10321367507296783,0.04491022605758013,,,,,,,,,,,,,,,0.03319962867460971,0.043971877907521,0.04043513096715042,0.036965395730272875,0.04674055079555002,0.09076220853257634,,,,,,,,,,,,,,,,,,,,,,,,
left fore wing width,,,,,,,,,,,,,,,,,,,,,,,0.11397110627637953,0.050791696742791013,,,,,,,,,,,,,,,,,0.07483415678290199,0.0444269727059854,0.05799948606257332,0.1316253286170859,,,,,,,,,0.06995136179752247,0.06546534117944504,0.0734885993566093,0.09395902529942485,0.07894435561568869,0.14454256956359252,,,,,,,,,,,,,,,,,,,,,,,,,,,,,,
right fore wing width,,,,,,,,,,,,,,,,,,,,,,,,,0.07555542555667245,0.05663955796541664,,,,,,,,,,,,,,,0.06466617696428593,0.06451749044238322,0.04173800858917374,0.1021239080277644,,,,,,,,,,,,,,,0.10162142174172704,0.054759006241089585,0.11169502050104706,0.07072055119573548,0.11077436698171521,0.14518906579298926,,,,,,,,,,,,,,,,,,,,,,,,
left hind leg length,,,,,,,,,,,,,,,,,,,,,0.010815310783394717,0.012554916012744569,,,,,,,,,0.021362447816252534,0.030024967467619665,0.013641918852328423,0.0208649624351642,0.01804224542677502,0.009777345091873169,0.15814997445050036,0.27693222686318486,0.03476672748100527,0.04512132899393649,0.013798833133512536,0.0015344450112957815,0.10092281476330953,0.0072074497577744425,,,,,,,,,,,,,,,,,,,,,,,,,,,,,,,,,0.016870259889353985,0.022950532801297923,0.016412228119743487,0.07875736330165498,0.037215670991994014,0.05227603055528405,,,,,,
left hind leg femur length,,,,,,,,,,,,,,,,,,,,,0.010050069072386453,0.014752479287433581,,,,,,,,,0.020773575221034905,0.02359374665900304,0.018704291299763764,0.014980106357698553,0.014451296022619875,0.009077474913564728,0.18708423426798484,0.312874002014489,0.03548888254643398,0.054099582909550824,0.017771272834957115,0.0017373883750962924,0.10562755033463961,0.0041047340778977755,,,,,,,,,,,,,,,,,,,,,,,,,,,,,,,,,0.025106942710205835,0.05320360874416804,0.01046872570756991,0.04790742751331452,0.00991589021118417,0.008226718919003208,,,,,,
left hind leg tibia length,,,,,,,,,,,,,,,,,,,,,,,,,,,,,,,,,,,,,0.0008730343744507947,0.0011286003747277968,,,0.010799664854912346,0.0056209271674724755,0.0015872656630685977,0.006785194311636248,,,,,,,,,,,,,,,,,,,,,,,,,,,,,,,,,0.14486927794732704,0.08456362511691702,0.25276248664618073,0.29080952779222746,0.06905899171627726,0.13114140403480237,,,,,,
left hind leg tarsus length,,,,,,,,,,,,,,,,,,,,,,,,,,,,,,,,,,,,,0.0004056421122701651,0.0008926262251680951,,,0.01447233631472618,0.008556729395862613,0.0014583602958406008,0.005931284734167303,,,,,,,,,,,,,,,,,,,,,,,,,,,,,,,,,0.06609537138293856,0.03253415033373061,0.23413185279400767,0.1948434257878185,0.19025304410059055,0.2504251765228792,,,,,,
right hind leg length,,,,,,,,,,,,,,,,,,,,,0.012766061120226851,0.009477487068385202,,,,,,,,,0.012613909967400742,0.008789268100519354,0.00814146682050516,0.0074517891101758965,0.012978938394821588,0.010819203876842903,0.031151839033447388,0.036470669310525984,0.2111635306119824,0.25517507007735224,0.013638363003853907,0.004317247209713183,0.11664822790788783,0.0010186778727382573,,,,,,,,,,,,,,,,,,,,,,,,,,,,,,,,,,,,,,,0.0428304607190403,0.01732315151869577,0.04801183491752546,0.03699300844964517,0.08179458279278627,0.020425212115928282
right hind leg femur length,,,,,,,,,,,,,,,,,,,,,0.012799945117978873,0.00993681115817126,,,,,,,,,0.013819021220308614,0.008586649576326712,0.013466281032329741,0.006597356146422899,0.006922675129250852,0.00969231832487221,0.04884074505161715,0.0570951440400209,0.22233829182797532,0.2777072495985087,0.010454107542565878,0.002313465525134061,0.1293077035535133,0.0009379860079588688,,,,,,,,,,,,,,,,,,,,,,,,,,,,,,,,,,,,,,,0.06495340651093554,0.02592555336010118,0.024169927767131134,0.038580250648784016,0.010684950417027703,0.0048701604430651
right hind leg tibia length,,,,,,,,,,,,,,,,,,,,,,,,,,,,,,,,,,,,,,,0.0019753362026396727,0.0014105782391638077,0.01004346076093364,0.0037957347075190146,0.002647998889010357,0.007018947409061335,,,,,,,,,,,,,,,,,,,,,,,,,,,,,,,,,,,,,,,0.16365812004564353,0.14515586634535554,0.2522887428140398,0.2367881725529765,0.06200756453908406,0.11320947749457275
right hind leg tarsus length,,,,,,,,,,,,,,,,,,,,,,,,,,,,,,,,,,,,,,,0.0004688913764136969,0.00045780017379833875,0.015636596566618532,0.005654942732397458,0.0019284751485047266,0.006420402578595632,,,,,,,,,,,,,,,,,,,,,,,,,,,,,,,,,,,,,,,0.05031090513512952,0.03860628684581244,0.2169473121632298,0.2075272073261509,0.18904311763656284,0.2669980623167862
