image_name,group,n_conservees_sans_filtrage,n_valides_conservees_sans_filtrage,n_conservees_rf_related,n_valides_conservees_rf_related
Afranthidium_carduele_F_001.jpg,hymenoptera,26,9,10,9
Afranthidium_carduele_M_001.jpg,hymenoptera,26,8,10,8
Afranthidium_schulthessii_F_001.jpg,hymenoptera,26,10,11,10
Afranthidium_schulthessii_M_001.jpg,hymenoptera,26,7,9,7
Aglaoapis_tridentata_F_002.jpg,hymenoptera,26,10,10,10
Aglaoapis_tridentata_M_002_grey.jpg,hymenoptera,26,10,12,10
Amegilla_albigena_M_001.jpg,hymenoptera,26,8,10,8
Amegilla_canifrons_F_001.jpg,hymenoptera,26,11,10,8
Amegilla_canifrons_M_001.jpg,hymenoptera,26,14,12,10
Amegilla_fasciata_F_002_grey.jpg,hymenoptera,26,8,9,8
Amegilla_fasciata_M_001.jpg,hymenoptera,26,15,17,13
Amegilla_garrula_M_001.jpg,hymenoptera,26,8,10,8
Amegilla_ochroleuca_F_001.jpg,hymenoptera,26,10,8,7
Amegilla_ochroleuca_M_001.jpg,hymenoptera,26,8,11,8
Amegilla_quadrifasciata_F_001.jpg,hymenoptera,26,10,10,8
Amegilla_quadrifasciata_M_001.jpg,hymenoptera,26,8,10,8
Amegilla_salviae_F_001.jpg,hymenoptera,26,11,9,7
Amegilla_savignyi_F_001.jpg,hymenoptera,26,8,9,8
Amegilla_savignyi_M_001.jpg,hymenoptera,26,8,10,8
Ammobates_armeniacus_F_001.jpg,hymenoptera,26,11,11,11
Ammobates_biastoides_F_001.jpg,hymenoptera,26,16,13,12
Ammobates_biastoides_M_001.jpg,hymenoptera,26,14,13,13
Ammobates_dusmeti_F_001.jpg,hymenoptera,26,9,8,8
Ammobates_mavromoustakisi_F_001.jpg,hymenoptera,26,10,11,10
Ammobates_mavromoustakisi_M_001.jpg,hymenoptera,26,12,9,9
Ammobates_muticus_F_001.jpg,hymenoptera,26,15,12,12
Ammobates_muticus_M_001.jpg,hymenoptera,26,24,22,21
Ammobates_opacus_F_001.jpg,hymenoptera,26,13,11,11
Ammobates_oraniensis_F_001.jpg,hymenoptera,26,13,11,11
Ammobates_oraniensis_M_001.jpg,hymenoptera,26,12,9,9
Ammobates_punctatus_F_001.jpg,hymenoptera,26,11,10,9
Ammobates_punctatus_M_001.jpg,hymenoptera,26,14,9,9
Ammobates_rufiventris_F_001.jpg,hymenoptera,26,12,10,9
Ammobates_rufiventris_M_001.jpg,hymenoptera,26,15,11,11
Ammobates_sanguineus_M_001.jpg,hymenoptera,26,12,8,8
Ammobates_similis_F_001.jpg,hymenoptera,26,13,11,11
Ammobates_similis_M_001.jpg,hymenoptera,26,12,10,9
Ammobates_verhoeffi_F_001.jpg,hymenoptera,26,10,8,8
Ammobates_verhoeffi_M_001.jpg,hymenoptera,26,11,8,8
Ammobates_vinctus_F_001.jpg,hymenoptera,26,10,10,8
Ammobates_vinctus_M_001.jpg,hymenoptera,26,11,10,10
Ammobatoides_abdominalis_F_001.jpg,hymenoptera,26,18,17,15
Ammobatoides_abdominalis_M_001.jpg,hymenoptera,26,12,11,10
Ammobatoides_scriptus_F_001.jpg,hymenoptera,26,14,11,9
Ammobatoides_scriptus_M_001.jpg,hymenoptera,26,10,9,8
Ancyla_asiatica_F_001.jpg,hymenoptera,26,12,8,8
Ancyla_asiatica_M_001.jpg,hymenoptera,26,12,9,8
Ancyla_cretensis_M_001.jpg,hymenoptera,26,7,7,7
Ancyla_holtzi_F_001.jpg,hymenoptera,26,13,11,11
Ancyla_holtzi_M_001.jpg,hymenoptera,26,10,9,8
Andrena_abbreviata_F_001.jpg,hymenoptera,26,9,8,8
Andrena_aberrans_F_001.jpg,hymenoptera,26,15,11,11
Andrena_aberrans_M_001.jpg,hymenoptera,26,12,9,9
Andrena_abjecta_M_001.jpg,hymenoptera,26,9,8,8
Andrena_abrupta_F_001.jpg,hymenoptera,26,15,14,13
Andrena_abrupta_M_001.jpg,hymenoptera,26,18,15,15
Andrena_acerba_F_001.jpg,hymenoptera,26,9,9,9
Andrena_acerba_M_001.jpg,hymenoptera,26,9,7,7
Andrena_aciculata_F_001.jpg,hymenoptera,26,16,18,16
Andrena_aciculata_M_001.jpg,hymenoptera,26,8,8,8
Andrena_acuta_F_001.jpg,hymenoptera,26,10,8,7
Andrena_acuta_M_001.jpg,hymenoptera,26,8,8,8
Andrena_aegyptiaca_cannabina_F_001.jpg,hymenoptera,26,16,12,12
Andrena_aegyptiaca_cannabina_M_001.jpg,hymenoptera,26,17,16,14
Andrena_aegypticola_F_001.jpg,hymenoptera,26,13,11,11
Andrena_aeneiventris_F_001.jpg,hymenoptera,26,17,12,11
Andrena_aeneiventris_M_001.jpg,hymenoptera,26,18,18,18
Andrena_aerinifrons_F_001.jpg,hymenoptera,26,10,10,10
Andrena_afrensis_F_001.jpg,hymenoptera,26,6,9,6
Andrena_afrensis_M_001.jpg,hymenoptera,26,10,10,9
Andrena_afzeliella_F_001.jpg,hymenoptera,26,10,9,9
Andrena_afzeliella_M_001.jpg,hymenoptera,26,16,12,12
Andrena_agilissima_F_001.jpg,hymenoptera,26,8,9,8
Andrena_agilissima_M_001.jpg,hymenoptera,26,7,7,7
Andrena_albopunctata_F_001.jpg,hymenoptera,26,14,17,14
Andrena_benoisti_M_001.jpg,hymenoptera,26,20,20,18
Andrena_bicolor_M_001.jpg,hymenoptera,26,16,12,12
Andrena_bicolorata_F_001.jpg,hymenoptera,26,12,9,9
Andrena_biguttata_F_001.jpg,hymenoptera,26,14,14,14
Andrena_biguttata_M_001.jpg,hymenoptera,26,11,10,10
Andrena_binominata_M_001.jpg,hymenoptera,26,23,21,21
Andrena_bisulcata_F_001.jpg,hymenoptera,26,13,12,11
Andrena_bisulcata_M_001.jpg,hymenoptera,26,14,15,14
Andrena_blanda_F_001.jpg,hymenoptera,26,13,12,12
Andrena_blanda_M_001.jpg,hymenoptera,26,11,9,9
Andrena_boyerella_F_001.jpg,hymenoptera,26,18,17,17
Andrena_boyerella_M_001.jpg,hymenoptera,26,12,11,9
Andrena_braunsiana_M_001.jpg,hymenoptera,26,13,12,12
Andrena_brumanensis_F_001.jpg,hymenoptera,26,13,12,12
Andrena_brumanensis_M_001.jpg,hymenoptera,26,16,16,16
Anthidiellum_breviusculum_F_001.jpg,hymenoptera,26,7,7,7
Anthidiellum_breviusculum_M_001.jpg,hymenoptera,26,13,12,12
Anthidiellum_strigatum_F_001.jpg,hymenoptera,26,8,7,7
Anthidiellum_strigatum_M_001.jpg,hymenoptera,26,12,10,10
Anthidiellum_troodicum_F_001.jpg,hymenoptera,26,8,8,8
Anthidiellum_troodicum_M_001.jpg,hymenoptera,26,17,14,14
Anthidium_caspicum_F_001.jpg,hymenoptera,26,14,15,14
Anthidium_caspicum_M_001.jpg,hymenoptera,26,18,18,18
Anthidium_cingulatum_F__001.jpg,hymenoptera,26,9,11,9
Anthidium_cingulatum_M_001.jpg,hymenoptera,26,10,10,10
Anthidium_dalmaticum_F_001.jpg,hymenoptera,26,23,17,17
Anthidium_diadema_F_001.jpg,hymenoptera,26,11,11,11
Anthidium_diadema_M_001.jpg,hymenoptera,26,12,10,10
Anthidium_florentinum_F_001.jpg,hymenoptera,26,13,14,12
Anthidium_florentinum_M_001.jpg,hymenoptera,26,9,11,8
Anthidium_loti_F_001.jpg,hymenoptera,26,11,10,10
Anthidium_loti_M_001.jpg,hymenoptera,26,13,13,13
Anthidium_manicatum_F_001.jpg,hymenoptera,26,10,9,8
Anthidium_manicatum_M_001.jpg,hymenoptera,26,9,8,8
Anthidium_melanopygum_F_001.jpg,hymenoptera,26,9,9,9
Anthidium_melanopygum_M_001.jpg,hymenoptera,26,16,12,12
Anthidium_montanum_F_001.jpg,hymenoptera,26,8,7,7
Anthidium_montanum_M_001.jpg,hymenoptera,26,12,11,11
Anthidium_oblongatum_F_001.jpg,hymenoptera,26,12,12,12
Anthidium_punctatum_F_001.jpg,hymenoptera,26,6,9,6
Anthidium_punctatum_M_001.jpg,hymenoptera,26,10,9,8
Anthidium_septemspinosum_F_001.jpg,hymenoptera,26,15,13,11
Anthidium_septemspinosum_M_001.jpg,hymenoptera,26,9,9,9
Anthidium_taeniatum_F_001.jpg,hymenoptera,26,7,7,7
Anthidium_taeniatum_M_001.jpg,hymenoptera,26,10,9,9
Anthidium_undulatum_F_001.jpg,hymenoptera,26,10,10,10
Anthidium_wuestneii_F_001.jpg,hymenoptera,26,10,9,9
Anthidium_wuestneii_M_001.jpg,hymenoptera,26,8,8,8
Ceylalictus_variegatus_F_001.jpg,hymenoptera,26,7,9,7
Ceylalictus_variegatus_M_001.jpg,hymenoptera,26,18,14,14
Chelostoma_aegaeicum_F_001.jpg,hymenoptera,26,9,9,9
Chelostoma_campanularum_M_001.jpg,hymenoptera,26,12,10,9
Chelostoma_comosum_F_001.jpg,hymenoptera,26,11,12,11
Chelostoma_comosum_M_001.jpg,hymenoptera,26,11,11,11
Chelostoma_distinctum_F_001.jpg,hymenoptera,26,16,14,14
Chelostoma_distinctum_M_001.jpg,hymenoptera,26,10,10,10
Chelostoma_edentulum_F_001.jpg,hymenoptera,26,11,10,10
Chelostoma_edentulum_M_001.jpg,hymenoptera,26,10,11,10
Chelostoma_emarginatum_M_001.jpg,hymenoptera,26,14,10,10
Colletes_abeillei_F_001.jpg,hymenoptera,26,11,12,10
Colletes_abeillei_M_001.jpg,hymenoptera,26,15,14,14
Colletes_acutiformis_F_001.jpg,hymenoptera,26,8,8,8
Colletes_acutiformis_M_001.jpg,hymenoptera,26,11,8,8
Colletes_acutus_F_001.jpg,hymenoptera,26,10,13,9
Colletes_acutus_M_001.jpg,hymenoptera,26,12,12,12
Colletes_albomaculatus_F_001.jpg,hymenoptera,26,14,14,14
Colletes_albomaculatus_M_001.jpg,hymenoptera,26,14,14,14
Colletes_anceps_F_001.jpg,hymenoptera,26,13,9,9
Colletes_anceps_M_001.jpg,hymenoptera,26,12,10,10
Colletes_anchusae_F_001.jpg,hymenoptera,26,14,10,10
Colletes_anchusae_M_001.jpg,hymenoptera,26,7,7,7
Dasypoda_cingulata_M_001.jpg,hymenoptera,26,9,9,9
Dasypoda_crassicornis_F_001.jpg,hymenoptera,26,22,18,18
Dasypoda_crassicornis_M_001.jpg,hymenoptera,26,10,11,10
Dasypoda_dusmeti_F_001.jpg,hymenoptera,26,22,16,16
Dasypoda_dusmeti_M_001.jpg,hymenoptera,26,13,8,7
Dasypoda_frieseana_F_001.jpg,hymenoptera,26,16,19,16
Dasypoda_frieseana_M_001.jpg,hymenoptera,26,14,13,13
Dasypoda_hirtipes_F_001.jpg,hymenoptera,26,19,18,15
Dasypoda_hirtipes_M_001.jpg,hymenoptera,26,12,12,12
Dasypoda_iberica_F_001.jpg,hymenoptera,26,22,19,19
Dasypoda_iberica_M_001.jpg,hymenoptera,26,17,14,13
Dasypoda_michezi_F_001.jpg,hymenoptera,26,15,16,12
Dasypoda_michezi_M_001.jpg,hymenoptera,26,13,15,12
Dasypoda_morawitzi_F_001.jpg,hymenoptera,26,10,7,7
Dasypoda_morawitzi_M_001.jpg,hymenoptera,26,11,8,8
Dasypoda_morotei_F_001.jpg,hymenoptera,26,24,24,22
Dasypoda_morotei_M_001.jpg,hymenoptera,26,12,10,10
Dasypoda_panzeri_F_001.jpg,hymenoptera,26,10,10,10
Dasypoda_panzeri_M_001.jpg,hymenoptera,26,18,19,16
Dasypoda_pyriformis_F_001.jpg,hymenoptera,26,12,12,12
Dasypoda_pyriformis_M_001.jpg,hymenoptera,26,10,9,9
Dasypoda_pyrotrichia_F_001.jpg,hymenoptera,26,10,10,10
Dasypoda_pyrotrichia_M_001.jpg,hymenoptera,26,18,18,16
Dasypoda_spinigera_F_001.jpg,hymenoptera,26,21,20,19
Dasypoda_spinigera_M_001.jpg,hymenoptera,26,14,14,10
Dasypoda_suripes_F_001.jpg,hymenoptera,26,12,12,10
Dasypoda_suripes_M_001.jpg,hymenoptera,26,16,11,11
Dasypoda_toroki_F_001.jpg,hymenoptera,26,14,15,13
Dasypoda_toroki_M_001.jpg,hymenoptera,26,10,10,7
Dasypoda_visnaga_F_001.jpg,hymenoptera,26,22,17,17
Dasypoda_visnaga_M_001.jpg,hymenoptera,26,17,14,14
Dufourea_alpina_F_001.jpg,hymenoptera,26,8,9,8
Dufourea_alpina_M_001.jpg,hymenoptera,26,22,19,18
Dufourea_cypria_F_001.jpg,hymenoptera,26,14,14,13
Dufourea_cypria_M_001.jpg,hymenoptera,26,7,9,6
Dufourea_gaullei_F_001.jpg,hymenoptera,26,14,12,12
Dufourea_gaullei_M_001.jpg,hymenoptera,26,8,11,8
Dufourea_graeca_F_001.jpg,hymenoptera,26,12,13,12
Dufourea_inermis_F_001.jpg,hymenoptera,26,10,11,7
Dufourea_iris_F_001.jpg,hymenoptera,26,10,10,10
Dufourea_longiglossa_F_001.jpg,hymenoptera,26,10,9,8
Dufourea_longiglossa_M_001.jpg,hymenoptera,26,12,11,11
Dufourea_merceti_M_001.jpg,hymenoptera,26,13,12,12
Dufourea_paradoxa_F_001.jpg,hymenoptera,26,11,12,11
Dufourea_paradoxa_M_001.jpg,hymenoptera,26,8,13,8
Dufourea_similis_F_001.jpg,hymenoptera,26,14,10,10
Dufourea_similis_M_001.jpg,hymenoptera,26,10,10,10
Dufourea_styx_F_001.jpg,hymenoptera,26,14,13,13
Dufourea_styx_m_001.jpg,hymenoptera,26,12,11,11
Dufourea_trautmanni_F_001.jpg,hymenoptera,26,16,14,14
Dufourea_trautmanni_M_001.jpg,hymenoptera,26,22,21,19
Dufourea_wolfi_F_001.jpg,hymenoptera,26,8,8,8
Dufourea_wolfi_M_001.jpg,hymenoptera,26,7,6,6
EA1.0HJ.jpg,lepidoptera,26,18,18,18
EA1.0IU.jpg,lepidoptera,26,17,17,17
EA1.0OZ.jpg,lepidoptera,26,17,18,17
EA1.0P3.jpg,lepidoptera,26,18,18,18
EA1.0PX.jpg,lepidoptera,26,14,18,14
EA1.0VD.jpg,lepidoptera,26,16,16,15
EA1.0VZ.jpg,lepidoptera,26,16,16,16
EA1.0WH.jpg,lepidoptera,26,18,16,16
EA1.0WV.jpg,lepidoptera,26,16,16,15
EA1.0Y5.jpg,lepidoptera,26,16,16,16
EA1.114.jpg,lepidoptera,26,15,16,14
EA1.12N.jpg,lepidoptera,26,15,15,15
EA1.16A.jpg,lepidoptera,26,16,15,14
EA1.16W.jpg,lepidoptera,26,16,16,16
EA1.182.jpg,lepidoptera,26,18,16,16
EA1.19C.jpg,lepidoptera,26,16,16,16
EA1.19G.jpg,lepidoptera,26,15,15,15
EA1.1DF.jpg,lepidoptera,26,16,16,16
EA1.1F2.jpg,lepidoptera,26,16,16,16
EA1.1G5.jpg,lepidoptera,26,18,16,16
EA1.1HC.jpg,lepidoptera,26,14,14,14
EA1.1M4.jpg,lepidoptera,26,14,14,14
EA1.1MM.jpg,lepidoptera,26,17,16,16
EA1.1N2.jpg,lepidoptera,26,16,15,15
EA1.1N4.jpg,lepidoptera,26,17,15,15
EA1.1QS.jpg,lepidoptera,26,18,18,18
EA1.1RG.jpg,lepidoptera,26,18,18,18
EA1.1RV.jpg,lepidoptera,26,18,18,18
EA1.1SX.jpg,lepidoptera,26,18,17,17
EA1.1UK.jpg,lepidoptera,26,18,17,17
EA1.1VZ.jpg,lepidoptera,26,18,17,17
EA1.1YX.jpg,lepidoptera,26,15,15,15
EA1.1ZW.jpg,lepidoptera,26,12,12,12
EA1.20T.jpg,lepidoptera,26,15,15,15
EA1.268.jpg,lepidoptera,26,16,18,16
EA1.2GR.jpg,lepidoptera,26,16,18,16
EA1.2KI.jpg,lepidoptera,26,18,18,18
EA1.2KP.jpg,lepidoptera,26,18,18,18
EA1.2LG.jpg,lepidoptera,26,18,18,18
EA1.2PS.jpg,lepidoptera,26,16,15,15
EA1.2QT.jpg,lepidoptera,26,16,16,16
EA1.2WK.jpg,lepidoptera,26,18,18,18
EA1.2ZQ.jpg,lepidoptera,26,18,14,14
EA1.30P.jpg,lepidoptera,26,14,15,14
EA1.31I.jpg,lepidoptera,26,16,16,16
EA1.329.jpg,lepidoptera,26,14,14,14
EA2.05J.jpg,lepidoptera,26,13,14,13
EA2.0D7.jpg,lepidoptera,26,18,18,18
EA2.0E7.jpg,lepidoptera,26,16,15,15
EA3.0JH.jpg,lepidoptera,26,16,17,16
EA3.0MX.jpg,lepidoptera,26,18,17,17
EA3.10Q.jpg,lepidoptera,26,17,14,14
EA3.121.jpg,lepidoptera,26,18,16,16
EA3.12P.jpg,lepidoptera,26,15,15,15
EA3.17D.jpg,lepidoptera,26,16,17,16
EA3.18P.jpg,lepidoptera,26,18,17,17
EA3.19W.jpg,lepidoptera,26,18,17,17
EA3.1A3.jpg,lepidoptera,26,15,15,15
EA3.1AJ.jpg,lepidoptera,26,17,15,15
EA3.1DZ.jpg,lepidoptera,26,18,16,16
EA3.1GU.jpg,lepidoptera,26,18,18,18
EA3.1GZ.jpg,lepidoptera,26,14,14,14
EA3.1JI.jpg,lepidoptera,26,14,14,14
EA3.1LS.jpg,lepidoptera,26,14,14,14
EA3.1LT.jpg,lepidoptera,26,15,15,15
EA4.07U.jpg,lepidoptera,26,16,14,14
EA4.0CA.jpg,lepidoptera,26,18,18,18
EA4.0CJ.jpg,lepidoptera,26,18,18,18
EA4.0DA.jpg,lepidoptera,26,19,17,17
EA4.0F0.jpg,lepidoptera,26,20,17,17
EA4.0F5.jpg,lepidoptera,26,18,18,18
EA4.0L2.jpg,lepidoptera,26,18,16,16
EA4.0L7.jpg,lepidoptera,26,18,16,16
EA4.0LU.jpg,lepidoptera,26,18,16,16
EA4.0M9.jpg,lepidoptera,26,15,14,14
EA4.0N6.jpg,lepidoptera,26,17,16,16
EA4.0O9.jpg,lepidoptera,26,14,14,14
EA4.0OC.jpg,lepidoptera,26,14,14,14
EA4.0QF.jpg,lepidoptera,26,14,16,14
EA4.0TH.jpg,lepidoptera,26,15,17,15
EA4.0VD.jpg,lepidoptera,26,20,16,16
EA4.0W7.jpg,lepidoptera,26,18,16,16
EA4.0Y9.jpg,lepidoptera,26,18,16,16
EA4.0ZL.jpg,lepidoptera,26,14,14,14
EA4.11V.jpg,lepidoptera,26,14,14,14
EA4.120.jpg,lepidoptera,26,14,14,14
EA4.13V.jpg,lepidoptera,26,13,13,13
EA4.15F.jpg,lepidoptera,26,13,13,13
EA4.166.jpg,lepidoptera,26,18,18,18
EA4.18T.jpg,lepidoptera,26,14,15,14
EA4.1AI.jpg,lepidoptera,26,16,17,16
EA4.1BG.jpg,lepidoptera,26,14,16,14
EA4.1EZ.jpg,lepidoptera,26,12,12,12
EA4.1FW.jpg,lepidoptera,26,14,14,14
EA4.1GA.jpg,lepidoptera,26,14,14,14
EA4.1GB.jpg,lepidoptera,26,13,13,13
EA4.1GW.jpg,lepidoptera,26,14,14,14
EA4.1IS.jpg,lepidoptera,26,14,14,14
EA4.1J2.jpg,lepidoptera,26,14,14,14
EA4.1KP.jpg,lepidoptera,26,12,12,12
EA4.1RB.jpg,lepidoptera,26,13,13,13
EA4.1SR.jpg,lepidoptera,26,16,17,16
EA4.1U3.jpg,lepidoptera,26,14,16,14
EA4.20P.jpg,lepidoptera,26,18,18,18
EA5.0ER.jpg,lepidoptera,26,16,17,16
EA5.0F6.jpg,lepidoptera,26,18,16,16
EA5.0FY.jpg,lepidoptera,26,18,17,17
EA5.0MQ.jpg,lepidoptera,26,18,18,18
EA5.0PL.jpg,lepidoptera,26,17,17,17
EA5.0QC.jpg,lepidoptera,26,17,17,17
EA5.0QT.jpg,lepidoptera,26,18,17,17
EA5.0RP.jpg,lepidoptera,26,17,17,17
EA5.0XF.jpg,lepidoptera,26,18,16,16
EA5.104.jpg,lepidoptera,26,16,17,16
EA5.15N.jpg,lepidoptera,26,18,17,17
EA5.160.jpg,lepidoptera,26,18,18,18
EA5.18Y.jpg,lepidoptera,26,18,17,17
EA5.1GR.jpg,lepidoptera,26,16,17,16
EA5.22U.jpg,lepidoptera,26,18,18,18
EA5.23Q.jpg,lepidoptera,26,18,18,18
EA5.24A.jpg,lepidoptera,26,18,18,18
EA6.0DN.jpg,lepidoptera,26,17,17,17
EA6.0EB.jpg,lepidoptera,26,18,18,18
EA6.0G4.jpg,lepidoptera,26,18,17,17
EA6.0G5.jpg,lepidoptera,26,18,17,17
EA6.0HB.jpg,lepidoptera,26,17,17,17
EA6.0QJ.jpg,lepidoptera,26,16,18,16
EA6.0QS.jpg,lepidoptera,26,15,15,15
EA6.0Z1.jpg,lepidoptera,26,15,14,14
EA6.0ZT.jpg,lepidoptera,26,15,15,15
EA6.119.jpg,lepidoptera,26,16,17,16
EA6.12M.jpg,lepidoptera,26,15,15,15
EA6.12T.jpg,lepidoptera,26,15,15,15
EA6.135.jpg,lepidoptera,26,16,16,16
EA6.141.jpg,lepidoptera,26,18,17,17
EA6.17V.jpg,lepidoptera,26,16,18,16
EA6.182.jpg,lepidoptera,26,14,16,14
EA6.18M.jpg,lepidoptera,26,18,17,17
EA6.1IG.jpg,lepidoptera,26,18,18,18
EA6.1LM.jpg,lepidoptera,26,18,18,18
EA6.1PR.jpg,lepidoptera,26,18,17,17
EA6.1QM.jpg,lepidoptera,26,18,18,18
EA6.1RE.jpg,lepidoptera,26,14,14,14
EA6.1S0.jpg,lepidoptera,26,18,18,18
EA6.1SK.jpg,lepidoptera,26,21,16,16
EA7.0I2.jpg,lepidoptera,26,22,18,18
EA7.0IJ.jpg,lepidoptera,26,18,17,17
EA7.0N3.jpg,lepidoptera,26,18,18,18
EA7.0VF.jpg,lepidoptera,26,16,16,16
EA7.0VN.jpg,lepidoptera,26,14,14,14
EA7.0Z9.jpg,lepidoptera,26,19,15,15
EA7.112.jpg,lepidoptera,26,15,15,15
EA7.122.jpg,lepidoptera,26,15,16,15
EA7.14S.jpg,lepidoptera,26,16,17,16
EA7.16G.jpg,lepidoptera,26,16,16,16
EA7.16H.jpg,lepidoptera,26,16,17,16
EA7.16O.jpg,lepidoptera,26,18,16,16
EA7.19X.jpg,lepidoptera,26,20,16,16
EA7.1A9.jpg,lepidoptera,26,18,16,16
EA7.1C2.jpg,lepidoptera,26,15,15,15
EA7.1G8.jpg,lepidoptera,26,15,15,15
EA7.1KT.jpg,lepidoptera,26,18,18,18
EA7.1OF.jpg,lepidoptera,26,16,15,15
EA7.1OI.jpg,lepidoptera,26,16,17,16
EA7.1OR.jpg,lepidoptera,26,15,15,15
EA7.1W5.jpg,lepidoptera,26,15,17,15
EA7.1WK.jpg,lepidoptera,26,18,18,18
EA7.1XA.jpg,lepidoptera,26,18,18,18
EA7.203.jpg,lepidoptera,26,15,17,15
EA7.22N.jpg,lepidoptera,26,18,18,18
EA7.23G.jpg,lepidoptera,26,16,16,16
EA7.25Z.jpg,lepidoptera,26,17,17,17
EA7.26E.jpg,lepidoptera,26,18,18,18
EA7.286.jpg,lepidoptera,26,15,18,15
EA7.28A.jpg,lepidoptera,26,15,17,15
EA7.28P.jpg,lepidoptera,26,17,16,16
EA7.29W.jpg,lepidoptera,26,18,18,18
EA8.0UP.jpg,lepidoptera,26,15,15,15
EA8.0WW.jpg,lepidoptera,26,17,15,15
EA8.0Y3.jpg,lepidoptera,26,18,16,16
EA8.0Y7.jpg,lepidoptera,26,17,15,15
EA8.123.jpg,lepidoptera,26,17,15,15
EA8.16U.jpg,lepidoptera,26,16,16,16
EA8.181.jpg,lepidoptera,26,18,16,16
EA8.198.jpg,lepidoptera,26,16,18,16
EA8.1AC.jpg,lepidoptera,26,18,17,17
EA8.1B9.jpg,lepidoptera,26,14,14,14
EA8.1BL.jpg,lepidoptera,26,13,13,13
EA8.1EY.jpg,lepidoptera,26,18,17,17
EA8.1ID.jpg,lepidoptera,26,14,14,14
EA8.1IZ.jpg,lepidoptera,26,16,16,16
EA8.1KO.jpg,lepidoptera,26,14,15,14
EA8.1MA.jpg,lepidoptera,26,16,18,16
EA8.1MC.jpg,lepidoptera,26,15,16,15
EA8.1MX.jpg,lepidoptera,26,14,15,14
EA8.1NZ.jpg,lepidoptera,26,15,17,15
EA8.1OA.jpg,lepidoptera,26,15,18,15
EA8.1U1.jpg,lepidoptera,26,15,16,15
EA8.1W8.jpg,lepidoptera,26,15,17,15
EA8.24T.jpg,lepidoptera,26,17,17,17
EA8.27O.jpg,lepidoptera,26,15,15,15
EA8.289.jpg,lepidoptera,26,10,10,10
EB1.00W.jpg,lepidoptera,26,18,17,17
EB1.02V.jpg,lepidoptera,26,18,17,17
EB1.043.jpg,lepidoptera,26,15,18,15
EB1.04F.jpg,lepidoptera,26,16,17,16
EB1.04X.jpg,lepidoptera,26,18,18,18
EB1.050.jpg,lepidoptera,26,17,16,16
EB1.07Q.jpg,lepidoptera,26,18,18,18
EB1.0CF.jpg,lepidoptera,26,18,18,18
EB1.0FL.jpg,lepidoptera,26,14,13,13
EB1.0H8.jpg,lepidoptera,26,18,18,18
EB1.0I3.jpg,lepidoptera,26,15,15,15
EB1.0JU.jpg,lepidoptera,26,12,12,12
EB1.0KU.jpg,lepidoptera,26,17,17,17
EB1.0NV.jpg,lepidoptera,26,14,15,14
EB1.0P0.jpg,lepidoptera,26,14,14,14
EB1.0VI.jpg,lepidoptera,26,15,15,15
EB6.000.jpg,coleoptera,26,18,18,18
EB6.001.jpg,coleoptera,26,18,18,18
EB6.004.jpg,coleoptera,26,11,11,11
EB6.006.jpg,coleoptera,26,11,11,11
EB6.007.jpg,coleoptera,26,11,11,11
EB6.00A.jpg,coleoptera,26,11,11,11
EB6.00C.jpg,coleoptera,26,11,11,11
EB6.00E.jpg,coleoptera,26,11,11,11
EB6.00F.jpg,coleoptera,26,11,11,11
EB6.00G.jpg,coleoptera,26,11,11,11
EB6.00H.jpg,coleoptera,26,11,11,11
EB6.00J.jpg,coleoptera,26,11,11,11
EB6.00K.jpg,coleoptera,26,11,11,11
EB6.00L.jpg,coleoptera,26,11,11,11
EB6.00M.jpg,coleoptera,26,11,11,11
EB6.00N.jpg,coleoptera,26,11,11,11
EB6.00P.jpg,coleoptera,26,11,11,11
EB6.00Q.jpg,coleoptera,26,11,11,11
EB6.00S.jpg,coleoptera,26,11,11,11
EB6.00T.jpg,coleoptera,26,9,9,9
EB6.00V.jpg,coleoptera,26,11,11,11
EB6.00X.jpg,coleoptera,26,10,9,9
EB6.010.jpg,coleoptera,26,9,9,9
EB6.013.jpg,coleoptera,26,11,11,11
EB6.016.jpg,coleoptera,26,12,11,11
EB6.018.jpg,coleoptera,26,11,11,11
EB6.019.jpg,coleoptera,26,12,11,11
EB6.01C.jpg,coleoptera,26,11,11,11
EB6.01E.jpg,coleoptera,26,11,11,11
EB6.01F.jpg,coleoptera,26,11,11,11
EB6.01G.jpg,coleoptera,26,11,11,11
EB6.01H.jpg,coleoptera,26,11,11,11
EB6.01I.jpg,coleoptera,26,11,11,11
EB6.01J.jpg,coleoptera,26,10,10,10
EB6.01L.jpg,coleoptera,26,11,11,11
EB6.01M.jpg,coleoptera,26,11,11,11
EB6.01O.jpg,coleoptera,26,11,11,11
EB6.01R.jpg,coleoptera,26,11,11,11
EB6.01S.jpg,coleoptera,26,11,11,11
EB6.01T.jpg,coleoptera,26,11,11,11
EB6.01V.jpg,coleoptera,26,11,11,11
EB6.01Z.jpg,coleoptera,26,11,11,11
EB6.020.jpg,coleoptera,26,11,11,11
EB6.021.jpg,coleoptera,26,11,11,11
EB6.024.jpg,coleoptera,26,11,11,11
EB6.025.jpg,coleoptera,26,11,11,11
EB6.027.jpg,coleoptera,26,9,9,9
EB6.028.jpg,coleoptera,26,10,10,10
EB6.02A.jpg,coleoptera,26,10,10,10
EB6.02E.jpg,coleoptera,26,11,11,11
EB6.02F.jpg,coleoptera,26,11,11,11
EB6.02I.jpg,coleoptera,26,11,11,11
EB6.02J.jpg,coleoptera,26,8,8,8
EB6.02O.jpg,coleoptera,26,11,11,11
EB6.02P.jpg,coleoptera,26,11,11,11
EB6.02Q.jpg,coleoptera,26,8,7,7
EB6.02R.jpg,coleoptera,26,12,11,11
EB6.02T.jpg,coleoptera,26,11,11,11
EB6.02U.jpg,coleoptera,26,11,11,11
EB6.02W.jpg,coleoptera,26,11,11,11
EB6.02X.jpg,coleoptera,26,11,11,11
EB6.02Y.jpg,coleoptera,26,11,11,11
EB6.02Z.jpg,coleoptera,26,11,11,11
EB6.030.jpg,coleoptera,26,8,8,8
EB6.031.jpg,coleoptera,26,10,10,10
EB6.032.jpg,coleoptera,26,8,8,8
EB6.033.jpg,coleoptera,26,8,8,8
EB6.034.jpg,coleoptera,26,11,11,11
EB6.036.jpg,coleoptera,26,11,11,11
EB6.037.jpg,coleoptera,26,8,8,8
EB6.038.jpg,coleoptera,26,8,9,8
EB6.039.jpg,coleoptera,26,9,9,9
EB6.03A.jpg,coleoptera,26,11,11,11
EB6.03B.jpg,coleoptera,26,11,11,11
EB6.03D.jpg,coleoptera,26,11,11,11
EB6.03G.jpg,coleoptera,26,10,10,10
EB6.03H.jpg,coleoptera,26,7,7,7
EB6.03J.jpg,coleoptera,26,9,9,9
EB6.03K.jpg,coleoptera,26,9,9,9
EB6.03L.jpg,coleoptera,26,8,8,8
EB6.03O.jpg,coleoptera,26,8,8,8
EB6.03P.jpg,coleoptera,26,10,10,10
EB6.03Q.jpg,coleoptera,26,8,8,8
EB6.03R.jpg,coleoptera,26,8,8,8
EB6.03S.jpg,coleoptera,26,7,7,7
EB6.03T.jpg,coleoptera,26,10,10,10
EB6.03U.jpg,coleoptera,26,9,9,9
EB6.03W.jpg,coleoptera,26,10,10,10
EB6.03X.jpg,coleoptera,26,9,9,9
EB6.03Y.jpg,coleoptera,26,7,7,7
EB6.03Z.jpg,coleoptera,26,8,8,8
EB6.041.jpg,coleoptera,26,7,7,7
EB6.042.jpg,coleoptera,26,8,8,8
EB6.045.jpg,coleoptera,26,8,8,8
EB6.049.jpg,coleoptera,26,8,8,8
EB6.04D.jpg,coleoptera,26,9,9,9
EB6.04G.jpg,coleoptera,26,11,11,11
EB6.04H.jpg,coleoptera,26,11,11,11
EB6.04K.jpg,coleoptera,26,11,11,11
EB6.04L.jpg,coleoptera,26,10,10,10
EB6.04P.jpg,coleoptera,26,10,10,10
EB6.04Q.jpg,coleoptera,26,11,11,11
EB6.04U.jpg,coleoptera,26,11,11,11
EB6.04V.jpg,coleoptera,26,11,11,11
EB6.04X.jpg,coleoptera,26,11,11,11
EB6.051.jpg,coleoptera,26,11,11,11
EB6.053.jpg,coleoptera,26,9,9,9
EB6.054.jpg,coleoptera,26,11,11,11
EB6.056.jpg,coleoptera,26,8,8,8
EB6.057.jpg,coleoptera,26,9,9,9
EB6.059.jpg,coleoptera,26,10,10,10
EB6.05D.jpg,coleoptera,26,11,11,11
EB6.05F.jpg,coleoptera,26,9,9,9
EB6.05I.jpg,coleoptera,26,11,11,11
EB6.05K.jpg,coleoptera,26,10,10,10
EB6.05M.jpg,coleoptera,26,18,17,17
EB6.05O.jpg,coleoptera,26,18,18,18
EB6.05P.jpg,coleoptera,26,18,18,18
EB6.05R.jpg,coleoptera,26,18,18,18
EB6.05S.jpg,coleoptera,26,18,18,18
EB6.05T.jpg,coleoptera,26,17,17,17
EB6.05U.jpg,coleoptera,26,18,18,18
EB6.05W.jpg,coleoptera,26,18,18,18
EB6.05Y.jpg,coleoptera,26,18,18,18
EB6.060.jpg,coleoptera,26,10,10,10
EB6.061.jpg,coleoptera,26,10,10,10
EB6.062.jpg,coleoptera,26,11,11,11
EB6.065.jpg,coleoptera,26,10,10,10
EB6.068.jpg,coleoptera,26,8,9,8
EB6.069.jpg,coleoptera,26,11,11,11
EB6.06B.jpg,coleoptera,26,11,11,11
EB6.06C.jpg,coleoptera,26,11,11,11
EB6.06D.jpg,coleoptera,26,11,11,11
EB6.06E.jpg,coleoptera,26,10,10,10
EB6.06G.jpg,coleoptera,26,11,11,11
EB6.06J.jpg,coleoptera,26,11,11,11
EB6.06L.jpg,coleoptera,26,11,11,11
EB6.06M.jpg,coleoptera,26,9,9,9
EB6.06N.jpg,coleoptera,26,11,11,11
EB6.06O.jpg,coleoptera,26,11,11,11
EB6.06P.jpg,coleoptera,26,11,11,11
EB6.06S.jpg,coleoptera,26,11,11,11
EB6.06U.jpg,coleoptera,26,9,11,9
EB6.06Z.jpg,coleoptera,26,11,11,11
EB6.071.jpg,coleoptera,26,10,11,10
EB6.073.jpg,coleoptera,26,9,9,9
EB6.074.jpg,coleoptera,26,11,11,11
EB6.076.jpg,coleoptera,26,11,11,11
EB6.078.jpg,coleoptera,26,9,9,9
EB6.079.jpg,coleoptera,26,8,8,8
EB6.07C.jpg,coleoptera,26,11,11,11
EB6.07K.jpg,coleoptera,26,11,11,11
EB6.07M.jpg,coleoptera,26,11,11,11
EB6.07N.jpg,coleoptera,26,9,9,9
EB6.07O.jpg,coleoptera,26,10,10,10
EB6.07S.jpg,coleoptera,26,11,11,11
EB6.07U.jpg,coleoptera,26,10,10,10
EB6.07W.jpg,coleoptera,26,10,10,10
EB6.07Y.jpg,coleoptera,26,11,11,11
EB6.07Z.jpg,coleoptera,26,9,9,9
EB6.080.jpg,coleoptera,26,11,11,11
EB6.083.jpg,coleoptera,26,11,11,11
EB6.084.jpg,coleoptera,26,11,11,11
EB6.086.jpg,coleoptera,26,9,9,9
EB6.087.jpg,coleoptera,26,10,10,10
EB6.089.jpg,coleoptera,26,10,10,10
EB6.08B.jpg,coleoptera,26,11,11,11
EB6.08D.jpg,coleoptera,26,9,9,9
EB6.08F.jpg,coleoptera,26,9,9,9
EB6.08G.jpg,coleoptera,26,10,10,10
EB6.08H.jpg,coleoptera,26,11,11,11
EB6.08I.jpg,coleoptera,26,11,11,11
EB6.08K.jpg,coleoptera,26,18,18,18
EB6.08L.jpg,coleoptera,26,18,18,18
EB6.08M.jpg,coleoptera,26,18,13,13
EB6.08N.jpg,coleoptera,26,18,18,18
EB6.08O.jpg,coleoptera,26,18,18,18
EB6.08S.jpg,coleoptera,26,18,18,18
EB6.08T.jpg,coleoptera,26,18,18,18
EB6.08U.jpg,coleoptera,26,18,18,18
EB6.08X.jpg,coleoptera,26,18,18,18
EB6.08Y.jpg,coleoptera,26,18,18,18
EB6.090.jpg,coleoptera,26,18,18,18
EB6.091.jpg,coleoptera,26,18,18,18
EB6.092.jpg,coleoptera,26,17,18,17
EB6.094.jpg,coleoptera,26,18,18,18
EB6.095.jpg,coleoptera,26,18,18,18
EB6.096.jpg,coleoptera,26,18,18,18
EB6.098.jpg,coleoptera,26,18,18,18
EB6.09A.jpg,coleoptera,26,18,17,17
EB6.09C.jpg,coleoptera,26,18,18,18
EB6.09D.jpg,coleoptera,26,18,18,18
EB6.09E.jpg,coleoptera,26,18,18,18
EB6.09G.jpg,coleoptera,26,18,18,18
EB6.09H.jpg,coleoptera,26,18,18,18
EB6.09J.jpg,coleoptera,26,18,18,18
EB6.09L.jpg,coleoptera,26,18,18,18
EB6.09M.jpg,coleoptera,26,18,18,18
EB6.09N.jpg,coleoptera,26,18,18,18
EB6.09O.jpg,coleoptera,26,17,17,17
EB6.09R.jpg,coleoptera,26,18,18,18
EB6.0NH.jpg,coleoptera,26,18,18,18
EB6.0NI.jpg,coleoptera,26,18,18,18
EB6.0NJ.jpg,coleoptera,26,16,16,16
EB6.0NL.jpg,coleoptera,26,15,15,15
EB6.0NO.jpg,coleoptera,26,16,16,16
EB6.0NQ.jpg,coleoptera,26,15,15,15
EB6.0NT.jpg,coleoptera,26,16,16,16
EB6.0NU.jpg,coleoptera,26,12,16,12
EB6.0NV.jpg,coleoptera,26,16,16,16
EB6.0NW.jpg,coleoptera,26,16,16,16
EB6.0NX.jpg,coleoptera,26,17,17,17
EB6.0NZ.jpg,coleoptera,26,18,18,18
EB6.0O3.jpg,coleoptera,26,18,18,18
EB6.0O4.jpg,coleoptera,26,18,18,18
EB6.0O8.jpg,coleoptera,26,17,17,17
EB6.0O9.jpg,coleoptera,26,16,16,16
EB6.0OA.jpg,coleoptera,26,17,17,17
EB6.0OC.jpg,coleoptera,26,18,18,18
EB6.0OD.jpg,coleoptera,26,18,18,18
EB6.0OE.jpg,coleoptera,26,18,18,18
EB6.0OF.jpg,coleoptera,26,18,18,18
EB6.0OG.jpg,coleoptera,26,18,18,18
EB6.0OH.jpg,coleoptera,26,13,14,13
EB6.0OI.jpg,coleoptera,26,18,18,18
EB6.0OK.jpg,coleoptera,26,18,17,17
EB6.0OM.jpg,coleoptera,26,17,17,17
EB6.0OO.jpg,coleoptera,26,17,17,17
EB6.0OQ.jpg,coleoptera,26,18,18,18
EB6.0OS.jpg,coleoptera,26,18,18,18
EB6.0OU.jpg,coleoptera,26,16,16,16
EB6.0OW.jpg,coleoptera,26,18,18,18
EB6.0OX.jpg,coleoptera,26,18,18,18
EB6.0OZ.jpg,coleoptera,26,18,18,18
EB6.0P1.jpg,coleoptera,26,18,18,18
EB6.0P5.jpg,coleoptera,26,18,18,18
EB6.0P8.jpg,coleoptera,26,18,18,18
EB6.0PA.jpg,coleoptera,26,18,18,18
EB6.0PC.jpg,coleoptera,26,18,18,18
EB6.0PE.jpg,coleoptera,26,18,18,18
EB6.0PI.jpg,coleoptera,26,18,18,18
EB6.0PJ.jpg,coleoptera,26,18,18,18
EB6.0PK.jpg,coleoptera,26,18,18,18
EB6.0PM.jpg,coleoptera,26,18,18,18
EB6.0PN.jpg,coleoptera,26,18,18,18
EB6.0PT.jpg,coleoptera,26,18,18,18
EB6.0PV.jpg,coleoptera,26,18,18,18
EB6.0PX.jpg,coleoptera,26,18,18,18
EB6.0PY.jpg,coleoptera,26,18,18,18
EB6.0PZ.jpg,coleoptera,26,18,18,18
EB6.0Q0.jpg,coleoptera,26,18,18,18
EB6.0Q3.jpg,coleoptera,26,16,16,16
EB6.0Q6.jpg,coleoptera,26,18,18,18
EB6.0Q7.jpg,coleoptera,26,18,18,18
EB6.0QB.jpg,coleoptera,26,18,18,18
EB6.0QC.jpg,coleoptera,26,16,16,16
EB6.0QD.jpg,coleoptera,26,18,18,18
EB6.0QF.jpg,coleoptera,26,18,18,18
EB6.0QG.jpg,coleoptera,26,18,18,18
EB6.0QH.jpg,coleoptera,26,18,18,18
EB6.0QI.jpg,coleoptera,26,18,18,18
EB6.0QJ.jpg,coleoptera,26,18,18,18
EB6.0QN.jpg,coleoptera,26,18,18,18
EB6.0QO.jpg,coleoptera,26,18,18,18
EB6.0QP.jpg,coleoptera,26,18,18,18
EB6.0QU.jpg,coleoptera,26,16,16,16
EB6.0QV.jpg,coleoptera,26,18,18,18
EB6.0QW.jpg,coleoptera,26,18,18,18
EB6.0QY.jpg,coleoptera,26,18,18,18
EB6.0QZ.jpg,coleoptera,26,18,18,18
EB6.0R0.jpg,coleoptera,26,18,18,18
EB6.0R4.jpg,coleoptera,26,18,18,18
EB6.0R6.jpg,coleoptera,26,18,18,18
EB6.0R8.jpg,coleoptera,26,18,18,18
EB6.0R9.jpg,coleoptera,26,18,18,18
EB6.0RA.jpg,coleoptera,26,18,18,18
EB6.0RD.jpg,coleoptera,26,18,18,18
EB6.0RE.jpg,coleoptera,26,18,18,18
EB6.0RF.jpg,coleoptera,26,18,18,18
EB6.0RH.jpg,coleoptera,26,18,18,18
EB6.0RM.jpg,coleoptera,26,18,18,18
EB6.0RN.jpg,coleoptera,26,18,18,18
EB6.0RO.jpg,coleoptera,26,18,18,18
EB6.0RQ.jpg,coleoptera,26,18,18,18
EB6.0RR.jpg,coleoptera,26,18,18,18
EB6.0RT.jpg,coleoptera,26,18,18,18
EB6.0RU.jpg,coleoptera,26,17,17,17
EB6.0RV.jpg,coleoptera,26,18,18,18
EB6.0RX.jpg,coleoptera,26,18,18,18
EB6.0RY.jpg,coleoptera,26,18,18,18
EB6.0RZ.jpg,coleoptera,26,18,18,18
EB6.0S0.jpg,coleoptera,26,18,18,18
EB6.0S1.jpg,coleoptera,26,18,18,18
EB6.0S4.jpg,coleoptera,26,17,18,17
EB6.0S6.jpg,coleoptera,26,16,16,16
EB6.0S7.jpg,coleoptera,26,18,18,18
EB6.0SA.jpg,coleoptera,26,17,17,17
EB6.0SE.jpg,coleoptera,26,18,18,18
EB6.0SG.jpg,coleoptera,26,18,18,18
EB6.0SK.jpg,coleoptera,26,18,18,18
EB6.0SN.jpg,coleoptera,26,17,18,17
F.10070.jpg,lepidoptera,26,12,12,12
F.10086.jpg,lepidoptera,26,14,16,14
F.10116.jpg,lepidoptera,26,14,13,13
F.1015.jpg,lepidoptera,26,19,14,14
F.10185.jpg,lepidoptera,26,13,14,13
F.1030.jpg,lepidoptera,26,15,16,15
F.10343.jpg,lepidoptera,26,18,17,17
F.10575.jpg,lepidoptera,26,17,17,17
F.1074.jpg,lepidoptera,26,14,17,14
F.10796.jpg,lepidoptera,26,16,15,14
F.11011.jpg,lepidoptera,26,21,18,18
F.11100.jpg,lepidoptera,26,18,18,18
F.11231.jpg,lepidoptera,26,12,13,12
F.11291.jpg,lepidoptera,26,14,16,14
F.11457.jpg,lepidoptera,26,16,14,14
F.11750.jpg,lepidoptera,26,16,15,15
F.12296.jpg,lepidoptera,26,18,17,17
F.12299.jpg,lepidoptera,26,16,16,15
F.12564.jpg,lepidoptera,26,17,16,16
F.1264.jpg,lepidoptera,26,17,16,16
F.12680.jpg,lepidoptera,26,13,15,13
F.12696.jpg,lepidoptera,26,16,15,15
F.12745.jpg,lepidoptera,26,18,18,18
F.12770.jpg,lepidoptera,26,13,15,13
F.12802.jpg,lepidoptera,26,18,18,18
F.12836.jpg,lepidoptera,26,12,13,12
F.13006.jpg,lepidoptera,26,18,18,18
F.13389.jpg,lepidoptera,26,16,14,14
F.13417.jpg,lepidoptera,26,18,18,18
F.13681.jpg,lepidoptera,26,13,16,13
F.14178.jpg,lepidoptera,26,18,17,17
F.14454.jpg,lepidoptera,26,12,14,12
F.14557.jpg,lepidoptera,26,14,12,12
F.14612.jpg,lepidoptera,26,19,16,16
F.14625.jpg,lepidoptera,26,16,12,12
F.15134.jpg,lepidoptera,26,17,16,15
F.15419.jpg,lepidoptera,26,16,14,14
F.15638.jpg,lepidoptera,26,15,16,15
F.15683.jpg,lepidoptera,26,20,17,16
F.15686.jpg,lepidoptera,26,18,18,18
F.15688.jpg,lepidoptera,26,20,18,18
F.16234.jpg,lepidoptera,26,19,17,17
F.16667.jpg,lepidoptera,26,13,13,13
F.16698.jpg,lepidoptera,26,18,13,13
F.17668.jpg,lepidoptera,26,19,13,13
F.17711.jpg,lepidoptera,26,19,15,15
F.17806.jpg,lepidoptera,26,18,18,18
F.17871.jpg,lepidoptera,26,17,16,16
F.17877.jpg,lepidoptera,26,17,15,15
F.17878.jpg,lepidoptera,26,17,14,14
F.18098.jpg,lepidoptera,26,18,17,17
F.18598.jpg,lepidoptera,26,15,15,14
F.18702.jpg,lepidoptera,26,15,16,15
F.19286.jpg,lepidoptera,26,16,16,16
F.19297.jpg,lepidoptera,26,16,16,16
F.19335.jpg,lepidoptera,26,18,14,14
GJ.2413.jpg,diptera,26,11,13,11
GJ.2414.jpg,diptera,26,11,10,10
GJ.2415.jpg,diptera,26,11,11,11
GJ.2416.jpg,diptera,26,11,11,11
GJ.2419.jpg,diptera,26,13,12,11
GJ.2427.jpg,diptera,26,10,9,9
GJ.2447.jpg,diptera,26,14,14,14
GJ.2460.jpg,diptera,26,5,10,5
GJ.2476.jpg,diptera,26,10,10,8
GJ.2481.jpg,diptera,26,10,10,10
GJ.2486.jpg,diptera,26,8,7,7
GJ.2501.jpg,diptera,26,11,10,9
GJ.2505.jpg,diptera,26,11,11,10
GJ.2506.jpg,diptera,26,11,10,9
GJ.2507.jpg,diptera,26,11,11,11
GJ.2508.jpg,diptera,26,10,8,8
GJ.2509.jpg,diptera,26,9,10,9
GJ.2510.jpg,diptera,26,14,14,14
GJ.2511.jpg,diptera,26,11,10,10
GJ.2512.jpg,diptera,26,12,10,10
GJ.2513.jpg,diptera,26,11,12,11
GJ.2514.jpg,diptera,26,10,9,9
GJ.2515.jpg,diptera,26,13,13,13
GJ.2516.jpg,diptera,26,10,9,9
GJ.2517.jpg,diptera,26,15,14,14
GJ.2518.jpg,diptera,26,14,13,13
GJ.2519.jpg,diptera,26,13,10,10
GJ.2520.jpg,diptera,26,12,12,11
GJ.2521.jpg,diptera,26,13,10,10
GJ.2522.jpg,diptera,26,10,14,10
GJ.2523.jpg,diptera,26,13,14,13
GJ.2531.jpg,diptera,26,8,8,8
GJ.2541.jpg,diptera,26,12,12,12
GJ.2542.jpg,diptera,26,11,12,11
GJ.2543.jpg,diptera,26,12,9,9
GJ.2544.jpg,diptera,26,11,11,10
GJ.2546.jpg,diptera,26,10,10,9
GJ.2567.jpg,diptera,26,8,8,8
GJ.2568.jpg,diptera,26,13,11,11
GJ.2570.jpg,diptera,26,10,9,9
GJ.2571.jpg,diptera,26,12,10,10
GJ.2575.jpg,diptera,26,7,8,6
GJ.2588.jpg,diptera,26,12,9,9
GJ.2590.jpg,diptera,26,10,9,8
GJ.2591.jpg,diptera,26,10,9,9
GJ.2592.jpg,diptera,26,12,5,5
GJ.2593.jpg,diptera,26,10,8,7
GJ.2595.jpg,diptera,26,12,8,8
GJ.2596.jpg,diptera,26,10,7,7
GJ.2597.jpg,diptera,26,10,12,10
GJ.2631.jpg,diptera,26,12,12,12
GJ.2654.jpg,diptera,26,10,10,10
GJ.2661.jpg,diptera,26,10,12,10
GJ.2667.jpg,diptera,26,8,11,8
GJ.2672.jpg,diptera,26,10,10,10
GJ.2686.jpg,diptera,26,12,10,10
GJ.2690.jpg,diptera,26,12,9,9
GJ.2704.jpg,diptera,26,10,10,10
GJ.2705.jpg,diptera,26,10,12,10
GJ.2706.jpg,diptera,26,10,11,10
GJ.2751.jpg,diptera,26,12,10,10
GJ.2753.jpg,diptera,26,12,8,8
GJ.2773.jpg,diptera,26,8,10,8
GJ.2775.jpg,diptera,26,9,10,8
GJ.2776.jpg,diptera,26,7,8,5
GJ.2777.jpg,diptera,26,10,9,9
GJ.2778.jpg,diptera,26,10,9,9
GJ.2805.jpg,diptera,26,12,13,12
GJ.2809.jpg,diptera,26,10,11,9
GJ.2820.jpg,diptera,26,12,12,11
GJ.2831.jpg,diptera,26,11,10,10
GJ.2962.jpg,diptera,26,13,11,11
GJ.3018.jpg,diptera,26,9,11,9
GJ.3019.jpg,diptera,26,13,13,13
GJ.3155.jpg,diptera,26,12,11,11
GJ.3160.jpg,diptera,26,12,12,12
GJ.3195.jpg,diptera,26,14,11,11
GJ.3457.jpg,diptera,26,10,9,8
GJ.394.jpg,diptera,26,9,11,8
GJ.395.jpg,diptera,26,12,10,10
GJ.400.jpg,diptera,26,18,13,13
GJ.5923.jpg,diptera,26,10,10,9
GJ.5926.jpg,diptera,26,9,7,5
GJ.5927.jpg,diptera,26,10,8,8
GJ.5931.jpg,diptera,26,12,12,12
GJ.5932.jpg,diptera,26,8,9,7
GJ.5933.jpg,diptera,26,12,8,8
GJ.5935.jpg,diptera,26,13,12,12
GJ.5936.jpg,diptera,26,14,11,11
GJ.5937.jpg,diptera,26,7,9,6
GJ.5938.jpg,diptera,26,8,8,7
GJ.5939.jpg,diptera,26,10,11,9
GJ.5940.jpg,diptera,26,10,9,9
GJ.5941.jpg,diptera,26,9,10,8
GJ.6045.jpg,diptera,26,7,6,4
GJ.6046.jpg,diptera,26,8,9,7
GJ.6047.jpg,diptera,26,8,9,7
GJ.6048.jpg,diptera,26,11,10,10
GJ.6049.jpg,diptera,26,10,10,9
GJ.6050.jpg,diptera,26,11,13,11
GJ.6051.jpg,diptera,26,13,12,12
GJ.6052.jpg,diptera,26,14,13,13
GJ.6053.jpg,diptera,26,12,12,12
GJ.6054.jpg,diptera,26,6,11,6
GJ.6055.jpg,diptera,26,12,12,12
GJ.6057.jpg,diptera,26,8,7,7
GJ.6058.jpg,diptera,26,10,8,8
GJ.6059.jpg,diptera,26,5,4,4
GJ.6060.jpg,diptera,26,8,10,8
GJ.6061.jpg,diptera,26,11,11,10
GJ.6062.jpg,diptera,26,11,8,8
GJ.6063.jpg,diptera,26,10,7,7
GJ.6064.jpg,diptera,26,14,13,13
GJ.6065.jpg,diptera,26,12,11,11
GJ.6066.jpg,diptera,26,14,11,11
GJ.6067.jpg,diptera,26,10,11,9
GJ.6068.jpg,diptera,26,8,8,7
GJ.6069.jpg,diptera,26,12,13,12
GJ.6070.jpg,diptera,26,10,11,10
GJ.6071.jpg,diptera,26,12,12,12
GJ.6072.jpg,diptera,26,11,10,9
GJ.6073.jpg,diptera,26,12,10,10
GJ.6130.jpg,diptera,26,10,5,5
GJ.6131.jpg,diptera,26,13,8,8
GJ.6132.jpg,diptera,26,10,10,10
GJ.6133.jpg,diptera,26,12,10,9
GJ.6134.jpg,diptera,26,10,8,8
GJ.6135.jpg,diptera,26,7,7,5
GJ.6136.jpg,diptera,26,12,10,10
GJ.6276.jpg,diptera,26,12,11,11
GJ.6284.jpg,diptera,26,8,7,6
GJ.6588.jpg,diptera,26,12,9,9
GJ.6753.jpg,diptera,26,8,6,6
GJ.6754.jpg,diptera,26,13,8,8
GJ.6757.jpg,diptera,26,11,10,10
GJ.6809.jpg,diptera,26,12,12,12
GJ.6812.jpg,diptera,26,12,10,10
GJ.6831.jpg,diptera,26,13,13,13
GJ.6832.jpg,diptera,26,18,14,14
GJ.6851.jpg,diptera,26,10,9,9
GJ.6857.jpg,diptera,26,9,9,7
GJ.6962.jpg,diptera,26,8,10,8
GJ.6963.jpg,diptera,26,11,11,9
GJ.6964.jpg,diptera,26,9,10,9
GJ.6999.jpg,diptera,26,14,12,12
GJ.7000.jpg,diptera,26,12,11,11
GJ.7033.jpg,diptera,26,11,11,11
GJ.7034.jpg,diptera,26,13,12,11
GJ.7508.jpg,diptera,26,10,9,9
GJ.781.jpg,diptera,26,11,10,10
GJ.782.jpg,diptera,26,12,14,12
GJ.783.jpg,diptera,26,12,11,11
GJ.784.jpg,diptera,26,11,11,11
GJ.785.jpg,diptera,26,12,9,9
GJ.786.jpg,diptera,26,12,11,11
GJ.787.jpg,diptera,26,10,9,9
GJ.788.jpg,diptera,26,13,12,12
GJ.789.jpg,diptera,26,12,14,12
GJ.790.jpg,diptera,26,14,13,13
GJ.791.jpg,diptera,26,14,14,14
GJ.908.jpg,diptera,26,12,12,12
GJ.909.jpg,diptera,26,14,13,13
GJ.910.jpg,diptera,26,13,14,13
GJ.911.jpg,diptera,26,14,13,13
GJ.912.jpg,diptera,26,13,12,12
GJ.913.jpg,diptera,26,14,13,13
GJ.914.jpg,diptera,26,13,12,11
GJ.915.jpg,diptera,26,13,13,12
GJ.916.jpg,diptera,26,14,12,12
GJ.917.jpg,diptera,26,11,12,11
GJ.920.jpg,diptera,26,12,12,11
GJ.921.jpg,diptera,26,12,11,9
GJ.922.jpg,diptera,26,11,10,9
GJ.923.jpg,diptera,26,12,12,12
GJ.925.jpg,diptera,26,10,11,9
GJ.926.jpg,diptera,26,10,10,10
GJ.927.jpg,diptera,26,11,9,9
GJ.928.jpg,diptera,26,10,12,10
GJ.929.jpg,diptera,26,10,9,9
GJ.930.jpg,diptera,26,10,9,8
GJ.931.jpg,diptera,26,11,11,10
GJ.932.jpg,diptera,26,14,11,11
GJ.937.jpg,diptera,26,13,13,12
GJ.938.jpg,diptera,26,9,12,9
GJ.939.jpg,diptera,26,11,14,11
GJ.946.jpg,diptera,26,10,9,9
GJ.947.jpg,diptera,26,12,13,12
GJ.951.jpg,diptera,26,10,9,8
GJ.958.jpg,diptera,26,9,10,9
GJ.959.jpg,diptera,26,10,9,9
GJ.960.jpg,diptera,26,10,10,8
GJ.961.jpg,diptera,26,8,8,8
GJ.962.jpg,diptera,26,9,10,9
GJ.963.jpg,diptera,26,7,7,6
GJ.968.jpg,diptera,26,10,10,9
GJ.969.jpg,diptera,26,11,11,9
GJ.972.jpg,diptera,26,10,10,10
GJ.973.jpg,diptera,26,12,13,11
GJ.975.jpg,diptera,26,12,12,11
GJ.976.jpg,diptera,26,13,13,12
GJ.977.jpg,diptera,26,10,11,10
GL.6834.jpg,diptera,26,18,13,13
GM.18863.jpg,diptera,26,10,9,7
GV.12822.jpg,diptera,26,18,13,13
GV.14188.jpg,diptera,26,16,15,15
GV.14203.jpg,diptera,26,14,12,11
GV.14723.jpg,diptera,26,11,12,11
GV.14731.jpg,diptera,26,13,12,12
GV.37456.jpg,diptera,26,13,12,12
GV.37459.jpg,diptera,26,18,14,14
GV.37482.jpg,diptera,26,13,13,13
GV.42902.jpg,diptera,26,12,10,10
GV.42964.jpg,diptera,26,10,9,9
GV.42970.jpg,diptera,26,11,12,11
GV.50738.jpg,diptera,26,6,7,5
GV.54586.jpg,diptera,26,6,7,6
GV.55328.jpg,diptera,26,18,15,15
GV.79386.jpg,diptera,26,12,10,10
GV.8146.jpg,diptera,26,9,7,7
GV.82969.jpg,diptera,26,14,11,11
GV.87095.jpg,diptera,26,9,11,9
GV.9096.jpg,diptera,26,12,10,10
GV.95146.jpg,diptera,26,11,11,10
GV.95151.jpg,diptera,26,12,10,9
GV.95163.jpg,diptera,26,16,13,13
GV.95245.jpg,diptera,26,14,12,11
GV.95257.jpg,diptera,26,18,15,15
HP.1.jpg,diptera,26,10,8,8
HP.10.jpg,diptera,26,12,9,9
HP.11.jpg,diptera,26,10,8,8
HP.114.jpg,diptera,26,6,4,3
HP.12.jpg,diptera,26,10,10,8
HP.13.jpg,diptera,26,9,7,7
HP.14.jpg,diptera,26,8,9,8
HP.15.jpg,diptera,26,6,6,4
HP.16.jpg,diptera,26,8,8,8
HP.17.jpg,diptera,26,10,9,8
HP.18.jpg,diptera,26,9,9,9
HP.19.jpg,diptera,26,9,6,6
HP.2.jpg,diptera,26,12,9,9
HP.205.jpg,diptera,26,9,7,7
HP.206.jpg,diptera,26,6,5,5
HP.207.jpg,diptera,26,10,10,8
HP.21.jpg,diptera,26,6,8,6
HP.217.jpg,diptera,26,12,10,10
HP.218.jpg,diptera,26,10,10,8
HP.219.jpg,diptera,26,7,6,5
HP.22.jpg,diptera,26,6,9,5
HP.220.jpg,diptera,26,8,11,8
HP.221.jpg,diptera,26,7,7,6
HP.222.jpg,diptera,26,11,7,7
HP.223.jpg,diptera,26,8,10,7
HP.224.jpg,diptera,26,10,10,9
HP.225.jpg,diptera,26,10,9,9
HP.226.jpg,diptera,26,7,9,7
HP.227.jpg,diptera,26,7,9,7
HP.228.jpg,diptera,26,10,9,9
HP.229.jpg,diptera,26,14,11,10
HP.23.jpg,diptera,26,14,12,12
HP.230.jpg,diptera,26,10,9,9
HP.231.jpg,diptera,26,7,10,7
HP.232.jpg,diptera,26,8,10,8
HP.235.jpg,diptera,26,9,10,8
HP.237.jpg,diptera,26,8,8,7
HP.238.jpg,diptera,26,10,9,9
HP.24.jpg,diptera,26,10,9,9
HP.25.jpg,diptera,26,12,9,8
HP.27.jpg,diptera,26,10,4,4
HP.275.jpg,diptera,26,13,11,11
HP.277.jpg,diptera,26,10,10,10
HP.278.jpg,diptera,26,8,10,8
HP.279.jpg,diptera,26,5,7,5
HP.28.jpg,diptera,26,10,10,8
HP.280.jpg,diptera,26,11,10,9
HP.29.jpg,diptera,26,10,10,10
HP.30.jpg,diptera,26,10,9,9
HP.303.jpg,diptera,26,10,11,10
HP.305.jpg,diptera,26,8,8,7
HP.306.jpg,diptera,26,8,11,8
HP.307.jpg,diptera,26,7,9,6
HP.309.jpg,diptera,26,12,11,11
HP.31.jpg,diptera,26,11,9,8
HP.310.jpg,diptera,26,11,10,10
HP.313.jpg,diptera,26,9,10,7
HP.314.jpg,diptera,26,11,9,9
HP.315.jpg,diptera,26,6,8,6
HP.316.jpg,diptera,26,10,8,8
Halictus_alfkenellus_F_001.jpg,hymenoptera,26,21,19,18
Halictus_alfkenellus_M_001.jpg,hymenoptera,26,10,10,9
Halictus_asperulus_F_001.jpg,hymenoptera,26,7,9,7
Halictus_asperulus_M_001.jpg,hymenoptera,26,10,9,9
Halictus_brunnescens_F_001.jpg,hymenoptera,26,17,17,17
Halictus_brunnescens_M_001.jpg,hymenoptera,26,20,18,18
Halictus_carinthiacus_F_001.jpg,hymenoptera,26,17,15,14
Halictus_carinthiacus_M_001.jpg,hymenoptera,26,14,14,14
Halictus_centaureae_F_001.jpg,hymenoptera,26,13,12,12
Halictus_centaureae_M_001.jpg,hymenoptera,26,11,10,10
Halictus_cochlearitarsis_F_001.jpg,hymenoptera,26,22,18,18
Halictus_cochlearitarsis_M_001.jpg,hymenoptera,26,19,14,14
Halictus_compressus_F_001.jpg,hymenoptera,26,24,23,23
Halictus_compressus_M_001.jpg,hymenoptera,26,22,23,21
Halictus_consobrinus_F_001.jpg,hymenoptera,26,15,11,11
Halictus_consobrinus_M_001.jpg,hymenoptera,26,10,10,8
Halictus_constantinensis_F_001.jpg,hymenoptera,26,10,9,9
Halictus_costantinensis_M_001.jpg,hymenoptera,26,13,12,12
Halictus_crenicornis_F_001.jpg,hymenoptera,26,23,23,21
Halictus_crenicornis_M_001.jpg,hymenoptera,26,13,13,13
Halictus_fatsensis_F_001.jpg,hymenoptera,26,16,13,13
Halictus_fatsensis_M_001.jpg,hymenoptera,26,23,18,17
IMG_0093_specimen_1_MECKON_NEON.BET.D20.000001.png,coleoptera,26,14,14,14
IMG_0093_specimen_3_MECKON_NEON.BET.D20.000004.png,coleoptera,26,16,16,16
IMG_0095_specimen_2_MECKON_NEON.BET.D20.000007.png,coleoptera,26,16,15,15
IMG_0095_specimen_3_MECKON_NEON.BET.D20.000010.png,coleoptera,26,16,16,16
IMG_0109_specimen_1_MECKON_NEON.BET.D20.000011.png,coleoptera,26,14,14,14
IMG_0109_specimen_2_MECKON_NEON.BET.D20.000017.png,coleoptera,26,12,14,12
IMG_0109_specimen_3_MECKON_NEON.BET.D20.000026.png,coleoptera,26,14,14,14
IMG_0110_specimen_1_MECKON_NEON.BET.D20.000035.png,coleoptera,26,14,14,14
IMG_0110_specimen_2_MECKON_NEON.BET.D20.000036.png,coleoptera,26,12,13,12
IMG_0110_specimen_3_MECKON_NEON.BET.D20.000050.png,coleoptera,26,14,14,14
IMG_0111_specimen_1_MECKON_NEON.BET.D20.000055.png,coleoptera,26,14,14,14
IMG_0111_specimen_2_MECKON_NEON.BET.D20.000058.png,coleoptera,26,13,13,13
IMG_0111_specimen_3_MECKON_NEON.BET.D20.000060.png,coleoptera,26,14,14,14
IMG_0111_specimen_4_MECKON_NEON.BET.D20.000071.png,coleoptera,26,14,14,14
IMG_0112_specimen_1_MECKON_NEON.BET.D20.000072.png,coleoptera,26,18,18,18
IMG_0112_specimen_2_MECKON_NEON.BET.D20.000085.png,coleoptera,26,14,14,14
IMG_0112_specimen_3_MECKON_NEON.BET.D20.000086.png,coleoptera,26,12,14,12
IMG_0112_specimen_4_MECKON_NEON.BET.D20.000089.png,coleoptera,26,14,14,14
IMG_0113_specimen_1_MECKON_NEON.BET.D20.000090.png,coleoptera,26,14,14,14
IMG_0113_specimen_2_MECKON_NEON.BET.D20.000103.png,coleoptera,26,12,16,12
IMG_0113_specimen_3_MECKON_NEON.BET.D20.000115.png,coleoptera,26,16,16,16
IMG_0113_specimen_4_MECKON_NEON.BET.D20.000122.png,coleoptera,26,15,15,15
IMG_0114_specimen_1_MECKON_NEON.BET.D20.000125.png,coleoptera,26,14,14,14
IMG_0114_specimen_2_MECKON_NEON.BET.D20.000130.png,coleoptera,26,14,14,14
IMG_0114_specimen_3_MECKON_NEON.BET.D20.000133.png,coleoptera,26,14,14,14
IMG_0114_specimen_4_MECKON_NEON.BET.D20.000139.png,coleoptera,26,14,14,14
IMG_0115_specimen_1_MECKON_NEON.BET.D20.000144.png,coleoptera,26,14,14,14
IMG_0115_specimen_2_MECKON_NEON.BET.D20.000146.png,coleoptera,26,14,14,14
IMG_0115_specimen_3_MECKON_NEON.BET.D20.000150.png,coleoptera,26,14,14,14
IMG_0115_specimen_4_MECKON_NEON.BET.D20.000157.png,coleoptera,26,15,16,14
IMG_0116_specimen_1_MECKON_NEON.BET.D20.000160.png,coleoptera,26,17,17,17
IMG_0116_specimen_2_MECKON_NEON.BET.D20.000163.png,coleoptera,26,14,14,14
IMG_0116_specimen_3_MECKON_NEON.BET.D20.000164.png,coleoptera,26,14,14,14
IMG_0117_specimen_1_MECKON_NEON.BET.D20.000191.png,coleoptera,26,12,14,12
IMG_0117_specimen_2_MECKON_NEON.BET.D20.000192.png,coleoptera,26,14,14,14
IMG_0117_specimen_3_MECKON_NEON.BET.D20.000193.png,coleoptera,26,14,14,14
IMG_0117_specimen_4_MECKON_NEON.BET.D20.000204.png,coleoptera,26,15,15,15
IMG_0118_specimen_1_MECKON_NEON.BET.D20.000214.png,coleoptera,26,14,14,14
IMG_0118_specimen_2_MECKON_NEON.BET.D20.000215.png,coleoptera,26,14,14,14
IMG_0118_specimen_3_MECKON_NEON.BET.D20.000224.png,coleoptera,26,10,14,10
IMG_0118_specimen_4_MECKON_NEON.BET.D20.000227.png,coleoptera,26,12,16,12
IMG_0119_specimen_1_MECKON_NEON.BET.D20.000228.png,coleoptera,26,14,14,14
IMG_0119_specimen_2_MECKON_NEON.BET.D20.000252.png,coleoptera,26,16,16,16
IMG_0119_specimen_3_MECKON_NEON.BET.D20.000262.png,coleoptera,26,12,14,12
IMG_0119_specimen_4_MECKON_NEON.BET.D20.000263.png,coleoptera,26,14,14,14
IMG_0121_specimen_1_MECKON_NEON.BET.D20.000265.png,coleoptera,26,13,13,13
IMG_0121_specimen_2_MECKON_NEON.BET.D20.000285.png,coleoptera,26,13,13,13
IMG_0121_specimen_3_MECKON_NEON.BET.D20.000295.png,coleoptera,26,16,16,16
IMG_0123_specimen_1_MECKON_NEON.BET.D20.000300.png,coleoptera,26,17,17,17
IMG_0123_specimen_2_MECKON_NEON.BET.D20.000308.png,coleoptera,26,14,14,14
IMG_0123_specimen_3_MECKON_NEON.BET.D20.000331.png,coleoptera,26,14,14,14
IMG_0123_specimen_4_MECKON_NEON.BET.D20.000332.png,coleoptera,26,13,13,13
IMG_0124_specimen_1_MECKON_NEON.BET.D20.000342.png,coleoptera,26,15,15,15
IMG_0124_specimen_2_MECKON_NEON.BET.D20.000343.png,coleoptera,26,16,16,16
IMG_0124_specimen_3_MECKON_NEON.BET.D20.000344.png,coleoptera,26,14,14,14
IMG_0124_specimen_4_MECKON_NEON.BET.D20.000348.png,coleoptera,26,13,13,13
IMG_0125_specimen_1_MECKON_NEON.BET.D20.000352.png,coleoptera,26,10,13,10
IMG_0125_specimen_2_MECKON_NEON.BET.D20.000353.png,coleoptera,26,14,14,14
IMG_0125_specimen_3_MECKON_NEON.BET.D20.000374.png,coleoptera,26,16,16,16
IMG_0125_specimen_4_MECKON_NEON.BET.D20.000377.png,coleoptera,26,14,14,14
IMG_0126_specimen_1_BLAKIL_NEON.BET.D20.000015.png,coleoptera,26,16,16,16
IMG_0126_specimen_2_BLAKIL_NEON.BET.D20.000016.png,coleoptera,26,14,14,14
IMG_0126_specimen_3_BLAKIL_NEON.BET.D20.000117.png,coleoptera,26,16,16,16
IMG_0126_specimen_4_BLAKIL_NEON.BET.D20.000380.png,coleoptera,26,14,14,14
IMG_0127_specimen_1_BLAKIL_NEON.BET.D20.000381.png,coleoptera,26,18,17,17
IMG_0127_specimen_2_BLAKIL_NEON.BET.D20.000382.png,coleoptera,26,16,16,16
IMG_0127_specimen_3_BLAKIL_NEON.BET.D20.000491.png,coleoptera,26,15,15,15
IMG_0127_specimen_4_BLAKIL_NEON.BET.D20.000492.png,coleoptera,26,14,14,14
IMG_0128_specimen_1_BLAKIL_NEON.BET.D20.000572.png,coleoptera,26,14,14,14
IMG_0128_specimen_2_BLAKIL_NEON.BET.D20.000658.png,coleoptera,26,13,13,13
IMG_0128_specimen_3_BLAKIL_NEON.BET.D20.001717.png,coleoptera,26,14,14,14
IMG_0128_specimen_4_BLAKIL_NEON.BET.D20.001808.png,coleoptera,26,14,14,14
IMG_0129_specimen_1_BLAHAW_NEON.BET.D20.000014.png,coleoptera,26,15,15,15
IMG_0130_specimen_1_BLAHAW_NEON.BET.D20.000286.png,coleoptera,26,14,14,14
IMG_0130_specimen_2_BLAHAW_NEON.BET.D20.000287.png,coleoptera,26,12,16,12
IMG_0130_specimen_3_BLAHAW_NEON.BET.D20.000487.png,coleoptera,26,13,13,13
IMG_0131_specimen_1_BLAHAW_NEON.BET.D20.000794.png,coleoptera,26,13,13,13
IMG_0131_specimen_2_BLAHAW_NEON.BET.D20.001098.png,coleoptera,26,14,14,14
IMG_0131_specimen_3_BLAHAW_NEON.BET.D20.001099.png,coleoptera,26,13,13,13
IMG_0132_specimen_1_BLAHAW_NEON.BET.D20.001265.png,coleoptera,26,16,16,16
IMG_0132_specimen_2_BLAHAW_NEON.BET.D20.001578.png,coleoptera,26,17,17,17
IMG_0132_specimen_3_BLAHAW_NEON.BET.D20.001583.png,coleoptera,26,15,14,14
IMG_0133_specimen_1_BLAHAW_NEON.BET.D20.001606.png,coleoptera,26,14,14,14
IMG_0133_specimen_2_BLAHAW_NEON.BET.D20.001644.png,coleoptera,26,14,14,14
IMG_0134_specimen_1_MECKAR_NEON.BET.D20.000186.png,coleoptera,26,14,14,14
IMG_0134_specimen_2_MECKAR_NEON.BET.D20.000187.png,coleoptera,26,13,13,13
IMG_0134_specimen_3_MECKAR_NEON.BET.D20.000350.png,coleoptera,26,12,16,12
IMG_0134_specimen_4_MECKAR_NEON.BET.D20.000609.png,coleoptera,26,16,16,16
IMG_0136_specimen_1_MECKAR_NEON.BET.D20.000657.png,coleoptera,26,14,16,14
IMG_0136_specimen_2_MECKAR_NEON.BET.D20.000701.png,coleoptera,26,16,16,16
IMG_0136_specimen_3_MECKAR_NEON.BET.D20.000702.png,coleoptera,26,14,14,14
IMG_0136_specimen_4_MECKAR_NEON.BET.D20.000828.png,coleoptera,26,14,14,14
IMG_0138_specimen_1_MECKAR_NEON.BET.D20.000830.png,coleoptera,26,14,14,14
IMG_0138_specimen_2_MECKAR_NEON.BET.D20.000977.png,coleoptera,26,14,14,14
IMG_0138_specimen_3_MECKAR_NEON.BET.D20.001305.png,coleoptera,26,16,16,16
IMG_0139_specimen_1_MECKAR_NEON.BET.D20.000978.png,coleoptera,26,14,14,14
Macropis_europaea_F_001.jpg,hymenoptera,26,18,15,13
Macropis_europaea_M_001.jpg,hymenoptera,26,13,12,12
Macropis_frivaldszkyi_F_001.jpg,hymenoptera,26,12,13,10
Macropis_frivaldszkyi_M_001.jpg,hymenoptera,26,20,15,15
Macropis_fulvipes_F_001.jpg,hymenoptera,26,7,9,7
Macropis_fulvipes_M_001.jpg,hymenoptera,26,7,10,7
Melitta_aegyptiaca_F_001.jpg,hymenoptera,26,14,14,14
Melitta_aegyptiaca_M_001.jpg,hymenoptera,26,14,12,12
Melitta_budashkini_F_001.jpg,hymenoptera,26,18,18,15
Melitta_budashkini_M_001.JPG,hymenoptera,26,22,16,16
Melitta_budensis_F_001.jpg,hymenoptera,26,18,14,14
Melitta_budensis_M_001.jpg,hymenoptera,26,17,15,15
Melitta_dimidiata_F_001.jpg,hymenoptera,26,11,11,9
Melitta_dimidiata_M_001.jpg,hymenoptera,26,11,9,9
Melitta_haemorrhoidalis_F_001.jpg,hymenoptera,26,21,20,18
Melitta_haemorrhoidalis_M_001.jpg,hymenoptera,26,16,16,14
Melitta_hispanica_F_001.jpg,hymenoptera,26,13,8,8
Melitta_hispanica_M_001.jpg,hymenoptera,26,14,10,10
Melitta_iberica_F_001.jpg,hymenoptera,26,20,15,15
Melitta_iberica_M_001.jpg,hymenoptera,26,18,18,17
Melitta_kastiliensis_F_001.jpg,hymenoptera,26,14,15,14
Melitta_kastiliensis_M_001.jpg,hymenoptera,26,14,10,10
