image,total length_status,head width_status,head length_status,inter ocular distance_status,right antenna length_status,left antenna length_status,thorax width_status,thorax length_status,abdomen width_status,abdomen length_status,intertegular distance_status,left hind wing length_status,right hind wing length_status,left hind wing width_status,right hind wing width_status,left fore wing length_status,right fore wing length_status,left fore wing width_status,right fore wing width_status,left hind leg length_status,left hind leg femur length_status,left hind leg tibia length_status,left hind leg tarsus length_status,right hind leg length_status,right hind leg femur length_status,right hind leg tibia length_status,right hind leg tarsus length_status,total length_px,head width_px,head length_px,inter ocular distance_px,right antenna length_px,left antenna length_px,thorax width_px,thorax length_px,abdomen width_px,abdomen length_px,intertegular distance_px,left hind wing length_px,right hind wing length_px,left hind wing width_px,right hind wing width_px,left fore wing length_px,right fore wing length_px,left fore wing width_px,right fore wing width_px,left hind leg length_px,left hind leg femur length_px,left hind leg tibia length_px,left hind leg tarsus length_px,right hind leg length_px,right hind leg femur length_px,right hind leg tibia length_px,right hind leg tarsus length_px
C:\Users\tombe\Documents\_MLE\CV-for-GRIT\databases\hawaii_beetles_images\individual_specimens\01\IMG_0093_specimen_1_MECKON_NEON.BET.D20.000001.png,measurable,measurable,measurable,measurable,measurable,measurable,measurable,measurable,measurable,measurable,measurable,non_measurable,non_measurable,non_measurable,non_measurable,measurable,measurable,measurable,measurable,non_measurable,non_measurable,non_measurable,non_measurable,non_measurable,non_measurable,non_measurable,non_measurable,316.518,69.66,34.696,50.359,119.013,128.592,98.478,75.113,149.656,206.71,39.84,,,,,204.789,206.393,77.737,65.087,,,,,,,,
C:\Users\tombe\Documents\_MLE\CV-for-GRIT\databases\hawaii_beetles_images\individual_specimens\01\IMG_0093_specimen_3_MECKON_NEON.BET.D20.000004.png,measurable,measurable,measurable,measurable,measurable,measurable,measurable,measurable,measurable,measurable,measurable,non_measurable,non_measurable,non_measurable,non_measurable,measurable,measurable,measurable,measurable,non_measurable,non_measurable,measurable,measurable,non_measurable,non_measurable,non_measurable,non_measurable,298.769,59.13,40.723,39.328,116.364,123.663,77.494,76.96,121.201,181.087,34.358,,,,,179.342,179.22,68.969,51.511,,,70.455,48.522,,,,
C:\Users\tombe\Documents\_MLE\CV-for-GRIT\databases\hawaii_beetles_images\individual_specimens\01\IMG_0095_specimen_2_MECKON_NEON.BET.D20.000007.png,measurable,measurable,measurable,measurable,measurable,measurable,measurable,measurable,measurable,measurable,measurable,non_measurable,non_measurable,non_measurable,non_measurable,measurable,measurable,measurable,measurable,non_measurable,non_measurable,non_measurable,non_measurable,non_measurable,non_measurable,measurable,measurable,279.133,58.757,38.561,43.249,127.038,128.799,83.111,65.011,118.184,175.561,40.534,,,,,177.445,177.894,64.634,55.961,,,,,,,65.459,33.984
C:\Users\tombe\Documents\_MLE\CV-for-GRIT\databases\hawaii_beetles_images\individual_specimens\01\IMG_0095_specimen_3_MECKON_NEON.BET.D20.000010.png,measurable,measurable,measurable,measurable,measurable,measurable,measurable,measurable,measurable,measurable,measurable,non_measurable,non_measurable,non_measurable,non_measurable,measurable,measurable,measurable,measurable,non_measurable,non_measurable,non_measurable,non_measurable,non_measurable,non_measurable,measurable,measurable,379.854,73.912,44.189,52.102,154.019,153.991,101.131,81.834,155.277,253.831,45.075,,,,,240.04,241.526,85.635,67.77,,,,,,,101.337,61.556
C:\Users\tombe\Documents\_MLE\CV-for-GRIT\databases\hawaii_beetles_images\individual_specimens\01\IMG_0109_specimen_1_MECKON_NEON.BET.D20.000011.png,measurable,measurable,measurable,measurable,measurable,measurable,measurable,measurable,measurable,measurable,measurable,non_measurable,non_measurable,non_measurable,non_measurable,measurable,measurable,measurable,measurable,non_measurable,non_measurable,non_measurable,non_measurable,non_measurable,non_measurable,non_measurable,non_measurable,332.008,68.461,43.789,49.513,145.611,126.456,94.423,79.172,139.827,209.047,38.366,,,,,206.502,204.046,75.599,63.938,,,,,,,,
C:\Users\tombe\Documents\_MLE\CV-for-GRIT\databases\hawaii_beetles_images\individual_specimens\01\IMG_0109_specimen_2_MECKON_NEON.BET.D20.000017.png,non_measurable,measurable,non_measurable,measurable,measurable,measurable,measurable,measurable,measurable,measurable,measurable,non_measurable,non_measurable,non_measurable,non_measurable,measurable,measurable,measurable,measurable,non_measurable,non_measurable,non_measurable,non_measurable,non_measurable,non_measurable,non_measurable,non_measurable,,66.242,,48.882,146.502,135.251,99.609,67.49,137.216,214.57,36.333,,,,,209.157,206.697,72.419,61.361,,,,,,,,
C:\Users\tombe\Documents\_MLE\CV-for-GRIT\databases\hawaii_beetles_images\individual_specimens\01\IMG_0109_specimen_3_MECKON_NEON.BET.D20.000026.png,measurable,measurable,measurable,measurable,measurable,measurable,measurable,measurable,measurable,measurable,measurable,non_measurable,non_measurable,non_measurable,non_measurable,measurable,measurable,measurable,measurable,non_measurable,non_measurable,non_measurable,non_measurable,non_measurable,non_measurable,non_measurable,non_measurable,377.838,69.184,73.042,48.773,54.138,109.311,90.361,83.566,140.501,221.23,50.983,,,,,220.22,222.251,79.004,54.931,,,,,,,,
C:\Users\tombe\Documents\_MLE\CV-for-GRIT\databases\hawaii_beetles_images\individual_specimens\01\IMG_0110_specimen_1_MECKON_NEON.BET.D20.000035.png,measurable,measurable,measurable,measurable,measurable,measurable,measurable,measurable,measurable,measurable,measurable,non_measurable,non_measurable,non_measurable,non_measurable,measurable,measurable,measurable,measurable,non_measurable,non_measurable,non_measurable,non_measurable,non_measurable,non_measurable,non_measurable,non_measurable,358.875,66.99,54.02,49.871,136.814,100.477,93.131,78.99,143.769,225.865,50.649,,,,,218.006,220.388,81.249,54.995,,,,,,,,
C:\Users\tombe\Documents\_MLE\CV-for-GRIT\databases\hawaii_beetles_images\individual_specimens\01\IMG_0110_specimen_2_MECKON_NEON.BET.D20.000036.png,non_measurable,measurable,non_measurable,measurable,measurable,measurable,measurable,measurable,measurable,measurable,measurable,non_measurable,non_measurable,non_measurable,non_measurable,measurable,measurable,measurable,measurable,non_measurable,non_measurable,non_measurable,non_measurable,non_measurable,non_measurable,non_measurable,non_measurable,,72.284,,53.242,73.958,98.787,90.496,64.16,131.562,247.426,47.348,,,,,213.612,212.727,87.614,41.722,,,,,,,,
C:\Users\tombe\Documents\_MLE\CV-for-GRIT\databases\hawaii_beetles_images\individual_specimens\01\IMG_0110_specimen_3_MECKON_NEON.BET.D20.000050.png,measurable,measurable,measurable,measurable,measurable,measurable,measurable,measurable,measurable,measurable,measurable,non_measurable,non_measurable,non_measurable,non_measurable,measurable,measurable,measurable,measurable,non_measurable,non_measurable,non_measurable,non_measurable,non_measurable,non_measurable,non_measurable,non_measurable,325.012,60.656,52.911,39.349,91.872,115.135,81.275,72.046,139.934,200.055,46.078,,,,,198.623,193.892,76.726,52.196,,,,,,,,
C:\Users\tombe\Documents\_MLE\CV-for-GRIT\databases\hawaii_beetles_images\individual_specimens\01\IMG_0111_specimen_1_MECKON_NEON.BET.D20.000055.png,measurable,measurable,measurable,measurable,measurable,measurable,measurable,measurable,measurable,measurable,measurable,non_measurable,non_measurable,non_measurable,non_measurable,measurable,measurable,measurable,measurable,non_measurable,non_measurable,non_measurable,non_measurable,non_measurable,non_measurable,non_measurable,non_measurable,359.381,67.63,43.953,49.412,118.305,119.945,92.057,76.135,143.823,239.293,43.953,,,,,213.849,203.261,76.384,50.529,,,,,,,,
C:\Users\tombe\Documents\_MLE\CV-for-GRIT\databases\hawaii_beetles_images\individual_specimens\01\IMG_0111_specimen_2_MECKON_NEON.BET.D20.000058.png,measurable,measurable,measurable,measurable,measurable,measurable,measurable,measurable,non_measurable,measurable,measurable,non_measurable,non_measurable,non_measurable,non_measurable,measurable,measurable,measurable,measurable,non_measurable,non_measurable,non_measurable,non_measurable,non_measurable,non_measurable,non_measurable,non_measurable,333.428,60.391,39.999,44.252,114.262,133.922,84.374,78.249,,215.18,39.745,,,,,194.516,186.845,79.919,69.635,,,,,,,,
C:\Users\tombe\Documents\_MLE\CV-for-GRIT\databases\hawaii_beetles_images\individual_specimens\01\IMG_0111_specimen_3_MECKON_NEON.BET.D20.000060.png,measurable,measurable,measurable,measurable,measurable,measurable,measurable,measurable,measurable,measurable,measurable,non_measurable,non_measurable,non_measurable,non_measurable,measurable,measurable,measurable,measurable,non_measurable,non_measurable,non_measurable,non_measurable,non_measurable,non_measurable,non_measurable,non_measurable,396.146,74.761,58.156,53.324,141.87,148.182,101.672,92.284,162.352,245.706,47.026,,,,,242.375,249.648,91.719,66.076,,,,,,,,
C:\Users\tombe\Documents\_MLE\CV-for-GRIT\databases\hawaii_beetles_images\individual_specimens\01\IMG_0111_specimen_4_MECKON_NEON.BET.D20.000071.png,measurable,measurable,measurable,measurable,measurable,measurable,measurable,measurable,measurable,measurable,measurable,non_measurable,non_measurable,non_measurable,non_measurable,measurable,measurable,measurable,measurable,non_measurable,non_measurable,non_measurable,non_measurable,non_measurable,non_measurable,non_measurable,non_measurable,394.427,75.5,49.587,53.289,158.812,130.922,97.773,84.412,160.525,260.428,44.046,,,,,233.017,229.124,85.036,70.1,,,,,,,,
C:\Users\tombe\Documents\_MLE\CV-for-GRIT\databases\hawaii_beetles_images\individual_specimens\01\IMG_0112_specimen_1_MECKON_NEON.BET.D20.000072.png,measurable,measurable,measurable,measurable,measurable,measurable,measurable,measurable,measurable,measurable,measurable,non_measurable,non_measurable,non_measurable,non_measurable,measurable,measurable,measurable,measurable,non_measurable,non_measurable,measurable,measurable,non_measurable,non_measurable,measurable,measurable,327.465,70.581,45.15,51.334,117.351,108.81,93.071,74.393,145.806,207.922,41.171,,,,,202.958,204.399,76.785,63.601,,,79.172,46.385,,,78.347,48.984
C:\Users\tombe\Documents\_MLE\CV-for-GRIT\databases\hawaii_beetles_images\individual_specimens\01\IMG_0112_specimen_2_MECKON_NEON.BET.D20.000085.png,measurable,measurable,measurable,measurable,measurable,measurable,measurable,measurable,measurable,measurable,measurable,non_measurable,non_measurable,non_measurable,non_measurable,measurable,measurable,measurable,measurable,non_measurable,non_measurable,non_measurable,non_measurable,non_measurable,non_measurable,non_measurable,non_measurable,400.474,76.172,68.524,52.315,162.398,160.579,102.782,82.293,156.135,249.656,50.68,,,,,234.02,230.224,88.115,56.165,,,,,,,,
C:\Users\tombe\Documents\_MLE\CV-for-GRIT\databases\hawaii_beetles_images\individual_specimens\01\IMG_0112_specimen_3_MECKON_NEON.BET.D20.000086.png,non_measurable,measurable,non_measurable,measurable,measurable,measurable,measurable,measurable,measurable,measurable,measurable,non_measurable,non_measurable,non_measurable,non_measurable,measurable,measurable,measurable,measurable,non_measurable,non_measurable,non_measurable,non_measurable,non_measurable,non_measurable,non_measurable,non_measurable,,67.517,,43.898,113.699,102.043,91.02,66.839,139.821,199.511,42.301,,,,,193.176,193.466,79.02,54.42,,,,,,,,
C:\Users\tombe\Documents\_MLE\CV-for-GRIT\databases\hawaii_beetles_images\individual_specimens\01\IMG_0112_specimen_4_MECKON_NEON.BET.D20.000089.png,measurable,measurable,measurable,measurable,measurable,measurable,measurable,measurable,measurable,measurable,measurable,non_measurable,non_measurable,non_measurable,non_measurable,measurable,measurable,measurable,measurable,non_measurable,non_measurable,non_measurable,non_measurable,non_measurable,non_measurable,non_measurable,non_measurable,291.504,65.653,39.074,48.427,124.247,101.749,88.111,67.473,147.478,184.957,39.033,,,,,170.41,174.318,68.452,65.671,,,,,,,,
C:\Users\tombe\Documents\_MLE\CV-for-GRIT\databases\hawaii_beetles_images\individual_specimens\01\IMG_0113_specimen_1_MECKON_NEON.BET.D20.000090.png,measurable,measurable,measurable,measurable,measurable,measurable,measurable,measurable,measurable,measurable,measurable,non_measurable,non_measurable,non_measurable,non_measurable,measurable,measurable,measurable,measurable,non_measurable,non_measurable,non_measurable,non_measurable,non_measurable,non_measurable,non_measurable,non_measurable,315.58,67.739,32.479,52.299,116.055,80.414,97.417,75.897,147.412,207.204,40.262,,,,,202.589,204.378,75.462,63.509,,,,,,,,
C:\Users\tombe\Documents\_MLE\CV-for-GRIT\databases\hawaii_beetles_images\individual_specimens\01\IMG_0113_specimen_2_MECKON_NEON.BET.D20.000103.png,non_measurable,non_measurable,non_measurable,non_measurable,measurable,measurable,measurable,measurable,measurable,measurable,measurable,non_measurable,non_measurable,non_measurable,non_measurable,measurable,measurable,measurable,measurable,non_measurable,non_measurable,measurable,measurable,non_measurable,non_measurable,non_measurable,non_measurable,,,,,121.151,118.823,98.465,81.268,148.95,238.264,41.357,,,,,226.768,226.991,82.64,60.973,,,99.484,44.569,,,,
C:\Users\tombe\Documents\_MLE\CV-for-GRIT\databases\hawaii_beetles_images\individual_specimens\01\IMG_0113_specimen_3_MECKON_NEON.BET.D20.000115.png,measurable,measurable,measurable,measurable,measurable,measurable,measurable,measurable,measurable,measurable,measurable,non_measurable,non_measurable,non_measurable,non_measurable,measurable,measurable,measurable,measurable,non_measurable,non_measurable,measurable,measurable,non_measurable,non_measurable,non_measurable,non_measurable,326.205,65.253,55.175,48.668,125.314,116.472,93.327,76.785,138.643,194.244,37.174,,,,,190.971,190.624,72.792,57.437,,,65.748,23.032,,,,
C:\Users\tombe\Documents\_MLE\CV-for-GRIT\databases\hawaii_beetles_images\individual_specimens\01\IMG_0113_specimen_4_MECKON_NEON.BET.D20.000122.png,measurable,measurable,measurable,measurable,measurable,measurable,measurable,measurable,measurable,measurable,measurable,non_measurable,non_measurable,non_measurable,non_measurable,measurable,measurable,measurable,measurable,non_measurable,non_measurable,measurable,non_measurable,non_measurable,non_measurable,non_measurable,non_measurable,356.899,67.172,43.381,51.497,132.169,135.358,94.469,86.338,144.989,227.18,41.517,,,,,216.178,218.823,78.539,54.226,,,58.124,,,,,
C:\Users\tombe\Documents\_MLE\CV-for-GRIT\databases\hawaii_beetles_images\individual_specimens\01\IMG_0114_specimen_1_MECKON_NEON.BET.D20.000125.png,measurable,measurable,measurable,measurable,measurable,measurable,measurable,measurable,measurable,measurable,measurable,non_measurable,non_measurable,non_measurable,non_measurable,measurable,measurable,measurable,measurable,non_measurable,non_measurable,non_measurable,non_measurable,non_measurable,non_measurable,non_measurable,non_measurable,370.007,71.628,49.236,51.36,137.894,149.267,89.377,82.069,146.75,238.702,44.221,,,,,218.234,214.855,80.475,57.368,,,,,,,,
C:\Users\tombe\Documents\_MLE\CV-for-GRIT\databases\hawaii_beetles_images\individual_specimens\01\IMG_0114_specimen_2_MECKON_NEON.BET.D20.000130.png,measurable,measurable,measurable,measurable,measurable,measurable,measurable,measurable,measurable,measurable,measurable,non_measurable,non_measurable,non_measurable,non_measurable,measurable,measurable,measurable,measurable,non_measurable,non_measurable,non_measurable,non_measurable,non_measurable,non_measurable,non_measurable,non_measurable,387.495,70.747,51.984,48.202,139.58,133.594,102.117,91.168,155.608,244.344,45.269,,,,,223.476,227.258,84.17,62.051,,,,,,,,
C:\Users\tombe\Documents\_MLE\CV-for-GRIT\databases\hawaii_beetles_images\individual_specimens\01\IMG_0114_specimen_3_MECKON_NEON.BET.D20.000133.png,measurable,measurable,measurable,measurable,measurable,measurable,measurable,measurable,measurable,measurable,measurable,non_measurable,non_measurable,non_measurable,non_measurable,measurable,measurable,measurable,measurable,non_measurable,non_measurable,non_measurable,non_measurable,non_measurable,non_measurable,non_measurable,non_measurable,391.512,79.989,58.836,57.271,153.054,149.995,104.979,83.455,158.249,249.221,43.069,,,,,228.963,228.999,89.59,59.598,,,,,,,,
C:\Users\tombe\Documents\_MLE\CV-for-GRIT\databases\hawaii_beetles_images\individual_specimens\01\IMG_0114_specimen_4_MECKON_NEON.BET.D20.000139.png,measurable,measurable,measurable,measurable,measurable,measurable,measurable,measurable,measurable,measurable,measurable,non_measurable,non_measurable,non_measurable,non_measurable,measurable,measurable,measurable,measurable,non_measurable,non_measurable,non_measurable,non_measurable,non_measurable,non_measurable,non_measurable,non_measurable,423.228,80.839,79.766,60.1,145.381,144.342,106.559,92.033,166.406,251.429,40.673,,,,,227.713,231.955,91.248,64.431,,,,,,,,
C:\Users\tombe\Documents\_MLE\CV-for-GRIT\databases\hawaii_beetles_images\individual_specimens\01\IMG_0115_specimen_1_MECKON_NEON.BET.D20.000144.png,measurable,measurable,measurable,measurable,measurable,measurable,measurable,measurable,measurable,measurable,measurable,non_measurable,non_measurable,non_measurable,non_measurable,measurable,measurable,measurable,measurable,non_measurable,non_measurable,non_measurable,non_measurable,non_measurable,non_measurable,non_measurable,non_measurable,382.089,73.209,51.272,58.424,133.686,144.385,109.065,88.743,165.533,242.074,44.329,,,,,241.456,241.989,88.798,67.152,,,,,,,,
C:\Users\tombe\Documents\_MLE\CV-for-GRIT\databases\hawaii_beetles_images\individual_specimens\01\IMG_0115_specimen_2_MECKON_NEON.BET.D20.000146.png,measurable,measurable,measurable,measurable,measurable,measurable,measurable,measurable,measurable,measurable,measurable,non_measurable,non_measurable,non_measurable,non_measurable,measurable,measurable,measurable,measurable,non_measurable,non_measurable,non_measurable,non_measurable,non_measurable,non_measurable,non_measurable,non_measurable,359.888,69.174,56.691,47.115,124.226,78.346,86.631,76.269,145.204,226.928,45.577,,,,,219.525,220.921,82.537,57.202,,,,,,,,
C:\Users\tombe\Documents\_MLE\CV-for-GRIT\databases\hawaii_beetles_images\individual_specimens\01\IMG_0115_specimen_3_MECKON_NEON.BET.D20.000150.png,measurable,measurable,measurable,measurable,measurable,measurable,measurable,measurable,measurable,measurable,measurable,non_measurable,non_measurable,non_measurable,non_measurable,measurable,measurable,measurable,measurable,non_measurable,non_measurable,non_measurable,non_measurable,non_measurable,non_measurable,non_measurable,non_measurable,333.425,54.651,61.049,39.043,143.573,107.819,85.023,75.151,129.085,197.225,39.175,,,,,184.063,190.625,74.841,45.637,,,,,,,,
C:\Users\tombe\Documents\_MLE\CV-for-GRIT\databases\hawaii_beetles_images\individual_specimens\01\IMG_0115_specimen_4_MECKON_NEON.BET.D20.000157.png,measurable,non_measurable,measurable,non_measurable,measurable,non_measurable,measurable,measurable,measurable,measurable,measurable,non_measurable,non_measurable,non_measurable,non_measurable,measurable,measurable,measurable,measurable,non_measurable,non_measurable,measurable,measurable,non_measurable,non_measurable,measurable,measurable,342.336,,52.64,,143.867,,95.137,81.603,147.218,208.094,39.442,,,,,200.516,198.576,75.499,62.364,,,76.778,36.192,,,80.702,57.78
C:\Users\tombe\Documents\_MLE\CV-for-GRIT\databases\hawaii_beetles_images\individual_specimens\01\IMG_0116_specimen_1_MECKON_NEON.BET.D20.000160.png,measurable,measurable,measurable,measurable,measurable,measurable,measurable,measurable,measurable,measurable,measurable,non_measurable,non_measurable,non_measurable,non_measurable,measurable,measurable,measurable,measurable,non_measurable,non_measurable,measurable,measurable,non_measurable,non_measurable,non_measurable,measurable,350.006,61.941,53.657,39.366,125.89,89.269,91.47,72.635,144.376,223.714,49.732,,,,,209.903,204.485,84.077,47.871,,,84.737,38.862,,,,50.388
C:\Users\tombe\Documents\_MLE\CV-for-GRIT\databases\hawaii_beetles_images\individual_specimens\01\IMG_0116_specimen_2_MECKON_NEON.BET.D20.000163.png,measurable,measurable,measurable,measurable,measurable,measurable,measurable,measurable,measurable,measurable,measurable,non_measurable,non_measurable,non_measurable,non_measurable,measurable,measurable,measurable,measurable,non_measurable,non_measurable,non_measurable,non_measurable,non_measurable,non_measurable,non_measurable,non_measurable,345.784,66.008,49.568,45.567,100.826,121.656,95.618,75.043,130.623,221.174,44.361,,,,,201.363,199.314,72.849,45.467,,,,,,,,
C:\Users\tombe\Documents\_MLE\CV-for-GRIT\databases\hawaii_beetles_images\individual_specimens\01\IMG_0116_specimen_3_MECKON_NEON.BET.D20.000164.png,measurable,measurable,measurable,measurable,measurable,measurable,measurable,measurable,measurable,measurable,measurable,non_measurable,non_measurable,non_measurable,non_measurable,measurable,measurable,measurable,measurable,non_measurable,non_measurable,non_measurable,non_measurable,non_measurable,non_measurable,non_measurable,non_measurable,343.303,73.434,69.603,50.761,58.86,115.216,100.262,73.226,142.949,200.474,42.39,,,,,200.478,198.683,70.44,65.732,,,,,,,,
C:\Users\tombe\Documents\_MLE\CV-for-GRIT\databases\hawaii_beetles_images\individual_specimens\01\IMG_0117_specimen_1_MECKON_NEON.BET.D20.000191.png,non_measurable,measurable,non_measurable,measurable,measurable,measurable,measurable,measurable,measurable,measurable,measurable,non_measurable,non_measurable,non_measurable,non_measurable,measurable,measurable,measurable,measurable,non_measurable,non_measurable,non_measurable,non_measurable,non_measurable,non_measurable,non_measurable,non_measurable,,67.172,,50.679,135.338,139.218,88.717,65.613,141.608,208.938,32.929,,,,,195.909,195.778,65.555,66.327,,,,,,,,
C:\Users\tombe\Documents\_MLE\CV-for-GRIT\databases\hawaii_beetles_images\individual_specimens\01\IMG_0117_specimen_2_MECKON_NEON.BET.D20.000192.png,measurable,measurable,measurable,measurable,measurable,measurable,measurable,measurable,measurable,measurable,measurable,non_measurable,non_measurable,non_measurable,non_measurable,measurable,measurable,measurable,measurable,non_measurable,non_measurable,non_measurable,non_measurable,non_measurable,non_measurable,non_measurable,non_measurable,326.047,63.054,42.66,43.495,55.197,128.637,88.703,74.67,130.244,208.717,35.271,,,,,199.629,195.422,80.536,43.561,,,,,,,,
C:\Users\tombe\Documents\_MLE\CV-for-GRIT\databases\hawaii_beetles_images\individual_specimens\01\IMG_0117_specimen_3_MECKON_NEON.BET.D20.000193.png,measurable,measurable,measurable,measurable,measurable,measurable,measurable,measurable,measurable,measurable,measurable,non_measurable,non_measurable,non_measurable,non_measurable,measurable,measurable,measurable,measurable,non_measurable,non_measurable,non_measurable,non_measurable,non_measurable,non_measurable,non_measurable,non_measurable,315.392,67.898,60.348,48.588,112.586,113.815,91.567,66.058,138.399,188.986,39.506,,,,,178.876,177.799,64.254,58.705,,,,,,,,
C:\Users\tombe\Documents\_MLE\CV-for-GRIT\databases\hawaii_beetles_images\individual_specimens\01\IMG_0117_specimen_4_MECKON_NEON.BET.D20.000204.png,measurable,measurable,measurable,measurable,measurable,measurable,measurable,measurable,measurable,measurable,measurable,non_measurable,non_measurable,non_measurable,non_measurable,measurable,measurable,measurable,measurable,non_measurable,non_measurable,non_measurable,measurable,non_measurable,non_measurable,non_measurable,non_measurable,321.751,67.165,50.152,45.184,135.742,108.992,93.506,73.417,139.678,198.183,43.899,,,,,195.564,196.676,69.891,62.512,,,,62.166,,,,
C:\Users\tombe\Documents\_MLE\CV-for-GRIT\databases\hawaii_beetles_images\individual_specimens\01\IMG_0118_specimen_1_MECKON_NEON.BET.D20.000214.png,measurable,measurable,measurable,measurable,measurable,measurable,measurable,measurable,measurable,measurable,measurable,non_measurable,non_measurable,non_measurable,non_measurable,measurable,measurable,measurable,measurable,non_measurable,non_measurable,non_measurable,non_measurable,non_measurable,non_measurable,non_measurable,non_measurable,302.31,66.75,51.906,48.767,126.191,118.634,89.834,65.192,134.531,185.212,45.039,,,,,178.245,179.001,66.162,61.073,,,,,,,,
C:\Users\tombe\Documents\_MLE\CV-for-GRIT\databases\hawaii_beetles_images\individual_specimens\01\IMG_0118_specimen_2_MECKON_NEON.BET.D20.000215.png,measurable,measurable,measurable,measurable,measurable,measurable,measurable,measurable,measurable,measurable,measurable,non_measurable,non_measurable,non_measurable,non_measurable,measurable,measurable,measurable,measurable,non_measurable,non_measurable,non_measurable,non_measurable,non_measurable,non_measurable,non_measurable,non_measurable,346.43,68.459,58.61,45.531,141.487,90.56,90.65,75.954,153.835,211.865,41.364,,,,,205.751,207.977,83.383,57.528,,,,,,,,
C:\Users\tombe\Documents\_MLE\CV-for-GRIT\databases\hawaii_beetles_images\individual_specimens\01\IMG_0118_specimen_3_MECKON_NEON.BET.D20.000224.png,non_measurable,non_measurable,non_measurable,non_measurable,measurable,measurable,measurable,measurable,measurable,measurable,measurable,non_measurable,non_measurable,non_measurable,non_measurable,measurable,measurable,measurable,measurable,non_measurable,non_measurable,non_measurable,non_measurable,non_measurable,non_measurable,non_measurable,non_measurable,,,,,144.543,130.722,89.711,74.881,131.606,228.807,36.033,,,,,208.873,206.997,77.385,44.484,,,,,,,,
C:\Users\tombe\Documents\_MLE\CV-for-GRIT\databases\hawaii_beetles_images\individual_specimens\01\IMG_0118_specimen_4_MECKON_NEON.BET.D20.000227.png,non_measurable,non_measurable,non_measurable,non_measurable,measurable,measurable,measurable,measurable,measurable,measurable,measurable,non_measurable,non_measurable,non_measurable,non_measurable,measurable,measurable,measurable,measurable,non_measurable,non_measurable,measurable,measurable,non_measurable,non_measurable,non_measurable,non_measurable,,,,,120.068,134.016,78.868,80.936,126.617,219.869,38.93,,,,,193.557,195.65,76.873,38.899,,,17.159,36.017,,,,
C:\Users\tombe\Documents\_MLE\CV-for-GRIT\databases\hawaii_beetles_images\individual_specimens\01\IMG_0119_specimen_1_MECKON_NEON.BET.D20.000228.png,measurable,measurable,measurable,measurable,measurable,measurable,measurable,measurable,measurable,measurable,measurable,non_measurable,non_measurable,non_measurable,non_measurable,measurable,measurable,measurable,measurable,non_measurable,non_measurable,non_measurable,non_measurable,non_measurable,non_measurable,non_measurable,non_measurable,322.075,67.706,43.522,49.729,46.66,104.92,90.74,73.514,135.537,205.039,34.989,,,,,203.516,204.02,78.52,52.484,,,,,,,,
C:\Users\tombe\Documents\_MLE\CV-for-GRIT\databases\hawaii_beetles_images\individual_specimens\01\IMG_0119_specimen_2_MECKON_NEON.BET.D20.000252.png,measurable,measurable,measurable,measurable,measurable,measurable,measurable,measurable,measurable,measurable,measurable,non_measurable,non_measurable,non_measurable,non_measurable,measurable,measurable,measurable,measurable,non_measurable,non_measurable,measurable,measurable,non_measurable,non_measurable,non_measurable,non_measurable,345.147,67.0,57.209,47.93,142.943,123.782,90.288,77.352,150.583,210.586,40.181,,,,,200.167,194.128,78.212,51.139,,,64.625,61.44,,,,
C:\Users\tombe\Documents\_MLE\CV-for-GRIT\databases\hawaii_beetles_images\individual_specimens\01\IMG_0119_specimen_3_MECKON_NEON.BET.D20.000262.png,non_measurable,measurable,non_measurable,measurable,measurable,measurable,measurable,measurable,measurable,measurable,measurable,non_measurable,non_measurable,non_measurable,non_measurable,measurable,measurable,measurable,measurable,non_measurable,non_measurable,non_measurable,non_measurable,non_measurable,non_measurable,non_measurable,non_measurable,,65.491,,46.684,132.418,135.118,89.271,70.054,131.469,202.579,34.532,,,,,190.489,188.095,73.594,51.328,,,,,,,,
C:\Users\tombe\Documents\_MLE\CV-for-GRIT\databases\hawaii_beetles_images\individual_specimens\01\IMG_0119_specimen_4_MECKON_NEON.BET.D20.000263.png,measurable,measurable,measurable,measurable,measurable,measurable,measurable,measurable,measurable,measurable,measurable,non_measurable,non_measurable,non_measurable,non_measurable,measurable,measurable,measurable,measurable,non_measurable,non_measurable,non_measurable,non_measurable,non_measurable,non_measurable,non_measurable,non_measurable,358.663,69.375,71.008,47.633,95.31,105.139,91.918,76.574,144.633,211.081,39.947,,,,,204.669,203.052,79.181,56.875,,,,,,,,
C:\Users\tombe\Documents\_MLE\CV-for-GRIT\databases\hawaii_beetles_images\individual_specimens\01\IMG_0121_specimen_1_MECKON_NEON.BET.D20.000265.png,measurable,measurable,measurable,measurable,non_measurable,measurable,measurable,measurable,measurable,measurable,measurable,non_measurable,non_measurable,non_measurable,non_measurable,measurable,measurable,measurable,measurable,non_measurable,non_measurable,non_measurable,non_measurable,non_measurable,non_measurable,non_measurable,non_measurable,358.912,72.837,36.778,50.397,,129.05,93.953,78.215,148.81,243.919,36.969,,,,,229.782,231.707,77.466,63.443,,,,,,,,
C:\Users\tombe\Documents\_MLE\CV-for-GRIT\databases\hawaii_beetles_images\individual_specimens\01\IMG_0121_specimen_2_MECKON_NEON.BET.D20.000285.png,measurable,measurable,measurable,measurable,measurable,measurable,measurable,measurable,non_measurable,measurable,measurable,non_measurable,non_measurable,non_measurable,non_measurable,measurable,measurable,measurable,measurable,non_measurable,non_measurable,non_measurable,non_measurable,non_measurable,non_measurable,non_measurable,non_measurable,341.927,68.257,36.269,49.281,141.869,137.917,94.182,77.416,,228.242,42.28,,,,,204.922,200.734,74.05,69.559,,,,,,,,
C:\Users\tombe\Documents\_MLE\CV-for-GRIT\databases\hawaii_beetles_images\individual_specimens\01\IMG_0121_specimen_3_MECKON_NEON.BET.D20.000295.png,measurable,measurable,measurable,measurable,measurable,measurable,measurable,measurable,measurable,measurable,measurable,non_measurable,non_measurable,non_measurable,non_measurable,measurable,measurable,measurable,measurable,non_measurable,non_measurable,measurable,measurable,non_measurable,non_measurable,non_measurable,non_measurable,319.628,63.288,51.108,45.962,125.142,102.372,90.291,69.29,136.074,199.23,37.992,,,,,189.934,188.556,69.187,58.853,,,73.046,37.566,,,,
C:\Users\tombe\Documents\_MLE\CV-for-GRIT\databases\hawaii_beetles_images\individual_specimens\01\IMG_0123_specimen_1_MECKON_NEON.BET.D20.000300.png,measurable,measurable,measurable,measurable,measurable,measurable,measurable,measurable,measurable,measurable,measurable,non_measurable,non_measurable,non_measurable,non_measurable,measurable,measurable,measurable,measurable,non_measurable,non_measurable,measurable,measurable,non_measurable,non_measurable,non_measurable,measurable,306.32,64.362,49.214,43.117,120.103,117.591,87.717,65.675,126.854,191.431,26.81,,,,,181.437,180.061,69.912,47.338,,,67.044,41.102,,,,53.973
C:\Users\tombe\Documents\_MLE\CV-for-GRIT\databases\hawaii_beetles_images\individual_specimens\01\IMG_0123_specimen_2_MECKON_NEON.BET.D20.000308.png,measurable,measurable,measurable,measurable,measurable,measurable,measurable,measurable,measurable,measurable,measurable,non_measurable,non_measurable,non_measurable,non_measurable,measurable,measurable,measurable,measurable,non_measurable,non_measurable,non_measurable,non_measurable,non_measurable,non_measurable,non_measurable,non_measurable,337.88,69.084,53.865,49.125,117.585,116.059,93.343,73.09,148.49,210.925,40.338,,,,,200.023,204.854,75.32,64.006,,,,,,,,
C:\Users\tombe\Documents\_MLE\CV-for-GRIT\databases\hawaii_beetles_images\individual_specimens\01\IMG_0123_specimen_3_MECKON_NEON.BET.D20.000331.png,measurable,measurable,measurable,measurable,measurable,measurable,measurable,measurable,measurable,measurable,measurable,non_measurable,non_measurable,non_measurable,non_measurable,measurable,measurable,measurable,measurable,non_measurable,non_measurable,non_measurable,non_measurable,non_measurable,non_measurable,non_measurable,non_measurable,332.26,59.136,59.583,44.29,133.407,48.872,83.142,72.268,135.741,200.41,37.589,,,,,192.946,192.771,73.489,43.568,,,,,,,,
C:\Users\tombe\Documents\_MLE\CV-for-GRIT\databases\hawaii_beetles_images\individual_specimens\01\IMG_0123_specimen_4_MECKON_NEON.BET.D20.000332.png,measurable,measurable,measurable,measurable,measurable,measurable,measurable,measurable,non_measurable,measurable,measurable,non_measurable,non_measurable,non_measurable,non_measurable,measurable,measurable,measurable,measurable,non_measurable,non_measurable,non_measurable,non_measurable,non_measurable,non_measurable,non_measurable,non_measurable,321.434,61.263,42.016,42.214,138.087,121.58,83.099,70.504,,208.914,36.77,,,,,192.935,187.828,77.985,42.214,,,,,,,,
C:\Users\tombe\Documents\_MLE\CV-for-GRIT\databases\hawaii_beetles_images\individual_specimens\01\IMG_0124_specimen_1_MECKON_NEON.BET.D20.000342.png,measurable,measurable,measurable,measurable,measurable,measurable,measurable,measurable,measurable,measurable,measurable,non_measurable,non_measurable,non_measurable,non_measurable,measurable,measurable,measurable,measurable,non_measurable,non_measurable,measurable,non_measurable,non_measurable,non_measurable,non_measurable,non_measurable,309.791,67.259,48.379,51.028,120.079,121.943,93.241,69.545,123.016,191.867,34.634,,,,,189.53,188.665,72.6,59.904,,,65.615,,,,,
C:\Users\tombe\Documents\_MLE\CV-for-GRIT\databases\hawaii_beetles_images\individual_specimens\01\IMG_0124_specimen_2_MECKON_NEON.BET.D20.000343.png,measurable,measurable,measurable,measurable,measurable,measurable,measurable,measurable,measurable,measurable,measurable,non_measurable,non_measurable,non_measurable,non_measurable,measurable,measurable,measurable,measurable,non_measurable,non_measurable,measurable,measurable,non_measurable,non_measurable,non_measurable,non_measurable,332.373,66.947,44.044,49.169,132.247,130.209,92.217,70.511,143.363,217.818,35.271,,,,,205.693,203.442,80.084,56.421,,,77.879,33.105,,,,
C:\Users\tombe\Documents\_MLE\CV-for-GRIT\databases\hawaii_beetles_images\individual_specimens\01\IMG_0124_specimen_3_MECKON_NEON.BET.D20.000344.png,measurable,measurable,measurable,measurable,measurable,measurable,measurable,measurable,measurable,measurable,measurable,non_measurable,non_measurable,non_measurable,non_measurable,measurable,measurable,measurable,measurable,non_measurable,non_measurable,non_measurable,non_measurable,non_measurable,non_measurable,non_measurable,non_measurable,294.326,66.663,32.717,45.807,107.152,73.074,88.969,75.408,132.993,186.201,35.906,,,,,184.77,185.353,74.363,52.338,,,,,,,,
C:\Users\tombe\Documents\_MLE\CV-for-GRIT\databases\hawaii_beetles_images\individual_specimens\01\IMG_0124_specimen_4_MECKON_NEON.BET.D20.000348.png,measurable,measurable,measurable,measurable,non_measurable,measurable,measurable,measurable,measurable,measurable,measurable,non_measurable,non_measurable,non_measurable,non_measurable,measurable,measurable,measurable,measurable,non_measurable,non_measurable,non_measurable,non_measurable,non_measurable,non_measurable,non_measurable,non_measurable,336.549,64.193,48.118,43.683,,50.118,85.264,72.752,129.227,215.679,33.142,,,,,199.274,196.347,78.54,41.849,,,,,,,,
C:\Users\tombe\Documents\_MLE\CV-for-GRIT\databases\hawaii_beetles_images\individual_specimens\01\IMG_0125_specimen_1_MECKON_NEON.BET.D20.000352.png,non_measurable,non_measurable,non_measurable,non_measurable,measurable,measurable,measurable,measurable,measurable,measurable,measurable,non_measurable,non_measurable,non_measurable,non_measurable,measurable,measurable,measurable,measurable,non_measurable,non_measurable,non_measurable,non_measurable,non_measurable,non_measurable,non_measurable,non_measurable,,,,,87.514,149.085,98.904,64.473,147.031,226.987,38.33,,,,,201.544,196.955,76.55,62.494,,,,,,,,
C:\Users\tombe\Documents\_MLE\CV-for-GRIT\databases\hawaii_beetles_images\individual_specimens\01\IMG_0125_specimen_2_MECKON_NEON.BET.D20.000353.png,measurable,measurable,measurable,measurable,measurable,measurable,measurable,measurable,measurable,measurable,measurable,non_measurable,non_measurable,non_measurable,non_measurable,measurable,measurable,measurable,measurable,non_measurable,non_measurable,non_measurable,non_measurable,non_measurable,non_measurable,non_measurable,non_measurable,332.325,60.24,43.195,42.665,139.031,94.146,79.962,74.937,129.991,214.193,27.744,,,,,196.773,194.265,73.312,39.663,,,,,,,,
C:\Users\tombe\Documents\_MLE\CV-for-GRIT\databases\hawaii_beetles_images\individual_specimens\01\IMG_0125_specimen_3_MECKON_NEON.BET.D20.000374.png,measurable,measurable,measurable,measurable,measurable,measurable,measurable,measurable,measurable,measurable,measurable,non_measurable,non_measurable,non_measurable,non_measurable,measurable,measurable,measurable,measurable,non_measurable,non_measurable,measurable,measurable,non_measurable,non_measurable,non_measurable,non_measurable,346.495,68.305,45.391,49.137,125.851,144.852,90.293,78.985,143.294,222.119,38.175,,,,,215.784,215.181,78.836,56.517,,,74.722,20.561,,,,
C:\Users\tombe\Documents\_MLE\CV-for-GRIT\databases\hawaii_beetles_images\individual_specimens\01\IMG_0125_specimen_4_MECKON_NEON.BET.D20.000377.png,measurable,measurable,measurable,measurable,measurable,measurable,measurable,measurable,measurable,measurable,measurable,non_measurable,non_measurable,non_measurable,non_measurable,measurable,measurable,measurable,measurable,non_measurable,non_measurable,non_measurable,non_measurable,non_measurable,non_measurable,non_measurable,non_measurable,337.151,72.98,40.818,50.135,130.317,119.428,87.357,82.338,137.132,213.995,37.384,,,,,209.383,210.325,76.628,54.354,,,,,,,,
C:\Users\tombe\Documents\_MLE\CV-for-GRIT\databases\hawaii_beetles_images\individual_specimens\01\IMG_0126_specimen_1_BLAKIL_NEON.BET.D20.000015.png,measurable,measurable,measurable,measurable,measurable,measurable,measurable,measurable,measurable,measurable,measurable,non_measurable,non_measurable,non_measurable,non_measurable,measurable,measurable,measurable,measurable,non_measurable,non_measurable,non_measurable,non_measurable,non_measurable,non_measurable,measurable,measurable,507.031,90.106,93.033,60.184,193.374,189.729,110.752,92.476,177.176,321.522,66.782,,,,,298.387,298.135,98.816,68.905,,,,,,,98.676,34.227
C:\Users\tombe\Documents\_MLE\CV-for-GRIT\databases\hawaii_beetles_images\individual_specimens\01\IMG_0126_specimen_2_BLAKIL_NEON.BET.D20.000016.png,measurable,measurable,measurable,measurable,measurable,measurable,measurable,measurable,measurable,measurable,measurable,non_measurable,non_measurable,non_measurable,non_measurable,measurable,measurable,measurable,measurable,non_measurable,non_measurable,non_measurable,non_measurable,non_measurable,non_measurable,non_measurable,non_measurable,580.129,98.69,112.319,68.059,200.836,234.46,132.065,114.891,227.896,352.919,68.186,,,,,338.165,345.129,117.995,93.452,,,,,,,,
C:\Users\tombe\Documents\_MLE\CV-for-GRIT\databases\hawaii_beetles_images\individual_specimens\01\IMG_0126_specimen_3_BLAKIL_NEON.BET.D20.000117.png,measurable,measurable,measurable,measurable,measurable,measurable,measurable,measurable,measurable,measurable,measurable,non_measurable,non_measurable,non_measurable,non_measurable,measurable,measurable,measurable,measurable,non_measurable,non_measurable,measurable,measurable,non_measurable,non_measurable,non_measurable,non_measurable,592.479,95.449,113.269,61.455,238.773,204.573,112.198,98.87,222.481,380.34,62.531,,,,,334.014,333.135,120.653,92.513,,,129.054,82.023,,,,
C:\Users\tombe\Documents\_MLE\CV-for-GRIT\databases\hawaii_beetles_images\individual_specimens\01\IMG_0126_specimen_4_BLAKIL_NEON.BET.D20.000380.png,measurable,measurable,measurable,measurable,measurable,measurable,measurable,measurable,non_measurable,measurable,measurable,non_measurable,non_measurable,non_measurable,non_measurable,measurable,measurable,measurable,measurable,non_measurable,non_measurable,measurable,non_measurable,non_measurable,non_measurable,non_measurable,non_measurable,529.055,89.862,103.379,61.772,203.88,201.68,114.153,102.197,,323.479,71.325,,,,,306.61,319.571,117.061,89.143,,,119.533,,,,,
C:\Users\tombe\Documents\_MLE\CV-for-GRIT\databases\hawaii_beetles_images\individual_specimens\01\IMG_0127_specimen_1_BLAKIL_NEON.BET.D20.000381.png,measurable,measurable,measurable,measurable,measurable,measurable,measurable,measurable,measurable,measurable,measurable,non_measurable,non_measurable,non_measurable,non_measurable,measurable,measurable,measurable,measurable,non_measurable,non_measurable,measurable,measurable,non_measurable,non_measurable,measurable,measurable,545.315,96.325,56.604,68.439,198.915,180.362,136.841,106.453,252.118,382.258,71.249,,,,,363.392,362.203,125.968,101.96,,,153.994,61.453,,,150.164,61.954
C:\Users\tombe\Documents\_MLE\CV-for-GRIT\databases\hawaii_beetles_images\individual_specimens\01\IMG_0127_specimen_2_BLAKIL_NEON.BET.D20.000382.png,measurable,measurable,measurable,measurable,measurable,measurable,measurable,measurable,measurable,measurable,measurable,non_measurable,non_measurable,non_measurable,non_measurable,measurable,measurable,measurable,measurable,non_measurable,non_measurable,measurable,measurable,non_measurable,non_measurable,non_measurable,non_measurable,511.249,92.727,109.136,59.054,225.286,198.465,113.121,97.425,205.161,304.688,51.827,,,,,300.549,303.422,105.901,84.841,,,81.577,47.258,,,,
C:\Users\tombe\Documents\_MLE\CV-for-GRIT\databases\hawaii_beetles_images\individual_specimens\01\IMG_0127_specimen_3_BLAKIL_NEON.BET.D20.000491.png,measurable,measurable,measurable,measurable,measurable,measurable,measurable,measurable,measurable,measurable,measurable,non_measurable,non_measurable,non_measurable,non_measurable,measurable,measurable,measurable,measurable,non_measurable,non_measurable,measurable,non_measurable,non_measurable,non_measurable,non_measurable,non_measurable,539.759,93.018,101.853,59.166,238.717,203.703,125.176,99.044,212.228,338.863,61.217,,,,,323.538,321.871,105.666,88.799,,,77.006,,,,,
C:\Users\tombe\Documents\_MLE\CV-for-GRIT\databases\hawaii_beetles_images\individual_specimens\01\IMG_0127_specimen_4_BLAKIL_NEON.BET.D20.000492.png,measurable,measurable,measurable,measurable,measurable,measurable,measurable,measurable,measurable,measurable,measurable,non_measurable,non_measurable,non_measurable,non_measurable,measurable,measurable,measurable,measurable,non_measurable,non_measurable,non_measurable,non_measurable,non_measurable,non_measurable,non_measurable,non_measurable,537.176,97.28,85.527,62.859,230.307,206.206,120.426,102.027,222.143,349.622,78.445,,,,,331.284,325.75,109.753,98.525,,,,,,,,
C:\Users\tombe\Documents\_MLE\CV-for-GRIT\databases\hawaii_beetles_images\individual_specimens\01\IMG_0128_specimen_1_BLAKIL_NEON.BET.D20.000572.png,measurable,measurable,measurable,measurable,measurable,measurable,measurable,measurable,measurable,measurable,measurable,non_measurable,non_measurable,non_measurable,non_measurable,measurable,measurable,measurable,measurable,non_measurable,non_measurable,non_measurable,non_measurable,non_measurable,non_measurable,non_measurable,non_measurable,475.43,90.579,58.823,59.436,218.486,130.877,119.486,95.667,208.651,320.94,53.728,,,,,306.057,308.196,104.235,91.729,,,,,,,,
C:\Users\tombe\Documents\_MLE\CV-for-GRIT\databases\hawaii_beetles_images\individual_specimens\01\IMG_0128_specimen_2_BLAKIL_NEON.BET.D20.000658.png,measurable,measurable,measurable,measurable,measurable,measurable,measurable,measurable,non_measurable,measurable,measurable,non_measurable,non_measurable,non_measurable,non_measurable,measurable,measurable,measurable,measurable,non_measurable,non_measurable,non_measurable,non_measurable,non_measurable,non_measurable,non_measurable,non_measurable,538.36,95.463,81.31,62.88,210.406,186.25,124.248,102.355,,354.695,59.507,,,,,329.191,327.593,116.903,90.787,,,,,,,,
C:\Users\tombe\Documents\_MLE\CV-for-GRIT\databases\hawaii_beetles_images\individual_specimens\01\IMG_0128_specimen_3_BLAKIL_NEON.BET.D20.001717.png,measurable,measurable,measurable,measurable,measurable,measurable,measurable,measurable,non_measurable,measurable,measurable,non_measurable,non_measurable,non_measurable,non_measurable,measurable,measurable,measurable,measurable,non_measurable,non_measurable,measurable,non_measurable,non_measurable,non_measurable,non_measurable,non_measurable,499.312,90.725,113.652,61.759,188.154,227.157,109.022,89.463,,296.196,63.537,,,,,271.178,286.658,104.969,91.742,,,77.792,,,,,
C:\Users\tombe\Documents\_MLE\CV-for-GRIT\databases\hawaii_beetles_images\individual_specimens\01\IMG_0128_specimen_4_BLAKIL_NEON.BET.D20.001808.png,measurable,measurable,measurable,measurable,measurable,measurable,measurable,measurable,measurable,measurable,measurable,non_measurable,non_measurable,non_measurable,non_measurable,measurable,measurable,measurable,measurable,non_measurable,non_measurable,non_measurable,non_measurable,non_measurable,non_measurable,non_measurable,non_measurable,571.846,101.264,105.711,62.971,248.475,229.927,116.907,112.613,198.768,353.522,63.778,,,,,331.956,330.923,126.363,66.256,,,,,,,,
C:\Users\tombe\Documents\_MLE\CV-for-GRIT\databases\hawaii_beetles_images\individual_specimens\01\IMG_0129_specimen_1_BLAHAW_NEON.BET.D20.000014.png,measurable,measurable,measurable,measurable,measurable,measurable,measurable,measurable,non_measurable,measurable,measurable,non_measurable,non_measurable,non_measurable,non_measurable,measurable,measurable,measurable,measurable,non_measurable,non_measurable,non_measurable,non_measurable,non_measurable,non_measurable,measurable,measurable,647.362,105.961,122.48,68.237,283.146,190.873,142.257,110.354,,414.527,76.931,,,,,429.183,422.763,128.105,139.83,,,,,,,101.285,124.197
C:\Users\tombe\Documents\_MLE\CV-for-GRIT\databases\hawaii_beetles_images\individual_specimens\01\IMG_0130_specimen_1_BLAHAW_NEON.BET.D20.000286.png,measurable,measurable,measurable,measurable,measurable,measurable,measurable,measurable,measurable,measurable,measurable,non_measurable,non_measurable,non_measurable,non_measurable,measurable,measurable,measurable,measurable,non_measurable,non_measurable,non_measurable,non_measurable,non_measurable,non_measurable,non_measurable,non_measurable,658.401,98.576,118.4,68.379,320.038,300.008,138.193,110.522,268.934,429.478,73.399,,,,,422.917,427.109,138.997,103.346,,,,,,,,
C:\Users\tombe\Documents\_MLE\CV-for-GRIT\databases\hawaii_beetles_images\individual_specimens\01\IMG_0130_specimen_2_BLAHAW_NEON.BET.D20.000287.png,non_measurable,non_measurable,non_measurable,non_measurable,measurable,measurable,measurable,measurable,non_measurable,measurable,measurable,non_measurable,non_measurable,non_measurable,non_measurable,measurable,measurable,measurable,measurable,non_measurable,non_measurable,measurable,measurable,non_measurable,non_measurable,non_measurable,measurable,,,,,285.107,250.62,113.411,85.559,,411.563,68.826,,,,,393.307,398.014,120.274,59.383,,,145.133,37.489,,,,96.555
C:\Users\tombe\Documents\_MLE\CV-for-GRIT\databases\hawaii_beetles_images\individual_specimens\01\IMG_0130_specimen_3_BLAHAW_NEON.BET.D20.000487.png,measurable,measurable,measurable,measurable,measurable,measurable,measurable,measurable,non_measurable,measurable,measurable,non_measurable,non_measurable,non_measurable,non_measurable,measurable,measurable,measurable,measurable,non_measurable,non_measurable,non_measurable,non_measurable,non_measurable,non_measurable,non_measurable,non_measurable,687.019,106.242,142.251,64.15,291.234,358.149,128.631,126.758,,418.01,56.578,,,,,427.067,434.426,69.659,124.896,,,,,,,,
C:\Users\tombe\Documents\_MLE\CV-for-GRIT\databases\hawaii_beetles_images\individual_specimens\01\IMG_0131_specimen_1_BLAHAW_NEON.BET.D20.000794.png,measurable,measurable,measurable,measurable,measurable,measurable,measurable,measurable,non_measurable,measurable,measurable,non_measurable,non_measurable,non_measurable,non_measurable,measurable,measurable,measurable,measurable,non_measurable,non_measurable,non_measurable,non_measurable,non_measurable,non_measurable,non_measurable,non_measurable,697.188,106.607,96.149,66.178,224.597,268.505,138.706,117.574,,483.466,52.225,,,,,348.199,435.93,134.645,141.185,,,,,,,,
C:\Users\tombe\Documents\_MLE\CV-for-GRIT\databases\hawaii_beetles_images\individual_specimens\01\IMG_0131_specimen_2_BLAHAW_NEON.BET.D20.001098.png,measurable,measurable,measurable,measurable,measurable,measurable,measurable,measurable,non_measurable,measurable,measurable,non_measurable,non_measurable,non_measurable,non_measurable,measurable,measurable,measurable,measurable,non_measurable,non_measurable,measurable,non_measurable,non_measurable,non_measurable,non_measurable,non_measurable,612.986,96.912,110.231,63.948,258.803,234.42,128.155,104.603,,398.152,53.005,,,,,417.465,419.858,132.789,86.645,,,167.543,,,,,
C:\Users\tombe\Documents\_MLE\CV-for-GRIT\databases\hawaii_beetles_images\individual_specimens\01\IMG_0131_specimen_3_BLAHAW_NEON.BET.D20.001099.png,measurable,measurable,measurable,measurable,measurable,measurable,measurable,measurable,non_measurable,measurable,measurable,non_measurable,non_measurable,non_measurable,non_measurable,measurable,measurable,measurable,measurable,non_measurable,non_measurable,non_measurable,non_measurable,non_measurable,non_measurable,non_measurable,non_measurable,611.593,101.521,97.129,68.66,143.203,227.275,135.738,103.881,,410.583,75.526,,,,,437.4,426.352,145.037,139.589,,,,,,,,
C:\Users\tombe\Documents\_MLE\CV-for-GRIT\databases\hawaii_beetles_images\individual_specimens\01\IMG_0132_specimen_1_BLAHAW_NEON.BET.D20.001265.png,measurable,measurable,measurable,measurable,measurable,measurable,measurable,measurable,measurable,measurable,measurable,non_measurable,non_measurable,non_measurable,non_measurable,measurable,measurable,measurable,measurable,non_measurable,non_measurable,non_measurable,non_measurable,non_measurable,non_measurable,measurable,measurable,582.217,91.984,79.252,58.265,316.256,240.389,116.479,93.821,224.461,409.145,56.914,,,,,379.688,386.122,132.449,86.703,,,,,,,163.462,95.797
C:\Users\tombe\Documents\_MLE\CV-for-GRIT\databases\hawaii_beetles_images\individual_specimens\01\IMG_0132_specimen_2_BLAHAW_NEON.BET.D20.001578.png,measurable,measurable,measurable,measurable,measurable,measurable,measurable,measurable,measurable,measurable,measurable,non_measurable,non_measurable,non_measurable,non_measurable,measurable,measurable,measurable,measurable,non_measurable,non_measurable,measurable,measurable,non_measurable,non_measurable,measurable,non_measurable,631.095,110.553,84.932,75.145,296.594,300.503,141.924,109.083,275.629,437.08,67.33,,,,,436.569,420.782,133.972,96.543,,,169.404,68.584,,,169.404,
C:\Users\tombe\Documents\_MLE\CV-for-GRIT\databases\hawaii_beetles_images\individual_specimens\01\IMG_0132_specimen_3_BLAHAW_NEON.BET.D20.001583.png,measurable,measurable,measurable,measurable,measurable,measurable,measurable,measurable,measurable,measurable,measurable,non_measurable,non_measurable,non_measurable,non_measurable,measurable,measurable,measurable,measurable,non_measurable,non_measurable,non_measurable,non_measurable,non_measurable,non_measurable,measurable,non_measurable,601.9,105.386,88.393,69.741,304.914,281.431,139.517,105.671,283.956,407.836,68.262,,,,,413.321,412.259,119.425,122.523,,,,,,,173.308,
C:\Users\tombe\Documents\_MLE\CV-for-GRIT\databases\hawaii_beetles_images\individual_specimens\01\IMG_0133_specimen_1_BLAHAW_NEON.BET.D20.001606.png,measurable,measurable,measurable,measurable,measurable,measurable,measurable,measurable,measurable,measurable,measurable,non_measurable,non_measurable,non_measurable,non_measurable,measurable,measurable,measurable,measurable,non_measurable,non_measurable,non_measurable,non_measurable,non_measurable,non_measurable,non_measurable,non_measurable,641.064,107.73,106.391,74.438,346.048,288.858,136.56,116.637,266.118,418.036,71.719,,,,,408.876,428.651,138.519,119.262,,,,,,,,
C:\Users\tombe\Documents\_MLE\CV-for-GRIT\databases\hawaii_beetles_images\individual_specimens\01\IMG_0133_specimen_2_BLAHAW_NEON.BET.D20.001644.png,measurable,measurable,measurable,measurable,measurable,measurable,measurable,measurable,measurable,measurable,measurable,non_measurable,non_measurable,non_measurable,non_measurable,measurable,measurable,measurable,measurable,non_measurable,non_measurable,non_measurable,non_measurable,non_measurable,non_measurable,non_measurable,non_measurable,623.777,96.827,96.122,63.825,332.421,250.453,125.997,111.565,244.556,416.09,69.841,,,,,419.124,418.951,139.682,71.407,,,,,,,,
C:\Users\tombe\Documents\_MLE\CV-for-GRIT\databases\hawaii_beetles_images\individual_specimens\01\IMG_0134_specimen_1_MECKAR_NEON.BET.D20.000186.png,measurable,measurable,measurable,measurable,measurable,measurable,measurable,measurable,measurable,measurable,measurable,non_measurable,non_measurable,non_measurable,non_measurable,measurable,measurable,measurable,measurable,non_measurable,non_measurable,non_measurable,non_measurable,non_measurable,non_measurable,non_measurable,non_measurable,512.371,93.522,73.246,62.921,213.687,187.408,133.551,111.455,202.484,327.671,61.39,,,,,327.46,327.439,103.445,88.533,,,,,,,,
C:\Users\tombe\Documents\_MLE\CV-for-GRIT\databases\hawaii_beetles_images\individual_specimens\01\IMG_0134_specimen_2_MECKAR_NEON.BET.D20.000187.png,measurable,measurable,measurable,measurable,measurable,non_measurable,measurable,measurable,measurable,measurable,measurable,non_measurable,non_measurable,non_measurable,non_measurable,measurable,measurable,measurable,measurable,non_measurable,non_measurable,non_measurable,non_measurable,non_measurable,non_measurable,non_measurable,non_measurable,518.908,92.165,70.394,60.717,211.695,,130.76,107.697,213.394,340.817,51.877,,,,,326.966,324.748,128.578,75.844,,,,,,,,
C:\Users\tombe\Documents\_MLE\CV-for-GRIT\databases\hawaii_beetles_images\individual_specimens\01\IMG_0134_specimen_3_MECKAR_NEON.BET.D20.000350.png,non_measurable,non_measurable,non_measurable,non_measurable,measurable,measurable,measurable,measurable,measurable,measurable,measurable,non_measurable,non_measurable,non_measurable,non_measurable,measurable,measurable,measurable,measurable,non_measurable,non_measurable,measurable,measurable,non_measurable,non_measurable,non_measurable,non_measurable,,,,,206.694,177.086,138.522,93.623,209.483,356.287,65.696,,,,,338.75,333.265,117.87,81.486,,,139.245,54.875,,,,
C:\Users\tombe\Documents\_MLE\CV-for-GRIT\databases\hawaii_beetles_images\individual_specimens\01\IMG_0134_specimen_4_MECKAR_NEON.BET.D20.000609.png,measurable,measurable,measurable,measurable,measurable,measurable,measurable,measurable,measurable,measurable,measurable,non_measurable,non_measurable,non_measurable,non_measurable,measurable,measurable,measurable,measurable,non_measurable,non_measurable,measurable,measurable,non_measurable,non_measurable,non_measurable,non_measurable,527.607,92.899,98.445,63.974,181.309,176.303,124.29,118.969,202.963,310.193,55.874,,,,,311.077,312.944,130.606,63.672,,,101.65,58.96,,,,
C:\Users\tombe\Documents\_MLE\CV-for-GRIT\databases\hawaii_beetles_images\individual_specimens\01\IMG_0136_specimen_1_MECKAR_NEON.BET.D20.000657.png,non_measurable,measurable,non_measurable,measurable,measurable,measurable,measurable,measurable,measurable,measurable,measurable,non_measurable,non_measurable,non_measurable,non_measurable,measurable,measurable,measurable,measurable,non_measurable,non_measurable,measurable,measurable,non_measurable,non_measurable,non_measurable,non_measurable,,92.792,,60.43,165.87,151.763,126.343,89.841,206.302,312.842,50.279,,,,,291.733,284.97,101.898,91.147,,,108.516,73.7,,,,
C:\Users\tombe\Documents\_MLE\CV-for-GRIT\databases\hawaii_beetles_images\individual_specimens\01\IMG_0136_specimen_2_MECKAR_NEON.BET.D20.000701.png,measurable,measurable,measurable,measurable,measurable,measurable,measurable,measurable,measurable,measurable,measurable,non_measurable,non_measurable,non_measurable,non_measurable,measurable,measurable,measurable,measurable,non_measurable,non_measurable,non_measurable,non_measurable,non_measurable,non_measurable,measurable,measurable,491.101,91.571,89.467,60.729,185.49,172.183,120.303,99.26,192.97,302.374,60.581,,,,,295.85,305.666,101.649,90.202,,,,,,,106.504,73.951
C:\Users\tombe\Documents\_MLE\CV-for-GRIT\databases\hawaii_beetles_images\individual_specimens\01\IMG_0136_specimen_3_MECKAR_NEON.BET.D20.000702.png,measurable,measurable,measurable,measurable,measurable,measurable,measurable,measurable,measurable,measurable,measurable,non_measurable,non_measurable,non_measurable,non_measurable,measurable,measurable,measurable,measurable,non_measurable,non_measurable,non_measurable,non_measurable,non_measurable,non_measurable,non_measurable,non_measurable,518.995,93.628,81.734,68.317,204.527,179.46,130.316,107.811,204.715,329.45,55.864,,,,,325.573,320.36,112.353,81.489,,,,,,,,
C:\Users\tombe\Documents\_MLE\CV-for-GRIT\databases\hawaii_beetles_images\individual_specimens\01\IMG_0136_specimen_4_MECKAR_NEON.BET.D20.000828.png,measurable,measurable,measurable,measurable,measurable,measurable,measurable,measurable,measurable,measurable,measurable,non_measurable,non_measurable,non_measurable,non_measurable,measurable,measurable,measurable,measurable,non_measurable,non_measurable,non_measurable,non_measurable,non_measurable,non_measurable,non_measurable,non_measurable,504.077,89.488,62.773,60.323,164.281,147.168,132.19,99.107,213.033,342.197,70.441,,,,,316.626,320.633,102.187,98.609,,,,,,,,
C:\Users\tombe\Documents\_MLE\CV-for-GRIT\databases\hawaii_beetles_images\individual_specimens\01\IMG_0138_specimen_1_MECKAR_NEON.BET.D20.000830.png,measurable,measurable,measurable,measurable,measurable,measurable,measurable,measurable,measurable,measurable,measurable,non_measurable,non_measurable,non_measurable,non_measurable,measurable,measurable,measurable,measurable,non_measurable,non_measurable,non_measurable,non_measurable,non_measurable,non_measurable,non_measurable,non_measurable,504.061,97.718,75.359,62.684,163.807,165.089,104.382,111.389,188.739,317.313,57.237,,,,,315.934,311.647,123.563,49.992,,,,,,,,
C:\Users\tombe\Documents\_MLE\CV-for-GRIT\databases\hawaii_beetles_images\individual_specimens\01\IMG_0138_specimen_2_MECKAR_NEON.BET.D20.000977.png,measurable,measurable,measurable,measurable,measurable,measurable,measurable,measurable,measurable,measurable,measurable,non_measurable,non_measurable,non_measurable,non_measurable,measurable,measurable,measurable,measurable,non_measurable,non_measurable,non_measurable,non_measurable,non_measurable,non_measurable,non_measurable,non_measurable,417.086,82.714,54.684,55.569,173.05,148.508,120.17,97.618,193.304,264.785,44.9,,,,,276.076,274.606,108.611,72.637,,,,,,,,
C:\Users\tombe\Documents\_MLE\CV-for-GRIT\databases\hawaii_beetles_images\individual_specimens\01\IMG_0138_specimen_3_MECKAR_NEON.BET.D20.001305.png,measurable,measurable,measurable,measurable,measurable,measurable,measurable,measurable,measurable,measurable,measurable,non_measurable,non_measurable,non_measurable,non_measurable,measurable,measurable,measurable,measurable,non_measurable,non_measurable,measurable,measurable,non_measurable,non_measurable,non_measurable,non_measurable,531.512,96.861,112.514,62.884,189.763,172.351,133.312,117.201,209.532,301.798,66.373,,,,,300.279,303.152,105.872,96.573,,,129.188,64.658,,,,
C:\Users\tombe\Documents\_MLE\CV-for-GRIT\databases\hawaii_beetles_images\individual_specimens\01\IMG_0139_specimen_1_MECKAR_NEON.BET.D20.000978.png,measurable,measurable,measurable,measurable,measurable,measurable,measurable,measurable,non_measurable,measurable,measurable,non_measurable,non_measurable,non_measurable,non_measurable,measurable,measurable,measurable,measurable,non_measurable,non_measurable,non_measurable,non_measurable,non_measurable,non_measurable,non_measurable,measurable,481.707,97.416,72.088,64.22,200.204,200.782,126.584,114.881,,294.738,71.716,,,,,284.639,298.054,103.237,94.858,,,,,,,,55.303
