epoch,time,train/loss,metrics/accuracy_top1,metrics/accuracy_top5,val/loss,lr/pg0,lr/pg1,lr/pg2
1,15.586,0.4905,0.99203,1,0.03514,0.00041336,0.00041336,0.00041336
2,23.9279,0.1105,0.89641,1,0.26802,0.000821809,0.000821809,0.000821809
3,32.2465,0.09658,0.9761,1,0.07116,0.00122201,0.00122201,0.00122201
4,40.4295,0.08477,0.95219,1,0.13176,0.00121287,0.00121287,0.00121287
5,48.6191,0.10548,0.98008,1,0.05966,0.0012005,0.0012005,0.0012005
6,56.7825,0.10702,0.98805,1,0.03005,0.00118812,0.00118812,0.00118812
7,64.9445,0.06829,0.98805,1,0.04053,0.00117575,0.00117575,0.00117575
8,73.1072,0.06644,0.98406,1,0.03799,0.00116337,0.00116337,0.00116337
9,81.2745,0.0372,0.97211,1,0.08297,0.001151,0.001151,0.001151
10,89.5396,0.07261,0.99602,1,0.00886,0.00113863,0.00113863,0.00113863
11,97.7903,0.03409,0.99602,1,0.00373,0.00112625,0.00112625,0.00112625
12,106.005,0.02644,1,1,0.00475,0.00111388,0.00111388,0.00111388
13,114.246,0.03506,1,1,0.00458,0.0011015,0.0011015,0.0011015
14,122.496,0.02431,1,1,0.00032,0.00108913,0.00108913,0.00108913
15,130.739,0.01737,0.99602,1,0.0037,0.00107675,0.00107675,0.00107675
16,138.991,0.01819,0.99602,1,0.0115,0.00106437,0.00106437,0.00106437
17,147.241,0.01822,0.99203,1,0.01478,0.001052,0.001052,0.001052
18,155.489,0.02335,0.99602,1,0.0094,0.00103962,0.00103962,0.00103962
19,163.693,0.03224,1,1,0.00386,0.00102725,0.00102725,0.00102725
20,171.959,0.0299,1,1,0.00227,0.00101488,0.00101488,0.00101488
21,180.204,0.02075,1,1,0.00191,0.0010025,0.0010025,0.0010025
22,188.431,0.01532,1,1,0.00023,0.000990125,0.000990125,0.000990125
23,196.653,0.01427,1,1,0.00076,0.00097775,0.00097775,0.00097775
24,204.826,0.02781,1,1,0.00195,0.000965375,0.000965375,0.000965375
25,212.999,0.02308,1,1,0.00263,0.000953,0.000953,0.000953
26,221.279,0.02885,1,1,0.00261,0.000940625,0.000940625,0.000940625
27,229.582,0.02445,1,1,0.0007,0.00092825,0.00092825,0.00092825
28,237.835,0.01879,1,1,0.00114,0.000915875,0.000915875,0.000915875
29,246.043,0.00684,1,1,0.00144,0.0009035,0.0009035,0.0009035
30,254.312,0.00713,1,1,0.00069,0.000891125,0.000891125,0.000891125
31,262.737,0.01345,1,1,0.00032,0.00087875,0.00087875,0.00087875
32,271.026,0.01079,1,1,0.00031,0.000866375,0.000866375,0.000866375
33,279.325,0.00781,1,1,4e-05,0.000854,0.000854,0.000854
34,287.611,0.01624,1,1,0.00209,0.000841625,0.000841625,0.000841625
35,295.973,0.01329,1,1,0.00101,0.00082925,0.00082925,0.00082925
36,304.289,0.01233,1,1,0.00108,0.000816875,0.000816875,0.000816875
37,312.625,0.01134,1,1,0.00072,0.0008045,0.0008045,0.0008045
38,320.905,0.01061,1,1,6e-05,0.000792125,0.000792125,0.000792125
39,329.244,0.01022,1,1,0.00062,0.00077975,0.00077975,0.00077975
40,337.559,0.01224,1,1,0.00016,0.000767375,0.000767375,0.000767375
41,345.931,0.01218,1,1,0.00029,0.000755,0.000755,0.000755
42,354.243,0.00615,1,1,0.00024,0.000742625,0.000742625,0.000742625
43,362.56,0.00628,1,1,0.00037,0.00073025,0.00073025,0.00073025
44,370.871,0.00245,1,1,0.00013,0.000717875,0.000717875,0.000717875
45,379.288,0.00527,1,1,0.00034,0.0007055,0.0007055,0.0007055
46,387.725,0.00657,1,1,0.00053,0.000693125,0.000693125,0.000693125
47,396.121,0.00325,1,1,0.00024,0.00068075,0.00068075,0.00068075
48,404.479,0.00215,1,1,9e-05,0.000668375,0.000668375,0.000668375
49,412.917,0.00199,1,1,9e-05,0.000656,0.000656,0.000656
50,421.294,0.00366,1,1,2e-05,0.000643625,0.000643625,0.000643625
51,429.668,0.00756,0.99602,1,0.01181,0.00063125,0.00063125,0.00063125
52,437.976,0.01498,1,1,0.00024,0.000618875,0.000618875,0.000618875
53,446.299,0.00796,1,1,9e-05,0.0006065,0.0006065,0.0006065
54,454.666,0.00507,1,1,0.00228,0.000594125,0.000594125,0.000594125
55,463.119,0.00408,1,1,0.00012,0.00058175,0.00058175,0.00058175
56,471.553,0.00615,1,1,2e-05,0.000569375,0.000569375,0.000569375
57,480.059,0.00883,1,1,0.00032,0.000557,0.000557,0.000557
58,488.368,0.01515,1,1,0.00045,0.000544625,0.000544625,0.000544625
59,496.836,0.00829,1,1,0.00157,0.00053225,0.00053225,0.00053225
60,505.218,0.00572,1,1,0.00025,0.000519875,0.000519875,0.000519875
61,513.535,0.00204,1,1,0.00099,0.0005075,0.0005075,0.0005075
62,521.932,0.00692,1,1,3e-05,0.000495125,0.000495125,0.000495125
63,530.277,0.00474,1,1,0.00191,0.00048275,0.00048275,0.00048275
64,538.705,0.00424,1,1,0.00044,0.000470375,0.000470375,0.000470375
65,547.117,0.00371,1,1,0.00059,0.000458,0.000458,0.000458
66,555.311,0.00336,0.99602,1,0.0038,0.000445625,0.000445625,0.000445625
67,563.749,0.00399,1,1,0.00019,0.00043325,0.00043325,0.00043325
68,572.167,0.00642,1,1,0.00125,0.000420875,0.000420875,0.000420875
69,580.516,0.00911,1,1,0,0.0004085,0.0004085,0.0004085
70,588.646,0.0029,1,1,5e-05,0.000396125,0.000396125,0.000396125
71,597.135,0.00445,1,1,0.00027,0.00038375,0.00038375,0.00038375
72,605.509,0.00198,1,1,1e-05,0.000371375,0.000371375,0.000371375
73,613.995,0.00305,1,1,1e-05,0.000359,0.000359,0.000359
74,622.38,0.00175,1,1,3e-05,0.000346625,0.000346625,0.000346625
75,630.901,0.00157,1,1,2e-05,0.00033425,0.00033425,0.00033425
76,639.259,0.00117,1,1,1e-05,0.000321875,0.000321875,0.000321875
77,647.675,0.00221,1,1,0,0.0003095,0.0003095,0.0003095
78,656.088,0.00095,1,1,0,0.000297125,0.000297125,0.000297125
79,664.493,0.00121,1,1,0,0.00028475,0.00028475,0.00028475
80,672.887,0.00258,1,1,1e-05,0.000272375,0.000272375,0.000272375
81,681.341,0.00322,1,1,0,0.00026,0.00026,0.00026
82,689.8,0.00213,1,1,1e-05,0.000247625,0.000247625,0.000247625
83,698.442,0.001,1,1,0,0.00023525,0.00023525,0.00023525
84,706.93,0.00194,1,1,0,0.000222875,0.000222875,0.000222875
85,715.442,0.00098,1,1,3e-05,0.0002105,0.0002105,0.0002105
86,724.123,0.0036,1,1,2e-05,0.000198125,0.000198125,0.000198125
87,732.644,0.00202,1,1,0,0.00018575,0.00018575,0.00018575
88,741.095,0.0018,1,1,0,0.000173375,0.000173375,0.000173375
89,749.633,0.00096,1,1,0,0.000161,0.000161,0.000161
90,758.221,0.00028,1,1,1e-05,0.000148625,0.000148625,0.000148625
91,768.441,0.00025,1,1,1e-05,0.00013625,0.00013625,0.00013625
92,777.166,0.00036,1,1,0,0.000123875,0.000123875,0.000123875
93,785.787,0.00082,1,1,0,0.0001115,0.0001115,0.0001115
94,794.329,0.00085,1,1,1e-05,9.9125e-05,9.9125e-05,9.9125e-05
95,802.927,0.0045,1,1,0,8.675e-05,8.675e-05,8.675e-05
96,811.509,0.00741,1,1,0,7.4375e-05,7.4375e-05,7.4375e-05
97,820.055,0.00064,1,1,0,6.2e-05,6.2e-05,6.2e-05
98,828.691,0.00033,1,1,0,4.9625e-05,4.9625e-05,4.9625e-05
99,837.205,0.00224,1,1,0,3.725e-05,3.725e-05,3.725e-05
100,845.843,0.00056,1,1,0,2.4875e-05,2.4875e-05,2.4875e-05
