epoch,time,train/box_loss,train/pose_loss,train/kobj_loss,train/cls_loss,train/dfl_loss,train/rle_loss,metrics/precision(B),metrics/recall(B),metrics/mAP50(B),metrics/mAP50-95(B),metrics/precision(P),metrics/recall(P),metrics/mAP50(P),metrics/mAP50-95(P),val/box_loss,val/pose_loss,val/kobj_loss,val/cls_loss,val/dfl_loss,val/rle_loss,lr/pg0,lr/pg1,lr/pg2
1,8.95797,2.32965,96.7513,0.69874,1.79137,0.0495,28.2667,0.99577,1,0.995,0.59413,0,0,0,0,1.60616,98.2898,0.68631,0.36137,0.04709,0,0.00018,0.00018,0.00018
2,13.1331,1.59484,93.4887,0.6984,0.74891,0.03214,18.9294,0.9947,1,0.995,0.37524,0,0,0,0,2.53716,99.1568,0.62832,0.55394,0.07509,0,0.000377492,0.000377492,0.000377492
3,17.2102,1.6482,90.3625,0.63732,0.80174,0.03293,14.8949,1,0.79731,0.95462,0.34627,0,0,0,0,2.30355,97.3199,0.57335,1.08747,0.07004,0,0.000572344,0.000572344,0.000572344
4,21.2849,1.68719,88.9105,0.59966,0.92393,0.03611,13.7665,0.70443,0.8,0.78035,0.33508,0,0,0,0,1.91901,86.0282,0.4955,1.37745,0.0573,0,0.000764556,0.000764556,0.000764556
5,25.3604,1.61621,87.2581,0.52911,0.98312,0.0353,11.421,0.6531,1,0.83704,0.39766,0,0,0,0,1.86178,87.3523,0.29521,0.98783,0.05574,0,0.000954128,0.000954128,0.000954128
6,29.4397,1.64386,85.945,0.50123,1.04731,0.03637,10.1139,0.76943,0.83478,0.87293,0.39018,0,0,0,0,1.78049,70.6921,0.28371,1.10532,0.048,0,0.00114106,0.00114106,0.00114106
7,33.5049,1.78422,86.113,0.49442,0.92669,0.03761,9.35742,0.94002,0.95,0.96,0.40989,0,0,0,0,1.99148,95.9677,0.24087,0.78673,0.06337,0,0.00132535,0.00132535,0.00132535
8,37.5713,1.69845,83.4548,0.47883,0.78381,0.03721,8.89859,0.86239,0.95,0.95471,0.46786,0,0,0,0,1.81416,91.9744,0.27208,0.95184,0.0513,0,0.001507,0.001507,0.001507
9,41.6359,1.73666,80.2342,0.46781,0.82132,0.0361,8.26921,0.9007,0.9074,0.96359,0.32308,0,0,0,0,2.3227,96.2109,0.26031,0.72546,0.06822,0,0.00168602,0.00168602,0.00168602
10,45.6992,1.85399,78.6024,0.45895,0.78835,0.0387,8.03513,0.90101,0.91056,0.98372,0.43839,0,0,0,0,2.05137,65.1908,0.24108,0.66128,0.05604,0,0.00186239,0.00186239,0.00186239
11,49.7208,1.88709,81.6992,0.46535,0.79758,0.03861,8.27979,0.9959,0.9,0.98096,0.57281,0,0,0,0,1.43008,90.0803,0.22136,0.67604,0.03801,0,0.001868,0.001868,0.001868
12,53.7804,1.74807,76.0891,0.45158,0.67703,0.03617,7.69737,0.9246,0.85,0.94315,0.38911,0,0,0,0,2.10057,84.0601,0.22994,0.75467,0.05815,0,0.0018548,0.0018548,0.0018548
13,57.8276,1.62569,74.0867,0.43162,0.67542,0.03306,7.28148,0.33472,0.6,0.30623,0.13683,0,0,0,0,2.04774,76.524,0.27268,1.96177,0.0591,0,0.0018416,0.0018416,0.0018416
14,61.9441,1.64178,71.924,0.43627,0.6582,0.03266,6.98119,0.74373,0.95,0.935,0.51876,0,0,0,0,1.63477,72.2919,0.26577,0.72811,0.04555,0,0.0018284,0.0018284,0.0018284
15,66.007,1.7069,72.2689,0.42429,0.67917,0.03612,7.24791,0.94292,0.82666,0.96055,0.49627,0,0,0,0,1.80799,73.6996,0.27293,0.68375,0.04913,0,0.0018152,0.0018152,0.0018152
16,70.1191,1.58513,69.2743,0.42175,0.63921,0.03087,6.58992,0.93498,1,0.995,0.47833,0,0,0,0,1.86651,75.6152,0.25634,0.79331,0.04967,0,0.001802,0.001802,0.001802
17,74.182,1.53414,72.2702,0.40979,0.67582,0.02984,6.57092,0.94912,0.95,0.98667,0.41059,0,0,0,0,1.99613,81.4484,0.25291,0.73196,0.06555,0,0.0017888,0.0017888,0.0017888
18,78.2363,1.6965,71.8766,0.41869,0.80191,0.03604,7.05357,0.94993,0.9486,0.94254,0.39895,0,0,0,0,2.14863,83.9845,0.28028,0.86465,0.06267,0,0.0017756,0.0017756,0.0017756
19,82.2359,1.58123,71.2446,0.39728,0.70821,0.03218,6.58033,0.85008,0.9,0.94199,0.47842,0,0,0,0,1.75199,70.0321,0.28876,0.71138,0.04754,0,0.0017624,0.0017624,0.0017624
20,86.3174,1.57636,67.6401,0.39737,0.6855,0.03215,6.27465,0.79907,1,0.95951,0.55451,0,0,0,0,1.61676,73.4251,0.26972,0.57284,0.04395,0,0.0017492,0.0017492,0.0017492
21,90.381,1.58804,67.1664,0.38736,0.67731,0.03223,6.23628,0.80129,0.9,0.93863,0.5518,0,0,0,0,1.48401,68.6473,0.25259,0.83358,0.0388,0,0.001736,0.001736,0.001736
22,94.4534,1.60708,64.0574,0.37512,0.71591,0.03443,6.09429,0.98621,0.9,0.98591,0.39605,0,0,0,0,2.32768,65.2943,0.23455,0.63375,0.07037,0,0.0017228,0.0017228,0.0017228
23,98.4659,1.72632,67.1911,0.39409,0.72083,0.03807,6.48044,0.89783,1,0.98328,0.56675,0,0,0,0,1.61559,69.1096,0.23748,0.51106,0.04258,0,0.0017096,0.0017096,0.0017096
24,102.521,1.63292,65.7071,0.39014,0.64581,0.03378,6.09839,0.9455,0.95,0.98667,0.59945,0.0662,0.05,0.00684,0.00122,1.53922,56.2081,0.24751,0.62271,0.04253,0,0.0016964,0.0016964,0.0016964
25,106.624,1.68955,66.1592,0.38585,0.66899,0.03617,6.10685,0.82166,1,0.97485,0.5727,0.03837,0.05,0.00297,0.0003,1.56142,56.6797,0.23928,0.49075,0.04135,0,0.0016832,0.0016832,0.0016832
26,110.723,1.55385,61.5596,0.38166,0.6529,0.03302,5.71649,0.9187,0.9,0.96971,0.57889,0.18117,0.2,0.04455,0.00537,1.52313,48.4789,0.28232,0.50616,0.04163,0,0.00167,0.00167,0.00167
27,114.797,1.75327,63.8371,0.38569,0.68608,0.03679,5.856,0.95017,1,0.995,0.57474,0,0,0,0,1.60314,57.7964,0.29905,0.49068,0.0418,0,0.0016568,0.0016568,0.0016568
28,118.903,1.55298,62.7202,0.38328,0.61441,0.03138,5.36257,0.95229,0.99814,0.99262,0.58462,0.2129,0.2,0.0768,0.0089,1.63977,49.2607,0.29532,0.43901,0.04688,0,0.0016436,0.0016436,0.0016436
29,122.978,1.57192,62.7283,0.39116,0.67539,0.03045,5.23207,1,0.99184,0.995,0.60517,0.2539,0.25,0.12495,0.02348,1.53023,49.872,0.29452,0.49388,0.04256,0,0.0016304,0.0016304,0.0016304
30,127.125,1.54875,59.6056,0.38864,0.57914,0.03092,5.20606,1,0.89321,0.96759,0.5772,0.44509,0.3,0.18484,0.02652,1.54281,43.9477,0.31419,0.55575,0.04007,0,0.0016172,0.0016172,0.0016172
31,131.214,1.49107,60.052,0.37891,0.56427,0.03004,5.04591,0.93924,0.95,0.98795,0.57986,0.03093,0.15,0.01783,0.00235,1.55652,68.378,0.26957,0.48649,0.04282,0,0.001604,0.001604,0.001604
32,135.343,1.59803,63.2103,0.38168,0.64015,0.03353,5.75105,0.94718,0.89671,0.93367,0.50518,0,0,0,0,1.45258,68.3763,0.49079,1.28892,0.0409,0,0.0015908,0.0015908,0.0015908
33,139.45,1.61886,61.7604,0.37938,0.64742,0.03484,5.45413,0.9444,1,0.99024,0.59684,0.24125,0.2,0.08367,0.01225,1.48615,51.3121,0.32418,0.8247,0.04589,0,0.0015776,0.0015776,0.0015776
34,143.568,1.57996,61.0454,0.39601,0.64288,0.03378,5.59737,1,0.99014,0.995,0.44279,0.05856,0.05,0.00805,0.0008,2.05511,53.5253,0.25652,0.80337,0.05845,0,0.0015644,0.0015644,0.0015644
35,147.664,1.67429,63.4492,0.39821,0.66784,0.0352,5.78835,0.99119,1,0.995,0.3256,0.14986,0.15,0.0359,0.00487,2.46023,51.0094,0.2578,0.6371,0.07224,0,0.0015512,0.0015512,0.0015512
36,151.787,1.57511,68.3156,0.38954,0.6771,0.03173,5.85621,0.95865,1,0.995,0.4989,0.14456,0.15,0.06086,0.01201,1.77862,49.2633,0.24826,0.45427,0.05387,0,0.001538,0.001538,0.001538
37,155.904,1.58197,62.4952,0.38221,0.63906,0.03134,5.13028,0.99016,1,0.995,0.6047,0.4477,0.45,0.36431,0.07259,1.5438,41.0684,0.24325,0.4395,0.04307,0,0.0015248,0.0015248,0.0015248
38,160.079,1.60145,63.5382,0.37202,0.67448,0.0327,5.37048,0.99543,1,0.995,0.57521,0,0,0,0,1.60658,71.9249,0.2423,0.45689,0.04665,0,0.0015116,0.0015116,0.0015116
39,164.18,1.62198,62.4889,0.38052,0.66765,0.03517,5.60073,0.94737,1,0.99024,0.52061,0.0814,0.05,0.05297,0.0053,1.77671,56.764,0.26296,0.64054,0.05064,0,0.0014984,0.0014984,0.0014984
40,168.302,1.65866,61.787,0.38161,0.64886,0.03622,5.43867,1,0.9468,0.99045,0.56608,0.28537,0.2,0.165,0.0165,1.65168,49.3492,0.26858,0.45608,0.04563,0,0.0014852,0.0014852,0.0014852
41,172.337,1.61509,57.7071,0.36723,0.59663,0.03321,4.78416,0.9964,1,0.995,0.65037,0.53219,0.45,0.41323,0.08352,1.40943,41.8513,0.26572,0.31033,0.03813,0,0.001472,0.001472,0.001472
42,176.44,1.43298,54.2204,0.36129,0.55605,0.02953,4.4892,0.99645,1,0.995,0.6182,0.31822,0.2,0.14381,0.01634,1.54504,45.5775,0.27638,0.34813,0.04165,0,0.0014588,0.0014588,0.0014588
43,180.576,1.50905,57.5503,0.3887,0.55348,0.03342,5.01353,0.95198,0.99161,0.99024,0.5619,0.26881,0.2,0.10045,0.02009,1.63116,45.8444,0.30566,0.41782,0.04362,0,0.0014456,0.0014456,0.0014456
44,184.754,1.66729,58.8556,0.38299,0.61017,0.03649,4.96336,0.9696,0.95,0.99262,0.548,0.46613,0.4,0.35233,0.04673,1.68528,44.3154,0.27428,0.44002,0.04615,0,0.0014324,0.0014324,0.0014324
45,188.893,1.50951,56.6813,0.37715,0.54011,0.03129,4.54151,0.99414,0.95,0.99045,0.61749,0.31928,0.25,0.1204,0.01789,1.43159,47.9209,0.31436,0.38072,0.0388,0,0.0014192,0.0014192,0.0014192
46,193.042,1.60187,58.8721,0.36475,0.59057,0.03379,4.65896,0.95165,0.98455,0.99262,0.51247,0.31409,0.3,0.19843,0.02761,1.64558,51.0367,0.29151,0.57316,0.04808,0,0.001406,0.001406,0.001406
47,197.225,1.58627,58.0808,0.36685,0.62126,0.03332,4.77092,0.93869,1,0.98786,0.60866,0.58745,0.5,0.41084,0.07007,1.54702,41.3714,0.25664,0.42463,0.04265,0,0.0013928,0.0013928,0.0013928
48,201.405,1.52075,59.1392,0.35857,0.65749,0.03163,5.24218,0.95225,0.99715,0.99262,0.65789,0.29196,0.4,0.21043,0.03429,1.36744,45.047,0.25676,0.43805,0.03623,0,0.0013796,0.0013796,0.0013796
49,205.467,1.53009,57.0813,0.36078,0.5806,0.03169,4.65686,0.97457,1,0.995,0.66827,0.26394,0.2,0.09407,0.01053,1.32123,46.7198,0.27513,0.36702,0.03494,0,0.0013664,0.0013664,0.0013664
50,209.587,1.52896,56.849,0.34932,0.52807,0.03053,4.37135,0.98955,1,0.995,0.56887,0.38173,0.35,0.20887,0.03803,1.69796,44.2348,0.25874,0.4548,0.04853,0,0.0013532,0.0013532,0.0013532
51,213.75,1.61992,54.8843,0.35459,0.6144,0.03437,4.51597,0.99524,1,0.995,0.62897,0.44241,0.4,0.37796,0.07531,1.43698,43.196,0.27513,0.33866,0.0389,0,0.00134,0.00134,0.00134
52,217.94,1.48315,56.2296,0.35207,0.53479,0.03168,4.49454,0.94873,1,0.99024,0.69951,0.3791,0.4,0.27443,0.07353,1.25979,40.2338,0.27507,0.3491,0.0337,0,0.0013268,0.0013268,0.0013268
53,222.103,1.43773,54.125,0.35878,0.51031,0.02938,4.38545,0.99825,1,0.995,0.60204,0.54815,0.55,0.39926,0.08702,1.52737,39.4025,0.2685,0.36005,0.04209,0,0.0013136,0.0013136,0.0013136
54,226.214,1.33239,55.3751,0.35002,0.46894,0.02771,4.41309,0.9967,1,0.995,0.66547,0.54811,0.55,0.42816,0.08299,1.34953,39.5274,0.25932,0.30613,0.03539,0,0.0013004,0.0013004,0.0013004
55,230.31,1.32155,54.2512,0.34957,0.49114,0.0268,4.33606,1,0.99896,0.995,0.588,0.50708,0.45,0.3436,0.05852,1.53479,40.3218,0.25586,0.36329,0.04209,0,0.0012872,0.0012872,0.0012872
56,234.451,1.38409,57.5962,0.35012,0.53682,0.02779,4.80289,0.99698,1,0.995,0.65368,0.46129,0.45,0.40796,0.09786,1.46855,39.9238,0.25739,0.31877,0.04108,0,0.001274,0.001274,0.001274
57,238.568,1.47863,55.8891,0.33858,0.53608,0.03018,4.65285,1,0.93861,0.99045,0.6884,0.58043,0.5,0.45181,0.08436,1.3463,38.4403,0.25229,0.36811,0.03704,0,0.0012608,0.0012608,0.0012608
58,242.666,1.35308,50.859,0.33494,0.51651,0.02748,3.94311,0.99131,1,0.995,0.68141,0.39638,0.4,0.29972,0.06024,1.31281,40.1541,0.24705,0.32011,0.036,0,0.0012476,0.0012476,0.0012476
59,246.753,1.42497,54.0139,0.351,0.54002,0.02958,4.36901,0.99652,1,0.995,0.72078,0.09261,0.05,0.02871,0.00574,1.14687,49.9682,0.24768,0.26986,0.03189,0,0.0012344,0.0012344,0.0012344
60,250.85,1.46203,58.5279,0.35206,0.56521,0.0305,4.86968,0.99945,1,0.995,0.66564,0.52248,0.5,0.37472,0.07004,1.38939,38.3593,0.23947,0.31842,0.04029,0,0.0012212,0.0012212,0.0012212
61,254.898,1.45389,56.9171,0.34521,0.56414,0.03173,4.69312,0.99685,1,0.995,0.6904,0.12412,0.1,0.0785,0.018,1.19045,48.6218,0.24121,0.27835,0.03385,0,0.001208,0.001208,0.001208
62,258.963,1.41258,52.1774,0.33321,0.51461,0.02861,4.01414,0.99572,1,0.995,0.72822,0.79658,0.8,0.70167,0.14994,1.08513,33.6669,0.24018,0.26791,0.02869,0,0.0011948,0.0011948,0.0011948
63,263.052,1.32957,50.2559,0.33881,0.49148,0.02712,3.9949,0.99956,1,0.995,0.71571,0.69719,0.7,0.59811,0.13831,1.10448,35.0679,0.23699,0.31661,0.02977,0,0.0011816,0.0011816,0.0011816
64,267.129,1.24834,50.2822,0.34014,0.44891,0.02534,3.79947,0.99575,1,0.995,0.74356,0.64712,0.65,0.56342,0.0872,1.03177,38.6763,0.24135,0.26049,0.02782,0,0.0011684,0.0011684,0.0011684
65,271.165,1.41341,50.9832,0.33205,0.5313,0.0291,4.35332,0.98801,1,0.995,0.70182,0.62263,0.5,0.45689,0.0926,1.24826,37.4194,0.25249,0.32109,0.03375,0,0.0011552,0.0011552,0.0011552
66,275.249,1.31927,49.7916,0.33053,0.4797,0.02665,3.82922,0.94913,0.93354,0.98417,0.72889,0.57196,0.55,0.46882,0.08954,1.10244,37.941,0.25202,0.38812,0.02973,0,0.001142,0.001142,0.001142
67,279.385,1.37472,50.4367,0.31097,0.52719,0.02905,3.99372,0.95212,0.99442,0.99262,0.67221,0.64818,0.65,0.65072,0.13222,1.25811,36.949,0.26403,0.51165,0.03582,0,0.0011288,0.0011288,0.0011288
68,283.524,1.32057,51.6759,0.33548,0.49138,0.02571,3.72071,0.98631,1,0.995,0.72599,0.82135,0.75,0.77126,0.13966,1.09363,36.0587,0.25906,0.35916,0.02819,0,0.0011156,0.0011156,0.0011156
69,287.621,1.36199,51.0901,0.33405,0.50056,0.02729,3.88987,1,0.98693,0.995,0.68082,0.77908,0.75,0.72945,0.1484,1.22008,36.5863,0.25908,0.34651,0.03193,0,0.0011024,0.0011024,0.0011024
70,291.75,1.37429,51.4038,0.32823,0.49907,0.02842,4.10749,0.94483,1,0.99024,0.74339,0.40571,0.35,0.2165,0.03547,1.03964,44.3736,0.24808,0.33016,0.02722,0,0.0010892,0.0010892,0.0010892
71,295.849,1.36874,50.9785,0.33061,0.47601,0.02853,3.88487,0.9951,1,0.995,0.72289,0.71541,0.7,0.55939,0.10815,1.12307,37.4544,0.25124,0.28476,0.03192,0,0.001076,0.001076,0.001076
72,299.984,1.28007,48.8962,0.33291,0.44407,0.0276,3.95346,0.99735,0.95,0.98667,0.72825,0.60772,0.55,0.59335,0.129,1.0654,37.0399,0.25066,0.34367,0.02902,0,0.0010628,0.0010628,0.0010628
73,304.075,1.33832,49.8433,0.32081,0.47982,0.02847,3.63411,0.99261,1,0.995,0.74803,0.59392,0.6,0.44054,0.09417,1.00936,37.0695,0.2538,0.35689,0.02606,0,0.0010496,0.0010496,0.0010496
74,308.203,1.34873,53.2424,0.32681,0.47619,0.02809,4.15918,0.99993,1,0.995,0.7474,0.65416,0.6,0.46103,0.06955,1.01912,40.0851,0.24797,0.27699,0.02646,0,0.0010364,0.0010364,0.0010364
75,312.298,1.21703,49.7424,0.33034,0.45166,0.0251,3.96317,0.99154,1,0.995,0.77657,0.69255,0.7,0.52669,0.09488,0.92942,37.3004,0.23651,0.25854,0.02398,0,0.0010232,0.0010232,0.0010232
76,316.429,1.16444,49.7717,0.3316,0.42777,0.02358,3.9286,0.99701,1,0.995,0.7664,0.69781,0.7,0.5889,0.11058,0.99567,35.423,0.23481,0.23824,0.02614,0,0.00101,0.00101,0.00101
77,320.528,1.17983,51.6786,0.31495,0.47515,0.02354,3.88541,0.99608,1,0.995,0.78738,0.74676,0.75,0.6209,0.15793,0.90064,34.2361,0.23112,0.23072,0.02309,0,0.0009968,0.0009968,0.0009968
78,324.682,1.25877,49.5371,0.30664,0.51299,0.02703,3.91732,0.99702,1,0.995,0.76788,0.71191,0.7,0.67247,0.11521,0.91996,36.686,0.23704,0.22471,0.02375,0,0.0009836,0.0009836,0.0009836
79,328.774,1.29377,50.5565,0.30958,0.54075,0.02617,3.92598,0.99643,1,0.995,0.73802,0.66584,0.69753,0.58522,0.12761,1.10511,35.264,0.23267,0.2616,0.03021,0,0.0009704,0.0009704,0.0009704
80,332.884,1.22464,49.1246,0.31545,0.52132,0.025,3.53073,0.99558,1,0.995,0.74568,0.7963,0.8,0.74604,0.19873,1.08756,33.115,0.23269,0.26397,0.02961,0,0.0009572,0.0009572,0.0009572
81,336.982,1.32162,49.6441,0.30811,0.49477,0.02762,3.82903,0.99678,1,0.995,0.76541,0.79737,0.8,0.7621,0.1789,1.07864,33.2127,0.22849,0.25062,0.02742,0,0.000944,0.000944,0.000944
82,341.082,1.27272,49.974,0.32059,0.50523,0.02594,3.62742,1,0.99872,0.995,0.7466,0.74958,0.75,0.66666,0.13653,1.01398,35.1634,0.22318,0.2579,0.0277,0,0.0009308,0.0009308,0.0009308
83,345.172,1.27096,48.7214,0.31328,0.46643,0.02536,3.19454,1,0.99391,0.995,0.70493,0.6991,0.69714,0.59335,0.09827,1.2311,37.0801,0.2248,0.30672,0.0354,0,0.0009176,0.0009176,0.0009176
84,349.301,1.27183,47.7338,0.31396,0.50923,0.02482,3.37836,0.99423,1,0.995,0.81275,0.55216,0.5,0.34583,0.08301,0.83246,38.4952,0.22247,0.26615,0.02063,0,0.0009044,0.0009044,0.0009044
85,353.38,1.20317,47.7187,0.30809,0.47486,0.02346,3.42212,0.99939,1,0.995,0.75564,0.64765,0.65,0.49305,0.11774,1.06468,34.8535,0.22426,0.26615,0.02653,0,0.0008912,0.0008912,0.0008912
86,357.504,1.29811,47.9641,0.30356,0.47172,0.02633,3.54654,0.99536,1,0.995,0.79234,0.79603,0.8,0.70591,0.16065,0.94535,34.0852,0.22357,0.24873,0.02371,0,0.000878,0.000878,0.000878
87,361.669,1.26584,49.2607,0.31944,0.47487,0.02576,3.69001,0.99568,1,0.995,0.80451,0.69649,0.7,0.62726,0.1336,0.91058,34.7279,0.2398,0.24921,0.02405,0,0.0008648,0.0008648,0.0008648
88,365.823,1.21682,48.8247,0.30667,0.51228,0.02458,3.55655,0.99655,1,0.995,0.76801,0.84671,0.85,0.7556,0.17167,0.99571,33.177,0.23754,0.25146,0.02498,0,0.0008516,0.0008516,0.0008516
89,369.962,1.16592,48.1322,0.30902,0.45297,0.02266,3.53701,1,0.9893,0.995,0.77419,0.74745,0.7403,0.66074,0.13834,0.93869,34.0043,0.22969,0.27349,0.02303,0,0.0008384,0.0008384,0.0008384
90,374.117,1.15681,46.1961,0.2992,0.43584,0.02208,2.95978,0.9963,1,0.995,0.75913,0.79698,0.8,0.66147,0.17861,0.9255,32.6111,0.23476,0.23377,0.02453,0,0.0008252,0.0008252,0.0008252
91,378.222,1.22666,46.2415,0.28771,0.47171,0.02432,3.15517,0.99427,1,0.995,0.79868,0.79541,0.8,0.73291,0.1898,0.84299,32.4844,0.23385,0.23476,0.02197,0,0.000812,0.000812,0.000812
92,382.348,1.15947,46.4189,0.30422,0.44964,0.02387,3.28286,1,0.99604,0.995,0.79022,0.89967,0.89682,0.8439,0.18726,0.83603,32.7024,0.2308,0.25808,0.0216,0,0.0007988,0.0007988,0.0007988
93,386.406,1.0601,44.1604,0.28394,0.40388,0.0205,2.76294,0.99422,0.95,0.99262,0.75549,0.71141,0.73995,0.64281,0.13906,0.89368,34.7084,0.22826,0.27653,0.02474,0,0.0007856,0.0007856,0.0007856
94,390.502,1.0804,44.959,0.29402,0.47106,0.02119,2.92375,0.99512,1,0.995,0.79795,0.84576,0.85,0.75221,0.14489,0.78831,35.0948,0.2216,0.21227,0.02019,0,0.0007724,0.0007724,0.0007724
95,394.559,1.0955,46.52,0.30507,0.41693,0.02078,3.25787,0.99549,1,0.995,0.79005,0.84947,0.85,0.81638,0.22701,0.81827,31.7366,0.22482,0.21621,0.02079,0,0.0007592,0.0007592,0.0007592
96,398.664,1.12985,44.9971,0.29806,0.45472,0.02277,3.01069,0.99591,0.95,0.99262,0.81021,0.80005,0.85,0.81355,0.20891,0.76803,32.0196,0.22407,0.24253,0.02015,0,0.000746,0.000746,0.000746
97,402.747,1.08858,44.2713,0.29425,0.44137,0.02118,3.06273,0.99631,1,0.995,0.78098,0.84686,0.85,0.77389,0.20159,0.88001,32.3559,0.22287,0.22251,0.02172,0,0.0007328,0.0007328,0.0007328
98,406.83,1.11398,45.454,0.30106,0.43359,0.02143,2.98075,0.99858,1,0.995,0.79247,0.79754,0.8,0.73661,0.15969,0.93822,34.3972,0.22783,0.25101,0.0254,0,0.0007196,0.0007196,0.0007196
99,410.881,1.13028,44.8974,0.29402,0.45574,0.02248,3.03672,0.99766,1,0.995,0.83523,0.84728,0.85,0.79488,0.20418,0.78478,32.1802,0.23016,0.21918,0.01972,0,0.0007064,0.0007064,0.0007064
100,415.004,1.11681,45.3477,0.29838,0.43468,0.02175,3.11843,0.99673,1,0.995,0.84437,0.89699,0.9,0.83868,0.2041,0.73182,31.6351,0.23522,0.1888,0.0183,0,0.0006932,0.0006932,0.0006932
101,419.087,1.08805,43.4581,0.28722,0.42415,0.02249,3.06007,0.99645,0.95,0.99262,0.81241,0.94401,0.9,0.91466,0.23141,0.83112,30.6919,0.23261,0.27154,0.02053,0,0.00068,0.00068,0.00068
102,423.172,1.07059,43.6107,0.2809,0.4131,0.02118,2.7497,0.99684,1,0.995,0.80451,0.79742,0.8,0.73949,0.21331,0.80782,31.3636,0.22763,0.20105,0.02078,0,0.0006668,0.0006668,0.0006668
103,427.238,1.07351,42.4792,0.29265,0.41128,0.02056,2.59412,0.99681,1,0.995,0.80235,0.84723,0.85,0.78806,0.22835,0.79792,30.669,0.22938,0.19816,0.02049,0,0.0006536,0.0006536,0.0006536
104,431.321,1.0738,42.8418,0.28836,0.43354,0.02098,2.66502,0.99699,1,0.995,0.82657,0.89729,0.9,0.85538,0.23736,0.77146,30.7548,0.23543,0.19198,0.01959,0,0.0006404,0.0006404,0.0006404
105,435.434,1.02548,43.0208,0.29381,0.43244,0.0204,2.90413,0.99649,1,0.995,0.77277,0.89684,0.9,0.84707,0.1925,0.86895,31.8009,0.23439,0.21454,0.02218,0,0.0006272,0.0006272,0.0006272
106,439.539,1.09829,44.8233,0.29811,0.45644,0.02186,2.74781,0.99645,1,0.995,0.77284,0.84699,0.85,0.82934,0.19962,0.8932,32.4823,0.22545,0.21941,0.02209,0,0.000614,0.000614,0.000614
107,443.604,1.08744,43.4899,0.28911,0.42919,0.02114,2.89833,0.99628,1,0.995,0.78686,0.89665,0.9,0.85357,0.22091,0.81343,31.7345,0.22761,0.21107,0.02036,0,0.0006008,0.0006008,0.0006008
108,447.697,1.06314,43.6537,0.27843,0.41975,0.02004,2.66195,0.99618,1,0.995,0.83041,0.89649,0.9,0.8352,0.1916,0.70405,32.1972,0.23013,0.19599,0.01743,0,0.0005876,0.0005876,0.0005876
109,451.792,1.0556,43.9093,0.29231,0.42326,0.02074,2.75016,0.99703,1,0.995,0.84023,0.89705,0.9,0.83941,0.23085,0.72901,30.3779,0.23031,0.19911,0.01815,0,0.0005744,0.0005744,0.0005744
110,455.974,1.08361,45.0799,0.27899,0.43236,0.02085,2.76617,0.99529,1,0.995,0.78254,0.89576,0.9,0.843,0.21484,0.89836,32.0742,0.23351,0.24262,0.02237,0,0.0005612,0.0005612,0.0005612
111,460.089,1.10761,44.0741,0.29267,0.45024,0.02244,2.91011,0.94996,0.94924,0.98795,0.77047,0.88236,0.8,0.79345,0.19384,0.90953,32.0376,0.22963,0.30331,0.02257,0,0.000548,0.000548,0.000548
112,464.234,1.0248,43.1069,0.2814,0.38196,0.02081,2.93573,0.90288,1,0.98795,0.82681,0.81183,0.9,0.85016,0.20547,0.72357,31.7384,0.22751,0.2651,0.01895,0,0.0005348,0.0005348,0.0005348
113,468.349,1.04986,45.3298,0.29024,0.37998,0.02077,3.278,0.94604,0.95,0.98795,0.83333,0.84599,0.85,0.85565,0.20419,0.68785,31.6078,0.22723,0.26992,0.01767,0,0.0005216,0.0005216,0.0005216
114,472.489,1.09445,44.1848,0.28834,0.42854,0.02155,3.03529,1,0.99899,0.995,0.8369,0.84988,0.85,0.80061,0.19696,0.69574,31.7341,0.22484,0.19894,0.01769,0,0.0005084,0.0005084,0.0005084
115,476.597,1.03387,43.2948,0.29943,0.35783,0.02018,3.13969,0.99799,0.95,0.99262,0.8181,0.8074,0.85,0.7879,0.17489,0.73315,31.7052,0.22409,0.24118,0.01821,0,0.0004952,0.0004952,0.0004952
116,480.755,1.02417,44.0241,0.28642,0.41443,0.02037,2.9747,0.99798,1,0.995,0.78375,0.89765,0.9,0.84451,0.20248,0.83937,31.7376,0.22567,0.22035,0.02089,0,0.000482,0.000482,0.000482
117,484.88,1.02776,43.4115,0.28202,0.40639,0.01978,2.96228,0.99951,1,0.995,0.81312,0.9491,0.95,0.91655,0.26587,0.82357,29.3155,0.22476,0.21984,0.02089,0,0.0004688,0.0004688,0.0004688
118,489.06,0.97708,38.9136,0.28975,0.37128,0.01918,2.3757,0.99667,1,0.995,0.82036,0.79728,0.8,0.68595,0.15343,0.72253,33.2802,0.22404,0.18626,0.01821,0,0.0004556,0.0004556,0.0004556
119,493.187,1.06568,44.0598,0.28877,0.35797,0.02103,3.002,0.9981,1,0.995,0.84438,0.89795,0.9,0.82907,0.23156,0.66249,30.6789,0.22585,0.18175,0.01645,0,0.0004424,0.0004424,0.0004424
120,497.379,1.0143,39.4498,0.28794,0.37561,0.02038,2.50607,0.99688,1,0.995,0.84599,0.89713,0.9,0.83829,0.2703,0.66713,29.5351,0.22752,0.17425,0.01674,0,0.0004292,0.0004292,0.0004292
121,501.56,1.04055,42.8174,0.28127,0.42121,0.01975,2.58923,0.99685,1,0.995,0.82892,0.8971,0.9,0.87914,0.25933,0.7202,30.6561,0.22881,0.18402,0.01762,0,0.000416,0.000416,0.000416
122,505.711,0.95113,41.9308,0.28197,0.389,0.01926,2.82996,0.99717,1,0.995,0.83728,0.8474,0.85,0.7793,0.25872,0.72445,29.4953,0.23498,0.18892,0.01776,0,0.0004028,0.0004028,0.0004028
123,509.838,0.9634,41.1332,0.29509,0.395,0.01862,2.4579,0.99769,1,0.995,0.83104,0.94761,0.95,0.93361,0.25909,0.75884,29.7056,0.23721,0.20126,0.01971,0,0.0003896,0.0003896,0.0003896
124,514,0.92847,40.9699,0.28302,0.3801,0.01823,2.48361,0.99687,1,0.995,0.85425,0.89712,0.9,0.85808,0.26047,0.64531,30.2743,0.23399,0.17524,0.0162,0,0.0003764,0.0003764,0.0003764
125,518.109,0.96077,39.2392,0.28609,0.39595,0.02005,2.49075,1,0.99316,0.995,0.84711,0.89931,0.89347,0.8646,0.28597,0.67287,29.0405,0.23132,0.20805,0.01727,0,0.0003632,0.0003632,0.0003632
126,522.293,0.97964,43.6034,0.26979,0.42252,0.01978,2.76182,0.99628,1,0.995,0.83787,0.9464,0.95,0.9378,0.2974,0.68088,29.489,0.23048,0.17904,0.01717,0,0.00035,0.00035,0.00035
127,526.461,0.99395,42.7136,0.28502,0.43282,0.01938,2.63204,0.99586,1,0.995,0.84015,0.89628,0.9,0.90182,0.25031,0.71113,30.2464,0.2305,0.18717,0.01752,0,0.0003368,0.0003368,0.0003368
128,530.612,0.98718,41.0045,0.28313,0.3961,0.02018,2.53636,0.99571,1,0.995,0.83774,0.84635,0.85,0.81651,0.25773,0.681,30.2977,0.23249,0.18362,0.01649,0,0.0003236,0.0003236,0.0003236
129,534.71,1.01434,42.2649,0.3064,0.38844,0.02075,2.80004,1,0.99653,0.995,0.87235,0.89969,0.89707,0.86,0.27294,0.61232,29.7166,0.23501,0.20239,0.01532,0,0.0003104,0.0003104,0.0003104
130,538.84,0.98886,42.3241,0.29827,0.37803,0.01909,2.51934,0.9963,1,0.995,0.85615,0.89667,0.9,0.85676,0.28369,0.61877,29.4089,0.23311,0.1665,0.01569,0,0.0002972,0.0002972,0.0002972
131,542.928,0.93236,41.2103,0.27087,0.34576,0.01767,2.27459,0.99652,1,0.995,0.85334,0.89687,0.9,0.8575,0.27262,0.6488,29.2484,0.23021,0.17018,0.01659,0,0.000284,0.000284,0.000284
132,547.023,0.9225,41.4512,0.2901,0.3929,0.01796,2.4393,0.99655,1,0.995,0.8773,0.94718,0.89679,0.89343,0.25499,0.62578,29.8637,0.22516,0.17148,0.01524,0,0.0002708,0.0002708,0.0002708
133,551.13,0.95847,40.0512,0.298,0.36243,0.01905,2.23093,0.99674,1,0.995,0.87317,0.89707,0.9,0.87802,0.25786,0.63973,29.9016,0.23049,0.16858,0.0154,0,0.0002576,0.0002576,0.0002576
134,555.156,0.9511,41.2498,0.28541,0.35998,0.01886,2.41758,0.99809,1,0.995,0.86817,0.84788,0.85,0.7684,0.228,0.6101,30.6153,0.2351,0.17441,0.01476,0,0.0002444,0.0002444,0.0002444
135,559.056,0.89607,41.1669,0.29713,0.34621,0.0183,2.86457,0.9981,1,0.995,0.85798,0.8477,0.85,0.76794,0.25832,0.61061,30.2874,0.23497,0.18477,0.01492,0,0.0002312,0.0002312,0.0002312
136,563.097,0.92997,40.0858,0.28132,0.35361,0.0178,2.22365,0.99647,1,0.995,0.86679,0.89649,0.9,0.90023,0.25239,0.62742,29.765,0.23183,0.18132,0.01535,0,0.000218,0.000218,0.000218
137,567.035,0.9446,40.8435,0.28596,0.38288,0.01817,2.31597,0.9965,1,0.995,0.8769,0.89669,0.9,0.87682,0.24272,0.63941,30.3894,0.23298,0.17703,0.01564,0,0.0002048,0.0002048,0.0002048
138,571.018,0.91592,40.6749,0.28014,0.35905,0.01669,2.00123,0.99662,1,0.995,0.85732,0.94678,0.95,0.91913,0.26734,0.63266,29.045,0.23709,0.17018,0.0154,0,0.0001916,0.0001916,0.0001916
139,575.012,0.95223,41.5951,0.29292,0.34136,0.01843,2.61219,0.99711,1,0.995,0.86189,0.89716,0.9,0.83368,0.26043,0.63036,29.2775,0.23877,0.17322,0.01516,0,0.0001784,0.0001784,0.0001784
140,578.957,0.96726,42.4437,0.28666,0.38006,0.01921,2.60254,1,0.99763,0.995,0.86218,0.89979,0.89805,0.84714,0.26303,0.64979,28.9493,0.23846,0.19438,0.01556,0,0.0001652,0.0001652,0.0001652
141,583.615,0.92246,28.073,0.28198,0.27618,0.02858,3.25732,1,0.99825,0.995,0.82928,0.94992,0.94852,0.915,0.2817,0.74344,28.6601,0.23407,0.20675,0.01853,0,0.000152,0.000152,0.000152
142,587.588,0.81204,27.7224,0.25873,0.26364,0.02359,2.97675,1,0.99524,0.995,0.72382,0.94981,0.9463,0.91786,0.28072,1.09746,29.0915,0.22232,0.29648,0.03082,0,0.0001388,0.0001388,0.0001388
143,591.504,0.81999,28.0861,0.24843,0.24778,0.02337,2.94644,0.99412,1,0.995,0.75533,0.94426,0.95,0.92267,0.27396,1.03305,29.0439,0.21253,0.27231,0.02935,0,0.0001256,0.0001256,0.0001256
144,595.48,0.75571,28.132,0.22868,0.21952,0.02085,2.8315,0.99568,1,0.995,0.81629,0.9459,0.95,0.9225,0.29496,0.82529,28.634,0.20438,0.21159,0.02268,0,0.0001124,0.0001124,0.0001124
145,599.416,0.75594,27.308,0.2267,0.2185,0.0208,2.82768,0.99564,1,0.995,0.85491,0.94586,0.95,0.92379,0.29346,0.71346,28.4764,0.20104,0.18981,0.01861,0,9.92e-05,9.92e-05,9.92e-05
146,603.396,0.72654,26.7946,0.21636,0.2067,0.02002,2.70014,1,0.99899,0.995,0.87407,0.94997,0.94946,0.919,0.28926,0.60901,28.5458,0.19709,0.17867,0.01505,0,8.6e-05,8.6e-05,8.6e-05
147,607.378,0.66477,26.8229,0.20849,0.20355,0.01747,2.57945,0.99571,0.95,0.99262,0.89215,0.99571,0.95,0.99262,0.27805,0.5868,29.3527,0.19572,0.19236,0.01434,0,7.28e-05,7.28e-05,7.28e-05
148,611.364,0.69188,27.5181,0.2167,0.20823,0.01907,2.8106,0.9959,1,0.995,0.89572,0.9959,1,0.995,0.28438,0.58481,29.3843,0.19263,0.1627,0.01422,0,5.96e-05,5.96e-05,5.96e-05
149,615.32,0.6895,27.1353,0.2001,0.19085,0.01955,2.72764,0.99609,1,0.995,0.88621,0.99609,1,0.995,0.29386,0.59655,28.9537,0.1911,0.16416,0.01449,0,4.64e-05,4.64e-05,4.64e-05
150,619.325,0.71188,26.9461,0.20635,0.19538,0.02078,2.91184,0.99612,1,0.995,0.88628,0.99612,1,0.995,0.31736,0.61332,28.595,0.18922,0.16677,0.01499,0,3.32e-05,3.32e-05,3.32e-05
