image_path,image_name,detected,det_conf,n_detections,kp00_conf,kp01_conf,kp02_conf,kp03_conf,kp04_conf,kp05_conf,kp06_conf,kp07_conf,kp08_conf,kp09_conf,kp10_conf,kp11_conf,kp12_conf,kp13_conf,kp14_conf,kp15_conf,kp16_conf,kp17_conf,kp18_conf,kp19_conf,kp20_conf,kp21_conf,kp22_conf,kp23_conf,kp24_conf,kp25_conf,kp26_conf,kp27_conf,kp28_conf,kp29_conf,kp30_conf,kp31_conf,kp32_conf,kp33_conf,kp34_conf,kp35_conf,kp36_conf,kp37_conf,kp38_conf,kp39_conf,kp40_conf,kp41_conf,kp_conf_mean,kp_conf_std,kp_conf_min,kp_conf_median,frac_low_kp,n_low_kp,uncertainty_score,at_risk
C:\Users\tombe\Documents\_MLE\CV-for-GRIT\models\datasets\Coleoptera\images\test\IMG_0115_specimen_2_MECKON_NEON.BET.D20.000146.png,IMG_0115_specimen_2_MECKON_NEON.BET.D20.000146.png,False,0.0,0,,,,,,,,,,,,,,,,,,,,,,,,,,,,,,,,,,,,,,,,,,,,,,,1.0,42,1.0,True
C:\Users\tombe\Documents\_MLE\CV-for-GRIT\models\datasets\Coleoptera\images\test\IMG_0109_specimen_3_MECKON_NEON.BET.D20.000026.png,IMG_0109_specimen_3_MECKON_NEON.BET.D20.000026.png,False,0.0,0,,,,,,,,,,,,,,,,,,,,,,,,,,,,,,,,,,,,,,,,,,,,,,,1.0,42,1.0,True
C:\Users\tombe\Documents\_MLE\CV-for-GRIT\models\datasets\Coleoptera\images\test\IMG_0196_specimen_2_AGOMUE_NEON.BET.D20.001421.png,IMG_0196_specimen_2_AGOMUE_NEON.BET.D20.001421.png,False,0.0,0,,,,,,,,,,,,,,,,,,,,,,,,,,,,,,,,,,,,,,,,,,,,,,,1.0,42,1.0,True
C:\Users\tombe\Documents\_MLE\CV-for-GRIT\models\datasets\Coleoptera\images\test\IMG_0138_specimen_1_MECKAR_NEON.BET.D20.000830.png,IMG_0138_specimen_1_MECKAR_NEON.BET.D20.000830.png,False,0.0,0,,,,,,,,,,,,,,,,,,,,,,,,,,,,,,,,,,,,,,,,,,,,,,,1.0,42,1.0,True
C:\Users\tombe\Documents\_MLE\CV-for-GRIT\models\datasets\Coleoptera\images\test\IMG_0323_specimen_3_TREOBT_NEON.BET.D20.002185.png,IMG_0323_specimen_3_TREOBT_NEON.BET.D20.002185.png,False,0.0,0,,,,,,,,,,,,,,,,,,,,,,,,,,,,,,,,,,,,,,,,,,,,,,,1.0,42,1.0,True
C:\Users\tombe\Documents\_MLE\CV-for-GRIT\models\datasets\Coleoptera\images\test\IMG_0201_specimen_1_BLAHAW_NEON.BET.D20.001704.png,IMG_0201_specimen_1_BLAHAW_NEON.BET.D20.001704.png,False,0.0,0,,,,,,,,,,,,,,,,,,,,,,,,,,,,,,,,,,,,,,,,,,,,,,,1.0,42,1.0,True
C:\Users\tombe\Documents\_MLE\CV-for-GRIT\models\datasets\Coleoptera\images\test\IMG_0544_specimen_4_TREOBT_NEON.BET.D20.003303.png,IMG_0544_specimen_4_TREOBT_NEON.BET.D20.003303.png,False,0.0,0,,,,,,,,,,,,,,,,,,,,,,,,,,,,,,,,,,,,,,,,,,,,,,,1.0,42,1.0,True
C:\Users\tombe\Documents\_MLE\CV-for-GRIT\models\datasets\Coleoptera\images\test\IMG_0125_specimen_1_MECKON_NEON.BET.D20.000352.png,IMG_0125_specimen_1_MECKON_NEON.BET.D20.000352.png,True,0.6339223980903625,1,0.31080880761146545,0.45973801612854004,0.5127401947975159,0.45633170008659363,0.32349562644958496,0.5876357555389404,0.895061731338501,0.8298740983009338,0.9842510223388672,0.9784889221191406,0.9490522146224976,0.9678216576576233,0.34019050002098083,0.5044527649879456,0.6474087834358215,0.38333767652511597,0.40337666869163513,0.4658660590648651,0.9878116250038147,0.9761878848075867,0.9872702360153198,0.9909959435462952,0.9745967984199524,0.9698230028152466,0.9604292511940002,0.9912989735603333,3.806317039334317e-08,1.3163194978460524e-07,2.572782520360306e-08,1.9083707059053268e-07,3.196497644353258e-08,1.707590868704756e-08,4.002558995352956e-08,6.617213887949447e-09,5.788710950582754e-06,0.6568278074264526,0.29381823539733887,0.22952383756637573,3.481052090137382e-06,0.1217992976307869,0.10187190026044846,0.11696776747703552,0.4847420122034357,0.3848272440098314,6.617213887949447e-09,0.45803485810756683,0.5476190476190477,23,0.5851887109107942,True
C:\Users\tombe\Documents\_MLE\CV-for-GRIT\models\datasets\Coleoptera\images\test\IMG_0263_specimen_2_MECKON_NEON.BET.D20.003211.png,IMG_0263_specimen_2_MECKON_NEON.BET.D20.003211.png,True,0.33326128125190735,1,0.9759498238563538,0.9968720078468323,0.9829588532447815,0.9957705140113831,0.9821235537528992,0.9974452257156372,0.9986960291862488,0.9801038503646851,0.9930214285850525,0.945809006690979,0.7695708870887756,0.7951650619506836,0.9896014332771301,0.9585250020027161,0.8800093531608582,0.968822181224823,0.7967822551727295,0.6055383682250977,0.9958908557891846,0.8486669063568115,0.9576550126075745,0.9207494258880615,0.9803972244262695,0.7829228639602661,0.7851210832595825,0.9161413311958313,1.5263240129570477e-06,2.885620233428199e-06,7.684967044951918e-07,5.113879979035119e-06,9.408456094206485e-07,4.2759674556691607e-07,1.7397815099684522e-06,2.518131623219233e-07,4.5993205276317894e-05,0.4610261023044586,0.1626560539007187,0.11529769003391266,3.8882022636244074e-05,0.14795051515102386,0.10070079565048218,0.0885050818324089,0.5922986739833362,0.4254939409953154,2.518131623219233e-07,0.7959736585617065,0.38095238095238093,16,0.5393367698823518,False
C:\Users\tombe\Documents\_MLE\CV-for-GRIT\models\datasets\Coleoptera\images\test\IMG_0250_specimen_1_MECDIS_NEON.BET.D20.003140.png,IMG_0250_specimen_1_MECDIS_NEON.BET.D20.003140.png,True,0.33280715346336365,1,0.987894594669342,0.9978406429290771,0.9920692443847656,0.9964635968208313,0.9927738904953003,0.9984914064407349,0.9988264441490173,0.9915605187416077,0.9968984127044678,0.9221473932266235,0.8148777484893799,0.7394670844078064,0.9938890933990479,0.9672365784645081,0.8840616345405579,0.9856829047203064,0.90410315990448,0.7550683617591858,0.9974513649940491,0.7775557637214661,0.9308448433876038,0.9108763933181763,0.9916626214981079,0.7434654831886292,0.8286356925964355,0.9059892296791077,1.7004644178086892e-05,2.7945094188908115e-05,9.405170203535818e-06,4.9286951252724975e-05,1.1803269444499165e-05,5.750613127020188e-06,1.8403412468614988e-05,3.537489646987524e-06,0.00021919759456068277,0.2890854775905609,0.13953538239002228,0.11342210322618484,0.00022703903960064054,0.319015771150589,0.1735367327928543,0.13496951758861542,0.599428296682098,0.4238511125195696,3.537489646987524e-06,0.8217567205429077,0.38095238095238093,16,0.5360420856577928,False
C:\Users\tombe\Documents\_MLE\CV-for-GRIT\models\datasets\Coleoptera\images\test\IMG_0161_specimen_4_MECDIS_NEON.BET.D20.001655.png,IMG_0161_specimen_4_MECDIS_NEON.BET.D20.001655.png,True,0.35554832220077515,1,0.9870796799659729,0.9970575571060181,0.9936673045158386,0.9948201179504395,0.9942706823348999,0.998501181602478,0.9981166124343872,0.9936094284057617,0.9958873391151428,0.8878687620162964,0.8199256658554077,0.7514229416847229,0.992833137512207,0.9570410251617432,0.8516203761100769,0.9878254532814026,0.9212961792945862,0.7849709987640381,0.9958581328392029,0.7762531042098999,0.8958711624145508,0.8813896179199219,0.9909144639968872,0.763045072555542,0.8352566957473755,0.8767731785774231,2.0800736820092425e-05,3.660102083813399e-05,1.1166775948368013e-05,5.8980309404432774e-05,1.5085322047525551e-05,6.808842499594903e-06,2.2633876142208464e-05,3.8710059016011655e-06,0.00022580612858291715,0.20476004481315613,0.12389016151428223,0.10946134477853775,0.000271987053565681,0.40552017092704773,0.2030557245016098,0.15564315021038055,0.5982423859330711,0.4217631799645164,3.8710059016011655e-06,0.8275911808013916,0.38095238095238093,16,0.5308673248154647,False
C:\Users\tombe\Documents\_MLE\CV-for-GRIT\models\datasets\Coleoptera\images\test\IMG_0118_specimen_2_MECKON_NEON.BET.D20.000215.png,IMG_0118_specimen_2_MECKON_NEON.BET.D20.000215.png,True,0.3763922154903412,1,0.9619191288948059,0.9839402437210083,0.9871447682380676,0.9843456149101257,0.9785380959510803,0.994042694568634,0.9941344857215881,0.9941473007202148,0.9983149766921997,0.8990435600280762,0.9385931491851807,0.8093105554580688,0.9646879434585571,0.894434928894043,0.8028101325035095,0.9706552028656006,0.9024632573127747,0.7956635355949402,0.9974209070205688,0.830752968788147,0.9091317057609558,0.965666651725769,0.99709153175354,0.8372004628181458,0.9525166153907776,0.9669868350028992,3.382414206498652e-07,7.231734571178094e-07,1.8902791509844974e-07,1.3277589232529863e-06,2.253809867625023e-07,1.1917430953189978e-07,3.326667297187669e-07,6.085644344011598e-08,2.1176241716602817e-05,0.40301311016082764,0.14679855108261108,0.11238549649715424,1.5267885828507133e-05,0.17200152575969696,0.09475786238908768,0.08481169492006302,0.6029706012903917,0.4314576602294395,6.085644344011598e-08,0.8658176958560944,0.38095238095238093,16,0.5298634095615966,False
C:\Users\tombe\Documents\_MLE\CV-for-GRIT\models\datasets\Coleoptera\images\test\IMG_0271_specimen_4_MECRUF_NEON.BET.D20.003254.png,IMG_0271_specimen_4_MECRUF_NEON.BET.D20.003254.png,True,0.35951167345046997,1,0.973527729511261,0.989057719707489,0.992885410785675,0.9885681867599487,0.9898331165313721,0.9965633749961853,0.9919723272323608,0.9960803389549255,0.9964469075202942,0.8862871527671814,0.9417518973350525,0.8613734841346741,0.9764009118080139,0.8967378735542297,0.79293292760849,0.9823363423347473,0.9274038672447205,0.8314467668533325,0.9935051202774048,0.877935528755188,0.8979403376579285,0.9587838649749756,0.9953609108924866,0.884070098400116,0.9560503959655762,0.9593555927276611,4.7005155465740245e-06,9.099051567318384e-06,2.6132936454814626e-06,1.4450917660724372e-05,3.092583710895269e-06,1.674637019277725e-06,4.549626737571089e-06,9.4748895662633e-07,0.00010523250239202753,0.3339662253856659,0.1629469245672226,0.1355494260787964,9.472113742958754e-05,0.2830176055431366,0.15409435331821442,0.12920092046260834,0.6127053505333715,0.42950756792784106,9.4748895662633e-07,0.8851786255836487,0.38095238095238093,16,0.5288740595724359,False
C:\Users\tombe\Documents\_MLE\CV-for-GRIT\models\datasets\Coleoptera\images\test\IMG_0235_specimen_1_TREOBT_NEON.BET.D20.001519.png,IMG_0235_specimen_1_TREOBT_NEON.BET.D20.001519.png,True,0.8230624198913574,1,0.3499014675617218,0.6228703260421753,0.3622642159461975,0.5172945261001587,0.3131815791130066,0.5847169756889343,0.9368722438812256,0.6504549384117126,0.9767940640449524,0.9861753582954407,0.9229453802108765,0.9695519208908081,0.4788181185722351,0.6400304436683655,0.7199863195419312,0.33506354689598083,0.32754385471343994,0.41185262799263,0.9883145093917847,0.9787053465843201,0.9919105172157288,0.9891929030418396,0.9418379664421082,0.9698465466499329,0.9357776045799255,0.9894591569900513,1.3059042203167337e-06,3.6827873373113107e-06,1.0529747669352219e-06,4.935981451126281e-06,1.346598878626537e-06,7.134093493732507e-07,1.5591139117532293e-06,3.064994018586731e-07,5.460567263071425e-05,0.5203781723976135,0.3025780916213989,0.2514643669128418,3.930793536710553e-05,0.2749771475791931,0.20140475034713745,0.2057826966047287,0.4916203928763741,0.37567404831745144,3.064994018586731e-07,0.44533537328243256,0.5238095238095238,22,0.5265382304588615,True
C:\Users\tombe\Documents\_MLE\CV-for-GRIT\models\datasets\Coleoptera\images\test\IMG_0260_specimen_2_MECKON_NEON.BET.D20.003116.png,IMG_0260_specimen_2_MECKON_NEON.BET.D20.003116.png,True,0.40965813398361206,1,0.8707275390625,0.9768014550209045,0.8464418053627014,0.9620438814163208,0.854692280292511,0.9684845209121704,0.9957960844039917,0.895763635635376,0.9935131669044495,0.9743077158927917,0.8116024732589722,0.8501415848731995,0.9398305416107178,0.9182406663894653,0.8585596084594727,0.8132022619247437,0.5903751850128174,0.5051268935203552,0.9970384836196899,0.8918143510818481,0.9813539981842041,0.9644231796264648,0.9769139885902405,0.8411021828651428,0.8232679963111877,0.9618763327598572,7.469666911674722e-07,1.5743512449262198e-06,4.6441707013400446e-07,2.8086642487323843e-06,5.952805963715946e-07,2.8054788003828435e-07,8.334588983416324e-07,1.3981579627397878e-07,3.196988473064266e-05,0.43326514959335327,0.17478467524051666,0.13459186255931854,2.2916861780686304e-05,0.2032657414674759,0.1309606432914734,0.11424914002418518,0.5774909846527942,0.41148880210862376,1.3981579627397878e-07,0.8321850895881653,0.38095238095238093,16,0.5223079472644488,False
C:\Users\tombe\Documents\_MLE\CV-for-GRIT\models\datasets\Coleoptera\images\test\IMG_0231_specimen_4_TREOBT_NEON.BET.D20.001450.png,IMG_0231_specimen_4_TREOBT_NEON.BET.D20.001450.png,True,0.4225471615791321,1,0.9219104647636414,0.9651254415512085,0.9455521702766418,0.9532369375228882,0.9359352588653564,0.9758554697036743,0.9864614605903625,0.9732600450515747,0.9958030581474304,0.9119468927383423,0.9187909364700317,0.8021752238273621,0.9353936314582825,0.8893643021583557,0.8067410588264465,0.9199367761611938,0.8381480574607849,0.7462369203567505,0.9948622584342957,0.8242059350013733,0.9240475296974182,0.9618858098983765,0.9918600916862488,0.8268770575523376,0.9334425926208496,0.9612325429916382,6.358852715493413e-06,1.130434338847408e-05,4.297485247661825e-06,1.9613338736235164e-05,5.189940566197038e-06,2.8990227747272e-06,6.547326847794466e-06,1.5446634051841102e-06,0.00012845118180848658,0.27505841851234436,0.14208315312862396,0.12116836756467819,0.00010963709792122245,0.28715693950653076,0.1516817808151245,0.12868738174438477,0.5939623763889992,0.41953299822808743,1.5446634051841102e-06,0.8325125575065613,0.38095238095238093,16,0.5178651755907309,False
C:\Users\tombe\Documents\_MLE\CV-for-GRIT\models\datasets\Coleoptera\images\test\IMG_0338_specimen_3_TREOBT_NEON.BET.D20.002194.png,IMG_0338_specimen_3_TREOBT_NEON.BET.D20.002194.png,True,0.4311070740222931,1,0.961438775062561,0.990743100643158,0.9876949787139893,0.9888494610786438,0.9847809076309204,0.996945321559906,0.9962672591209412,0.993156373500824,0.9974814057350159,0.8868746161460876,0.9163255095481873,0.850923478603363,0.9762903451919556,0.9003156423568726,0.7689574956893921,0.9703280329704285,0.8754485249519348,0.7373643517494202,0.9965722560882568,0.8667359948158264,0.8946734666824341,0.9397575855255127,0.9954190254211426,0.8782712817192078,0.9356797933578491,0.9479585886001587,5.589569127550931e-07,1.113662619900424e-06,2.846242068699212e-07,2.1051030216767685e-06,3.3542519872753473e-07,1.544217127502634e-07,5.200515147407714e-07,8.345566726575271e-08,1.8644792362465523e-05,0.3068807125091553,0.13548040390014648,0.11029364168643951,1.8145696230931208e-05,0.2650332748889923,0.14448752999305725,0.11029724776744843,0.6025659126047304,0.42807700451960917,8.345566726575271e-08,0.8768599033355713,0.38095238095238093,16,0.517381481883902,False
C:\Users\tombe\Documents\_MLE\CV-for-GRIT\models\datasets\Coleoptera\images\test\IMG_0288_specimen_4_MECKON_NEON.BET.D20.001681.png,IMG_0288_specimen_4_MECKON_NEON.BET.D20.001681.png,True,0.3355347514152527,1,0.986682653427124,0.9960488677024841,0.9961918592453003,0.9952923059463501,0.9939419627189636,0.9983310103416443,0.9980529546737671,0.9976957440376282,0.9989413619041443,0.9727723598480225,0.9751541018486023,0.9481953978538513,0.9899088144302368,0.9431577324867249,0.8689753413200378,0.9895222783088684,0.9425607919692993,0.8557987809181213,0.9986289739608765,0.9597809910774231,0.9791314601898193,0.9880433082580566,0.9984681010246277,0.9570429921150208,0.9836890697479248,0.9897592067718506,1.0443119208503049e-05,1.655006781220436e-05,5.17503440278233e-06,3.0473443985101767e-05,5.924109700572444e-06,2.725503236433724e-06,9.150532605417538e-06,1.9057023337154533e-06,0.0001584490528330207,0.5549924969673157,0.2580099403858185,0.20756760239601135,0.00017604645108804107,0.37519699335098267,0.22660639882087708,0.18462510406970978,0.6454567571698736,0.4310301167589038,1.9057023337154533e-06,0.952619194984436,0.35714285714285715,15,0.5118014230245448,False
C:\Users\tombe\Documents\_MLE\CV-for-GRIT\models\datasets\Coleoptera\images\test\IMG_0264_specimen_3_MECKON_NEON.BET.D20.003257.png,IMG_0264_specimen_3_MECKON_NEON.BET.D20.003257.png,True,0.492427796125412,1,0.6921728849411011,0.8889142274856567,0.8246760368347168,0.8549777865409851,0.8213091492652893,0.9424228072166443,0.9657147526741028,0.9335299730300903,0.9850228428840637,0.8680123090744019,0.8857277631759644,0.8709832429885864,0.7962770462036133,0.7125977277755737,0.6243168115615845,0.7434785962104797,0.5998411774635315,0.545041561126709,0.9828287959098816,0.8841159343719482,0.8788897395133972,0.9318183660507202,0.9728330373764038,0.8893340826034546,0.9025078415870667,0.9354156255722046,1.3399539966485463e-06,3.2557952636125265e-06,8.646135256640264e-07,5.0491662477725185e-06,1.0595556432235753e-06,6.007624619996932e-07,1.4125228062766837e-06,2.6673609454519465e-07,4.738365896628238e-05,0.2261590212583542,0.14550408720970154,0.12908011674880981,3.843609010800719e-05,0.31652453541755676,0.1807766556739807,0.15075257420539856,0.549563256638264,0.391279347544783,2.6673609454519465e-07,0.7280381619930267,0.38095238095238093,16,0.5055849522891658,False
C:\Users\tombe\Documents\_MLE\CV-for-GRIT\models\datasets\Coleoptera\images\test\IMG_0268_specimen_2_MECRUF_NEON.BET.D20.003111.png,IMG_0268_specimen_2_MECRUF_NEON.BET.D20.003111.png,True,0.4042735695838928,1,0.9913418889045715,0.9975433945655823,0.9968687891960144,0.9974629878997803,0.9945204854011536,0.9988200068473816,0.9983920454978943,0.9964663982391357,0.9971544742584229,0.960089921951294,0.9252851009368896,0.9042452573776245,0.9933699369430542,0.9613800048828125,0.9021431803703308,0.9920492768287659,0.9400932192802429,0.8271192908287048,0.9971490502357483,0.9278513193130493,0.9713487029075623,0.9726930260658264,0.9950226545333862,0.9091197848320007,0.9434272646903992,0.9715481400489807,6.984847459534649e-06,1.2085292837582529e-05,3.6888015984004596e-06,1.9570346921682358e-05,4.121426172787324e-06,2.0673260223702528e-06,7.192734301497694e-06,1.41399448239099e-06,0.00012400404375512153,0.6133193969726562,0.24446630477905273,0.17912793159484863,0.00011775615712394938,0.1677802950143814,0.120225690305233,0.11481016874313354,0.6310127208384902,0.4365883231454186,1.41399448239099e-06,0.9265682101249695,0.35714285714285715,15,0.5052819269761574,False
C:\Users\tombe\Documents\_MLE\CV-for-GRIT\models\datasets\Coleoptera\images\test\IMG_0344_specimen_2_TREOBT_NEON.BET.D20.002488.png,IMG_0344_specimen_2_TREOBT_NEON.BET.D20.002488.png,True,0.5694356560707092,1,0.7073252201080322,0.899194598197937,0.8159200549125671,0.8864636421203613,0.7552350759506226,0.9351949691772461,0.9791117906570435,0.915194034576416,0.984916090965271,0.9467365145683289,0.8762137293815613,0.9110260009765625,0.8008043169975281,0.7736453413963318,0.7398265600204468,0.7312015891075134,0.5432267785072327,0.49131402373313904,0.9886244535446167,0.9309515357017517,0.9612998366355896,0.9624964594841003,0.9682318568229675,0.9121567010879517,0.8901160955429077,0.9614883661270142,1.5673626307943778e-07,4.6357322958101577e-07,9.919020982351867e-08,6.920155328771216e-07,1.2167976137789083e-07,6.547874420448352e-08,1.806485130373403e-07,2.7512099265436518e-08,1.2665524991462007e-05,0.4994455873966217,0.2096150517463684,0.16214056313037872,8.642849024909083e-06,0.1308315098285675,0.09766588360071182,0.10090392082929611,0.5587747920962227,0.40082346900258997,2.7512099265436518e-08,0.7475308179855347,0.40476190476190477,17,0.5036911192632001,True
C:\Users\tombe\Documents\_MLE\CV-for-GRIT\models\datasets\Coleoptera\images\test\IMG_0241_specimen_3_TREOBT_NEON.BET.D20.001573.png,IMG_0241_specimen_3_TREOBT_NEON.BET.D20.001573.png,True,0.522098958492279,1,0.7711368203163147,0.9173805117607117,0.8542016744613647,0.884418249130249,0.8462478518486023,0.9477222561836243,0.982134222984314,0.954015851020813,0.9962146878242493,0.941588282585144,0.9390906095504761,0.8905965089797974,0.8411194682121277,0.784542977809906,0.7049290537834167,0.7889606356620789,0.6637236475944519,0.6056026220321655,0.9959575533866882,0.9079628586769104,0.9489463567733765,0.9772969484329224,0.9918078780174255,0.9078895449638367,0.9507260918617249,0.9783872365951538,5.892286480957409e-07,1.299739210480766e-06,3.5718019830710546e-07,2.4300945824506925e-06,4.60741006236276e-07,2.3429568329902395e-07,5.772872100351378e-07,1.0105380710001555e-07,3.1859439332038164e-05,0.2670595347881317,0.1434071809053421,0.12442924827337265,2.3287733711185865e-05,0.359940767288208,0.18478262424468994,0.1487704962491989,0.5762155106902423,0.40620401593134686,1.0105380710001555e-07,0.7867518067359924,0.38095238095238093,16,0.497541495991329,False
C:\Users\tombe\Documents\_MLE\CV-for-GRIT\models\datasets\Coleoptera\images\test\IMG_0316_specimen_2_TREOBT_NEON.BET.D20.002127.png,IMG_0316_specimen_2_TREOBT_NEON.BET.D20.002127.png,True,0.4213194251060486,1,0.967062771320343,0.9853349924087524,0.9714784026145935,0.9809812307357788,0.9577322006225586,0.9848868250846863,0.993273138999939,0.9758639931678772,0.9949187636375427,0.9725144505500793,0.9275579452514648,0.9075886011123657,0.9717286825180054,0.9456565380096436,0.9064108729362488,0.9579853415489197,0.8834573030471802,0.7933958768844604,0.995770275592804,0.9286656379699707,0.9816888570785522,0.9811035394668579,0.9900571703910828,0.9099686741828918,0.9439690113067627,0.9798816442489624,7.229100447148085e-05,0.00012184836668893695,5.2286311984062195e-05,0.00017739059694577008,6.041305823600851e-05,3.388574259588495e-05,7.999046647455543e-05,2.2388096112990752e-05,0.0006075557321310043,0.5684741735458374,0.2795531451702118,0.22723981738090515,0.0006296691717579961,0.23276323080062866,0.1642771065235138,0.16587160527706146,0.6292611794746162,0.42584789894862307,2.2388096112990752e-05,0.9187633097171783,0.35714285714285715,15,0.4973300258345532,False
C:\Users\tombe\Documents\_MLE\CV-for-GRIT\models\datasets\Coleoptera\images\test\IMG_0535_specimen_4_TREOBT_NEON.BET.D20.002341.png,IMG_0535_specimen_4_TREOBT_NEON.BET.D20.002341.png,True,0.44488051533699036,1,0.9722304940223694,0.9868901968002319,0.9758763909339905,0.9849129319190979,0.9573109149932861,0.9865828156471252,0.9944222569465637,0.9741645455360413,0.9933750033378601,0.9687724113464355,0.8846491575241089,0.8731721043586731,0.9744558334350586,0.9512486457824707,0.9186397790908813,0.9638460874557495,0.882138729095459,0.773634135723114,0.9952373504638672,0.9021693468093872,0.9800571203231812,0.9716291427612305,0.9856145977973938,0.8677224516868591,0.9053571820259094,0.9673359990119934,1.897585934784729e-05,3.699912122101523e-05,1.4158164049149491e-05,5.061352567281574e-05,1.623442403797526e-05,9.171194506052416e-06,2.287236384290736e-05,5.7046208894462325e-06,0.0002745591045822948,0.6492460370063782,0.2807212173938751,0.21456646919250488,0.00024728401331231,0.12305708974599838,0.10149434953927994,0.11535950005054474,0.6208711157178186,0.4289323483996684,5.7046208894462325e-06,0.893409252166748,0.35714285714285715,15,0.4968517012733434,False
C:\Users\tombe\Documents\_MLE\CV-for-GRIT\models\datasets\Coleoptera\images\test\IMG_0538_specimen_2_TREOBT_NEON.BET.D20.002352.png,IMG_0538_specimen_2_TREOBT_NEON.BET.D20.002352.png,True,0.4300612211227417,1,0.8878457546234131,0.9573915004730225,0.9566860795021057,0.9523211121559143,0.9328773021697998,0.980387806892395,0.9852603673934937,0.9780213832855225,0.9931275844573975,0.9608300924301147,0.9529601335525513,0.9610210657119751,0.9141907691955566,0.8266527056694031,0.7742465138435364,0.9148953557014465,0.8032431602478027,0.7140515446662903,0.9924744963645935,0.968488872051239,0.972649872303009,0.9802752137184143,0.9898598790168762,0.9669454097747803,0.9667879343032837,0.9830034971237183,3.0563153359253192e-06,6.198945811775047e-06,1.9676099327625707e-06,9.672693522588816e-06,2.0682155081885867e-06,1.1239588957323576e-06,2.9477298539859476e-06,6.768688081137952e-07,5.648392470902763e-05,0.5312504768371582,0.2721184194087982,0.226698100566864,5.761883585364558e-05,0.2522309422492981,0.1827596127986908,0.168126180768013,0.6166624036751122,0.4181826228666716,6.768688081137952e-07,0.9010182619094849,0.35714285714285715,15,0.4960004557314508,False
C:\Users\tombe\Documents\_MLE\CV-for-GRIT\models\datasets\Coleoptera\images\test\IMG_0233_specimen_4_TREOBT_NEON.BET.D20.001485.png,IMG_0233_specimen_4_TREOBT_NEON.BET.D20.001485.png,True,0.7126752734184265,1,0.4360693097114563,0.6806127429008484,0.6591359376907349,0.6439017653465271,0.5923839211463928,0.8338780403137207,0.9265801310539246,0.9067491292953491,0.9885778427124023,0.9130356311798096,0.9436987638473511,0.933678150177002,0.535838782787323,0.5504837036132812,0.5532029271125793,0.5294983386993408,0.4937484860420227,0.5134506821632385,0.9857710599899292,0.9414335489273071,0.9275506734848022,0.9716521501541138,0.9819998741149902,0.9476101398468018,0.9567632079124451,0.9760549664497375,1.252401062856734e-07,3.7041323253106384e-07,8.043906518651056e-08,5.973266752334894e-07,9.799441613722593e-08,5.363662936019864e-08,1.2661384118928254e-07,2.0746874440646934e-08,1.0214767826255411e-05,0.30403637886047363,0.1707931011915207,0.14763164520263672,7.3590776992205065e-06,0.2657388746738434,0.15727448463439941,0.14090465009212494,0.5121370973234475,0.38179487257101075,2.0746874440646934e-08,0.5431612432003021,0.42857142857142855,18,0.4953982702170326,True
C:\Users\tombe\Documents\_MLE\CV-for-GRIT\models\datasets\Coleoptera\images\test\IMG_0131_specimen_3_BLAHAW_NEON.BET.D20.001099.png,IMG_0131_specimen_3_BLAHAW_NEON.BET.D20.001099.png,True,0.3615037500858307,1,0.8237432837486267,0.9467572569847107,0.9317180514335632,0.9061999917030334,0.9242063760757446,0.9678295254707336,0.9858353734016418,0.9802985787391663,0.995500385761261,0.9917968511581421,0.9868181943893433,0.9910873770713806,0.8931449055671692,0.7970240712165833,0.7661619782447815,0.8737822771072388,0.7320038676261902,0.699110209941864,0.995872437953949,0.9938597679138184,0.9945881366729736,0.9960541725158691,0.9938594698905945,0.9922962784767151,0.9912694692611694,0.9967681169509888,1.9673960196087137e-05,4.450340929906815e-05,1.0815610039571766e-05,6.526990182464942e-05,1.4952234778320417e-05,6.1783780438418034e-06,1.907012119772844e-05,3.0719020287506282e-06,0.0003013693494722247,0.47216692566871643,0.3446001410484314,0.3243645429611206,0.00037102127680554986,0.6984883546829224,0.4656407833099365,0.3963093161582947,0.6392860094107229,0.4017801721161895,3.0719020287506282e-06,0.8487627804279327,0.35714285714285715,15,0.4948151818219916,False
C:\Users\tombe\Documents\_MLE\CV-for-GRIT\models\datasets\Coleoptera\images\test\IMG_0123_specimen_3_MECKON_NEON.BET.D20.000331.png,IMG_0123_specimen_3_MECKON_NEON.BET.D20.000331.png,True,0.43818333745002747,1,0.9824718832969666,0.9958689212799072,0.9905555844306946,0.9954602122306824,0.9801512956619263,0.9964461922645569,0.9985747337341309,0.9864776134490967,0.9952254295349121,0.9908604621887207,0.9246191382408142,0.9660418629646301,0.9884757995605469,0.9625978469848633,0.9304974675178528,0.9795507192611694,0.8777675032615662,0.7398608326911926,0.9976589679718018,0.9781734347343445,0.9952444434165955,0.9882558584213257,0.9899759888648987,0.9633125066757202,0.9437532424926758,0.9880716800689697,4.536408141575521e-06,8.455685019725934e-06,2.4417563508905005e-06,1.275046724913409e-05,2.6242275907861767e-06,1.1758212394852308e-06,4.559708031592891e-06,8.715003332326887e-07,6.658400525338948e-05,0.841407060623169,0.3996348977088928,0.2930419147014618,7.52955093048513e-05,0.10422930866479874,0.11040371656417847,0.1210445761680603,0.6427592950171342,0.43627338611168914,8.715003332326887e-07,0.9531755447387695,0.35714285714285715,15,0.4945596844753265,False
C:\Users\tombe\Documents\_MLE\CV-for-GRIT\models\datasets\Coleoptera\images\test\IMG_0187_specimen_1_MECBRU_NEON.BET.D20.001296.png,IMG_0187_specimen_1_MECBRU_NEON.BET.D20.001296.png,True,0.5350474715232849,1,0.9868007898330688,0.9960569143295288,0.9958574175834656,0.9950824975967407,0.9948570728302002,0.9986240863800049,0.9972255825996399,0.9971207976341248,0.9980851411819458,0.8911857008934021,0.9328628778457642,0.8350323438644409,0.9902570247650146,0.9417528510093689,0.8351016640663147,0.9898059964179993,0.943856954574585,0.8428130149841309,0.9969047904014587,0.8525131344795227,0.8990474343299866,0.9504449367523193,0.9968472123146057,0.8638206124305725,0.9488852620124817,0.9528226852416992,8.935630830819719e-06,1.4462897524936125e-05,4.759734565595863e-06,2.675276846275665e-05,5.497813617694192e-06,2.8646581995417364e-06,8.496862392348703e-06,1.8050021708404529e-06,0.0001359932794002816,0.28809210658073425,0.14389833807945251,0.11945971101522446,0.0001383437484037131,0.3422152101993561,0.17780984938144684,0.13668964803218842,0.6150518469532467,0.43108041563005217,1.8050021708404529e-06,0.8775031566619873,0.38095238095238093,16,0.49373175766932414,False
C:\Users\tombe\Documents\_MLE\CV-for-GRIT\models\datasets\Coleoptera\images\test\IMG_0189_specimen_2_MECDIS_NEON.BET.D20.001713.png,IMG_0189_specimen_2_MECDIS_NEON.BET.D20.001713.png,True,0.5168880224227905,1,0.9841949939727783,0.9971365928649902,0.9877026677131653,0.9964783787727356,0.982923686504364,0.9973975419998169,0.9987698197364807,0.9815931916236877,0.9932581186294556,0.956624448299408,0.7676500678062439,0.8009482622146606,0.991426944732666,0.9702119827270508,0.9182908535003662,0.9777852296829224,0.8517773151397705,0.6736211180686951,0.99623042345047,0.8543668985366821,0.9698562622070312,0.9325095415115356,0.9814102649688721,0.7815890908241272,0.7883477210998535,0.9240427613258362,1.5488807321162312e-06,2.985572791658342e-06,8.388493597522029e-07,4.924687800667016e-06,9.924306141328998e-07,4.6458410452032695e-07,1.8374140609012102e-06,2.8944540986231004e-07,4.3661111703841016e-05,0.5817365646362305,0.18958047032356262,0.12993523478507996,3.637102781794965e-05,0.08763225376605988,0.07007049024105072,0.07110800594091415,0.5996738359907371,0.43028591246514203,2.8944540986231004e-07,0.8263627886772156,0.35714285714285715,15,0.49045343811799275,False
C:\Users\tombe\Documents\_MLE\CV-for-GRIT\models\datasets\Coleoptera\images\test\IMG_0119_specimen_2_MECKON_NEON.BET.D20.000252.png,IMG_0119_specimen_2_MECKON_NEON.BET.D20.000252.png,True,0.529156506061554,1,0.9842973351478577,0.9926983714103699,0.9941512942314148,0.9916741251945496,0.9914624094963074,0.9967324733734131,0.9938870072364807,0.9957465529441833,0.9965003728866577,0.92963045835495,0.9387410879135132,0.8769504427909851,0.9849516749382019,0.9355401992797852,0.8653587698936462,0.9872156381607056,0.9433984756469727,0.8600104451179504,0.994654655456543,0.8954139947891235,0.9440675973892212,0.9677276611328125,0.9950165152549744,0.8899182677268982,0.954218327999115,0.9661043882369995,4.620721301762387e-05,8.352884469786659e-05,2.8646894861594774e-05,0.0001177824306068942,3.389686025911942e-05,1.8453536540619098e-05,4.798452937393449e-05,1.154010260506766e-05,0.0004920331994071603,0.4137038290500641,0.2147379219532013,0.17933137714862823,0.0005063347052782774,0.30073103308677673,0.17862725257873535,0.16169016063213348,0.6265780124945195,0.4293197770214045,1.154010260506766e-05,0.9125222265720367,0.38095238095238093,16,0.49019906605263364,False
C:\Users\tombe\Documents\_MLE\CV-for-GRIT\models\datasets\Coleoptera\images\test\IMG_0266_specimen_1_MECRUF_NEON.BET.D20.003083.png,IMG_0266_specimen_1_MECRUF_NEON.BET.D20.003083.png,True,0.5314024686813354,1,0.9010171294212341,0.9663751721382141,0.9506324529647827,0.9563758969306946,0.9345939755439758,0.9807116389274597,0.9904257655143738,0.9786585569381714,0.9967517852783203,0.9685187339782715,0.95930016040802,0.9504320025444031,0.9300457239151001,0.86245197057724,0.7921541333198547,0.9108470678329468,0.8000552654266357,0.7129163146018982,0.9965988993644714,0.9606993794441223,0.976291298866272,0.9850581288337708,0.9943631887435913,0.9578831195831299,0.9711993336677551,0.987230122089386,2.070500613626791e-06,3.94290373151307e-06,1.217436420120066e-06,7.078075213939883e-06,1.4047726608623634e-06,6.881681997583655e-07,1.972240852410323e-06,3.8826712511763617e-07,4.8426620196551085e-05,0.45233017206192017,0.22284869849681854,0.18557634949684143,4.670712587540038e-05,0.3246917724609375,0.19653435051441193,0.16902053356170654,0.6172072140370862,0.420682345833386,3.8826712511763617e-07,0.9059320986270905,0.38095238095238093,16,0.4886724047288299,False
C:\Users\tombe\Documents\_MLE\CV-for-GRIT\models\datasets\Coleoptera\images\test\IMG_0155_specimen_3_MECDIS_NEON.BET.D20.001498.png,IMG_0155_specimen_3_MECDIS_NEON.BET.D20.001498.png,True,0.6148062348365784,1,0.9590651392936707,0.9833085536956787,0.9867162704467773,0.9807852506637573,0.9847591519355774,0.9944885969161987,0.9880897402763367,0.9934857487678528,0.995274007320404,0.7507917881011963,0.8953360915184021,0.6873309016227722,0.9652975797653198,0.8704562783241272,0.7283043265342712,0.9712164402008057,0.9034811854362488,0.7923527359962463,0.990543782711029,0.6969980001449585,0.7442476749420166,0.8972257971763611,0.993064820766449,0.7333351969718933,0.9126001596450806,0.8972077369689941,4.838111635763198e-06,9.239968676411081e-06,2.790163080135244e-06,1.5272560631274246e-05,3.393791985217831e-06,1.9494252683216473e-06,4.698923930845922e-06,1.042059921019245e-06,0.00011284342326689512,0.1797572374343872,0.10317939519882202,0.09028641879558563,9.690495789982378e-05,0.30156978964805603,0.1441691517829895,0.11113645136356354,0.5768122469940982,0.4188671896003178,1.042059921019245e-06,0.7475197315216064,0.38095238095238093,16,0.485367355073516,False
C:\Users\tombe\Documents\_MLE\CV-for-GRIT\models\datasets\Coleoptera\images\test\IMG_0325_specimen_2_TREOBT_NEON.BET.D20.002293.png,IMG_0325_specimen_2_TREOBT_NEON.BET.D20.002293.png,True,0.5820484161376953,1,0.7709927558898926,0.9255850911140442,0.8861945867538452,0.9064640998840332,0.8589369654655457,0.9634070992469788,0.9862761497497559,0.9625325798988342,0.9966951608657837,0.9620202779769897,0.951372504234314,0.9466397166252136,0.8485966920852661,0.7738054394721985,0.7083430886268616,0.8026646375656128,0.6685687303543091,0.6040470600128174,0.9966726303100586,0.9566578269004822,0.970355212688446,0.9824467897415161,0.9935694932937622,0.9566080570220947,0.9646437764167786,0.9861094355583191,1.4653336677383777e-07,3.3774438179534627e-07,8.141442009446109e-08,6.384357789102069e-07,9.682983659331512e-08,4.316973445384065e-08,1.3453983171984873e-07,2.0345009232869415e-08,7.89758087194059e-06,0.40238049626350403,0.18851231038570404,0.15683798491954803,6.961300186958397e-06,0.2860763370990753,0.17007075250148773,0.14244358241558075,0.5875367542674302,0.41102292002414115,2.0345009232869415e-08,0.7882350385189056,0.38095238095238093,16,0.4839370646922104,False
C:\Users\tombe\Documents\_MLE\CV-for-GRIT\models\datasets\Coleoptera\images\test\IMG_0323_specimen_2_TREOBT_NEON.BET.D20.002184.png,IMG_0323_specimen_2_TREOBT_NEON.BET.D20.002184.png,True,0.7480384707450867,1,0.6707969307899475,0.9176985621452332,0.7331010699272156,0.8903968930244446,0.7098621129989624,0.9312734603881836,0.9884054660797119,0.8647286295890808,0.9906316995620728,0.9701430797576904,0.8541478514671326,0.9140287637710571,0.8161903023719788,0.8038623332977295,0.7602897882461548,0.6491276621818542,0.464474081993103,0.4322303831577301,0.9949753284454346,0.9362698197364807,0.9786269068717957,0.9701907634735107,0.9726201891899109,0.9149248003959656,0.8695710897445679,0.9715331792831421,1.340040540753762e-07,3.421671408432303e-07,8.191270239876758e-08,6.021672334100003e-07,9.902895925506527e-08,4.757828264700947e-08,1.4380567847638304e-07,2.1500216718095544e-08,8.964916560216807e-06,0.4750863313674927,0.20026692748069763,0.15572775900363922,6.455787115555722e-06,0.17118465900421143,0.12384669482707977,0.11417074501514435,0.5526285989870547,0.399100436591408,2.1500216718095544e-08,0.721481591463089,0.42857142857142855,18,0.4813333190871736,True
C:\Users\tombe\Documents\_MLE\CV-for-GRIT\models\datasets\Coleoptera\images\test\IMG_0151_specimen_3_MECDIS_NEON.BET.D20.001044.png,IMG_0151_specimen_3_MECDIS_NEON.BET.D20.001044.png,True,0.6439079642295837,1,0.9655409455299377,0.9862799644470215,0.9908169507980347,0.9832772016525269,0.9896122813224792,0.996268093585968,0.990584135055542,0.9959251880645752,0.9968612194061279,0.7223477959632874,0.9120233058929443,0.6780793070793152,0.971088707447052,0.8708649277687073,0.7034322023391724,0.9781095385551453,0.9190245270729065,0.8085396885871887,0.9929099678993225,0.6798155307769775,0.7030244469642639,0.8948379158973694,0.995559811592102,0.7373718619346619,0.9281347393989563,0.8991986513137817,2.585645233921241e-06,4.866361905442318e-06,1.3602610806628945e-06,8.835749213176314e-06,1.7114045931521105e-06,9.118119237427891e-07,2.4083428797894157e-06,4.692752497703623e-07,7.28929735487327e-05,0.1423766314983368,0.08644121140241623,0.07844501733779907,6.410999048966914e-05,0.3572068214416504,0.1552690714597702,0.11178666353225708,0.5766955827341361,0.4207314211630491,4.692752497703623e-07,0.7298598289489746,0.38095238095238093,16,0.480560861325655,False
C:\Users\tombe\Documents\_MLE\CV-for-GRIT\models\datasets\Coleoptera\images\test\IMG_0132_specimen_1_BLAHAW_NEON.BET.D20.001265.png,IMG_0132_specimen_1_BLAHAW_NEON.BET.D20.001265.png,True,0.4687936305999756,1,0.7643185257911682,0.9118092060089111,0.8781000375747681,0.8906641602516174,0.7944456338882446,0.9279466271400452,0.9850977659225464,0.9528488516807556,0.9937073588371277,0.9962005019187927,0.9807522296905518,0.994131863117218,0.8288787603378296,0.7934236526489258,0.8219344019889832,0.795382559299469,0.624701201915741,0.5995306968688965,0.9962013363838196,0.9963592886924744,0.9980186223983765,0.9974868297576904,0.9894428253173828,0.9940253496170044,0.987125813961029,0.9976183772087097,1.8942615724881762e-06,5.249675268714782e-06,1.1857205208798405e-06,7.215845926111797e-06,1.450507056688366e-06,6.621344823543041e-07,2.0442778350115987e-06,3.2709220931792515e-07,7.147208816604689e-05,0.808804988861084,0.4914894998073578,0.41143813729286194,6.502990436274558e-05,0.31076011061668396,0.2534162402153015,0.2678377032279968,0.6198584688034944,0.4002383701673043,3.2709220931792515e-07,0.8020937740802765,0.35714285714285715,15,0.4785203363478125,False
C:\Users\tombe\Documents\_MLE\CV-for-GRIT\models\datasets\Coleoptera\images\test\IMG_0317_specimen_2_TREOBT_NEON.BET.D20.002131.png,IMG_0317_specimen_2_TREOBT_NEON.BET.D20.002131.png,True,0.5828507542610168,1,0.8693827390670776,0.9600003957748413,0.9178523421287537,0.9465113282203674,0.8995453715324402,0.9726993441581726,0.9880088567733765,0.9528517127037048,0.9914507269859314,0.9686452150344849,0.925068199634552,0.9543969631195068,0.9167954921722412,0.8624303340911865,0.8084702491760254,0.8755260109901428,0.7297308444976807,0.6453022360801697,0.9931636452674866,0.9645262360572815,0.9783565402030945,0.9784204363822937,0.9822720289230347,0.9575426578521729,0.9417009353637695,0.9793264865875244,4.2719261728052516e-06,9.376779416925274e-06,2.910033572334214e-06,1.4394030586117879e-05,3.290386530352407e-06,1.775219288902008e-06,4.7485632421739865e-06,9.585040743331774e-07,7.861761696403846e-05,0.46941161155700684,0.2539966404438019,0.21199077367782593,7.5661220762413e-05,0.27358201146125793,0.18856343626976013,0.17836759984493256,0.6080020334836311,0.4140758716522142,9.585040743331774e-07,0.8724543750286102,0.38095238095238093,16,0.47821877271006075,False
C:\Users\tombe\Documents\_MLE\CV-for-GRIT\models\datasets\Coleoptera\images\test\IMG_0561_specimen_1_TREOBT_NEON.BET.D20.001773.png,IMG_0561_specimen_1_TREOBT_NEON.BET.D20.001773.png,True,0.7038518786430359,1,0.7667098641395569,0.9334720969200134,0.8141029477119446,0.9149988889694214,0.779673159122467,0.9459182024002075,0.9880613088607788,0.9083871841430664,0.9915100336074829,0.9543280005455017,0.8653119802474976,0.8781516551971436,0.8563660979270935,0.8351439237594604,0.7814129590988159,0.7489004731178284,0.5562084317207336,0.49480095505714417,0.9942797422409058,0.9077975749969482,0.9658948183059692,0.9658011794090271,0.9771857261657715,0.880291759967804,0.879400908946991,0.9640905857086182,1.4064413278447319e-07,3.738753093784908e-07,8.618403768423377e-08,6.281105129346543e-07,1.0989998600052786e-07,5.490543841801809e-08,1.5974836742316256e-07,2.3334347787340448e-08,1.1720622751454357e-05,0.44018179178237915,0.17247682809829712,0.13178637623786926,7.724802344455384e-06,0.14750640094280243,0.0975893884897232,0.09455377608537674,0.5626741914774255,0.4061537191528193,2.3334347787340448e-08,0.7805430591106415,0.40476190476190477,17,0.478158449370729,True
C:\Users\tombe\Documents\_MLE\CV-for-GRIT\models\datasets\Coleoptera\images\test\IMG_0546_specimen_4_TREOBT_NEON.BET.D20.001624.png,IMG_0546_specimen_4_TREOBT_NEON.BET.D20.001624.png,True,0.5585445165634155,1,0.9700890183448792,0.99326092004776,0.9875729084014893,0.9919729232788086,0.9821860194206238,0.9967523813247681,0.9978839755058289,0.9923267960548401,0.9983158111572266,0.961948573589325,0.9420307874679565,0.9175047278404236,0.9817829728126526,0.935073733329773,0.8554481863975525,0.9721635580062866,0.8740425109863281,0.745048999786377,0.9983349442481995,0.9356651902198792,0.9702446460723877,0.9786156415939331,0.9964181184768677,0.9277371764183044,0.9563689827919006,0.9803385734558105,6.569653692167776e-07,1.292416868636792e-06,3.381736632945831e-07,2.460513087498839e-06,3.9460414313907677e-07,1.827451825420212e-07,6.432467785089102e-07,1.0319639187628127e-07,2.3965640139067546e-05,0.5084880590438843,0.20000983774662018,0.15192551910877228,2.147916893591173e-05,0.21864868700504303,0.13533638417720795,0.11639489233493805,0.6230948326932668,0.43387649825503183,1.0319639187628127e-07,0.9314054548740387,0.35714285714285715,15,0.47575968464736434,False
C:\Users\tombe\Documents\_MLE\CV-for-GRIT\models\datasets\Coleoptera\images\test\IMG_0271_specimen_3_MECRUF_NEON.BET.D20.003245.png,IMG_0271_specimen_3_MECRUF_NEON.BET.D20.003245.png,True,0.5434922575950623,1,0.9717906713485718,0.9939834475517273,0.9866932034492493,0.9920147657394409,0.9822489023208618,0.9966186285018921,0.9981502294540405,0.9910422563552856,0.9983903169631958,0.9732586741447449,0.9455611109733582,0.9352099895477295,0.983791708946228,0.9414116740226746,0.8674288988113403,0.97160404920578,0.8754710555076599,0.7520712018013,0.9985911250114441,0.950289785861969,0.9801062941551208,0.9815431237220764,0.9965783953666687,0.9428630471229553,0.9602006077766418,0.9840431809425354,1.528852976662165e-06,2.7474636681290576e-06,7.756772220091079e-07,5.101415354147321e-06,9.042796023095434e-07,3.826130239303893e-07,1.3980928770251921e-06,2.396266438609018e-07,3.1310530175687745e-05,0.5282904505729675,0.2248697578907013,0.17564858496189117,3.5104876587865874e-05,0.270788311958313,0.17011266946792603,0.14115050435066223,0.6300451456484544,0.4317506054672248,2.396266438609018e-07,0.9421373605728149,0.35714285714285715,15,0.47545344530027417,False
C:\Users\tombe\Documents\_MLE\CV-for-GRIT\models\datasets\Coleoptera\images\test\IMG_0179_specimen_3_TREOBT_NEON.BET.D20.001977.png,IMG_0179_specimen_3_TREOBT_NEON.BET.D20.001977.png,True,0.5541234016418457,1,0.9643732905387878,0.9822719097137451,0.9902404546737671,0.9831699728965759,0.9797948598861694,0.9934537410736084,0.9932604432106018,0.9955800175666809,0.998386025428772,0.9588211178779602,0.9736194610595703,0.9387285709381104,0.9637476801872253,0.8885329961776733,0.8236108422279358,0.9748566150665283,0.9201771020889282,0.8363050222396851,0.9975683093070984,0.9489836096763611,0.9683765172958374,0.9867820739746094,0.9979022741317749,0.9497904181480408,0.9824839234352112,0.9886307716369629,1.7390151469953707e-06,3.3081068977480754e-06,1.007008904707618e-06,5.781726486020489e-06,1.1050254897781997e-06,5.856482516719552e-07,1.6031107179514947e-06,3.580160523597442e-07,5.41632944077719e-05,0.5896994471549988,0.25112199783325195,0.19833433628082275,4.795625864062458e-05,0.22375459969043732,0.14476539194583893,0.1332065761089325,0.6314392375400834,0.4322085990969222,3.580160523597442e-07,0.9438560903072357,0.35714285714285715,15,0.47309093130336966,False
C:\Users\tombe\Documents\_MLE\CV-for-GRIT\models\datasets\Coleoptera\images\test\IMG_0121_specimen_3_MECKON_NEON.BET.D20.000295.png,IMG_0121_specimen_3_MECKON_NEON.BET.D20.000295.png,True,0.6622922420501709,1,0.9544625282287598,0.9889044165611267,0.9699597954750061,0.9845103621482849,0.970931887626648,0.9928199648857117,0.994674563407898,0.9790588021278381,0.9938387274742126,0.8858913779258728,0.8355739712715149,0.7542967200279236,0.9727129340171814,0.9197933077812195,0.816755473613739,0.9513899683952332,0.8202938437461853,0.6794055700302124,0.9937206506729126,0.7873099446296692,0.89696204662323,0.9166243672370911,0.9850061535835266,0.7671178579330444,0.8497276902198792,0.9094563722610474,7.370075763901696e-06,1.3788342585030477e-05,4.61625995740178e-06,2.2564438040717505e-05,5.547108685277635e-06,3.1670001590100583e-06,8.161689947883133e-06,1.729415998852346e-06,0.0001560644741402939,0.2626321613788605,0.13514915108680725,0.11041191220283508,0.00012808364408556372,0.26677975058555603,0.14787454903125763,0.12285472452640533,0.586125062837287,0.4184045209093491,1.729415998852346e-06,0.8185246586799622,0.38095238095238093,16,0.47217193897251425,False
C:\Users\tombe\Documents\_MLE\CV-for-GRIT\models\datasets\Coleoptera\images\test\IMG_0143_specimen_4_MECRUF_NEON.BET.D20.001563.png,IMG_0143_specimen_4_MECRUF_NEON.BET.D20.001563.png,True,0.6640296578407288,1,0.9293853640556335,0.9695413112640381,0.9803586006164551,0.9641428589820862,0.9727994203567505,0.9910916686058044,0.9861836433410645,0.9924150109291077,0.9967605471611023,0.857711911201477,0.9533369541168213,0.8813275694847107,0.9402318000793457,0.823400616645813,0.6935313940048218,0.9531441926956177,0.8808905482292175,0.7833413481712341,0.9936083555221558,0.8877640962600708,0.8676432371139526,0.9493369460105896,0.9961091876029968,0.9120544195175171,0.9683536887168884,0.9609789252281189,8.910508881854184e-07,1.6725988416510518e-06,4.764294203596364e-07,3.030399966519326e-06,5.547144041884167e-07,2.5809714543356677e-07,7.602434948239534e-07,1.451950453201789e-07,2.298782237630803e-05,0.2504522204399109,0.1302860826253891,0.11465229839086533,2.4334422050742432e-05,0.33152079582214355,0.167349174618721,0.12701134383678436,0.6001612057766866,0.42453963488360563,1.451950453201789e-07,0.8742668926715851,0.38095238095238093,16,0.4698827062084526,False
C:\Users\tombe\Documents\_MLE\CV-for-GRIT\models\datasets\Coleoptera\images\test\IMG_0266_specimen_3_MECRUF_NEON.BET.D20.003094.png,IMG_0266_specimen_3_MECRUF_NEON.BET.D20.003094.png,True,0.5901660919189453,1,0.9747779965400696,0.9938807487487793,0.9857354760169983,0.992207944393158,0.9808680415153503,0.9960208535194397,0.9979333877563477,0.9902811050415039,0.9982757568359375,0.9666133522987366,0.9340899586677551,0.8996061682701111,0.9839386343955994,0.9480265378952026,0.8817479610443115,0.972572922706604,0.8788817524909973,0.756243109703064,0.9984557628631592,0.9226895570755005,0.974223256111145,0.9795867800712585,0.9959139227867126,0.9077484011650085,0.9486531615257263,0.9796651005744934,2.2480642201117007e-06,4.122416612517554e-06,1.2546560128612327e-06,7.728736818535253e-06,1.4635184015787672e-06,7.263910219990066e-07,2.304874442415894e-06,4.2530908217486285e-07,6.222577940206975e-05,0.5013768672943115,0.203666552901268,0.1556376963853836,5.389480429585092e-05,0.23194283246994019,0.14200393855571747,0.12502381205558777,0.6237720415291783,0.4328610213657002,4.2530908217486285e-07,0.9152189791202545,0.35714285714285715,15,0.468720189471904,False
C:\Users\tombe\Documents\_MLE\CV-for-GRIT\models\datasets\Coleoptera\images\test\IMG_0313_specimen_2_TREOBT_NEON.BET.D20.002079.png,IMG_0313_specimen_2_TREOBT_NEON.BET.D20.002079.png,True,0.6831969022750854,1,0.7872438430786133,0.9237518310546875,0.8834310173988342,0.9097622036933899,0.8490616679191589,0.9593633413314819,0.984272837638855,0.959494411945343,0.9959030747413635,0.9468016028404236,0.9393689632415771,0.9187474250793457,0.8493345975875854,0.7954609394073486,0.7315394878387451,0.8115110993385315,0.6797865629196167,0.6107938289642334,0.9957056641578674,0.9329790472984314,0.9570552110671997,0.9782614707946777,0.9916200637817383,0.9313432574272156,0.9525717496871948,0.9802683591842651,1.827580717872479e-07,4.4395909526429023e-07,1.1008985723037767e-07,8.149814902935759e-07,1.3211047189543024e-07,6.817172248929637e-08,1.8417810565551918e-07,3.0133655570807605e-08,1.2231061191414483e-05,0.3924385607242584,0.1752830594778061,0.1419430524110794,8.942749445850495e-06,0.22454385459423065,0.13357320427894592,0.11952988058328629,0.5819706740876295,0.41190562061999075,3.0133655570807605e-08,0.8034860193729401,0.38095238095238093,16,0.4661696291050634,False
C:\Users\tombe\Documents\_MLE\CV-for-GRIT\models\datasets\Coleoptera\images\test\IMG_0260_specimen_3_MECKON_NEON.BET.D20.003133.png,IMG_0260_specimen_3_MECKON_NEON.BET.D20.003133.png,True,0.6953164935112,1,0.9083272218704224,0.9833948612213135,0.9495180249214172,0.9781644344329834,0.9428512454032898,0.9909226298332214,0.9963198900222778,0.9718303084373474,0.9963699579238892,0.9458861351013184,0.8799619674682617,0.8828465938568115,0.9550316333770752,0.8964258432388306,0.798474133014679,0.9079959988594055,0.7232577204704285,0.58856201171875,0.9971355199813843,0.9073126316070557,0.9557178616523743,0.9585548639297485,0.9905087947845459,0.8940803408622742,0.8989591598510742,0.9619582891464233,1.5501441907872504e-07,3.472639491519658e-07,8.033663334572338e-08,6.628357596127898e-07,9.794882771529956e-08,4.3284011042032944e-08,1.552915591673809e-07,2.11141841788276e-08,8.251339750131592e-06,0.40112122893333435,0.1581084132194519,0.12266930937767029,6.933935765118804e-06,0.19481094181537628,0.12039308995008469,0.10123094171285629,0.5942552082466722,0.4237699025774571,2.11141841788276e-08,0.8884634673595428,0.38095238095238093,16,0.46534582004462294,False
C:\Users\tombe\Documents\_MLE\CV-for-GRIT\models\datasets\Coleoptera\images\test\IMG_0155_specimen_1_MECDIS_NEON.BET.D20.001496.png,IMG_0155_specimen_1_MECDIS_NEON.BET.D20.001496.png,True,0.7232549786567688,1,0.9804738759994507,0.9896628260612488,0.9941661357879639,0.9878332614898682,0.9921311736106873,0.9969249367713928,0.9905270338058472,0.9963808655738831,0.9963931441307068,0.7107800841331482,0.9144710898399353,0.6940290331840515,0.9803149700164795,0.9110252261161804,0.775058925151825,0.9862026572227478,0.9513839483261108,0.8672773838043213,0.9913057684898376,0.6899126768112183,0.7092221975326538,0.8755043148994446,0.9958041310310364,0.7533455491065979,0.9364012479782104,0.8895249366760254,1.2239952411619015e-05,1.860699376265984e-05,7.073257620504592e-06,3.2610616472084075e-05,8.031126526475418e-06,4.369646376289893e-06,1.1056412404286675e-05,2.87394004772068e-06,0.00013290981587488204,0.17810849845409393,0.10116200149059296,0.08980593085289001,0.0001481768995290622,0.30356499552726746,0.14468209445476532,0.10913776606321335,0.5829261102155886,0.4240762838960904,2.87394004772068e-06,0.7642022371292114,0.38095238095238093,16,0.46407355365505326,False
C:\Users\tombe\Documents\_MLE\CV-for-GRIT\models\datasets\Coleoptera\images\test\IMG_0269_specimen_2_MECRUF_NEON.BET.D20.003146.png,IMG_0269_specimen_2_MECRUF_NEON.BET.D20.003146.png,True,0.6804275512695312,1,0.9792800545692444,0.9957958459854126,0.9811351895332336,0.9933776259422302,0.9801700711250305,0.9957549571990967,0.9985263347625732,0.9832053780555725,0.9977109432220459,0.9656125903129578,0.8719564080238342,0.8252572417259216,0.9888573288917542,0.9655271768569946,0.9051764607429504,0.9703538417816162,0.8699509501457214,0.7391090393066406,0.9984632730484009,0.8618250489234924,0.973146915435791,0.9623597264289856,0.9934555888175964,0.8257062435150146,0.8892550468444824,0.9614938497543335,7.068186732794857e-06,1.1823525710497051e-05,4.120683115615975e-06,2.1664627638529055e-05,5.032969966123346e-06,2.3892728222563164e-06,7.35897174308775e-06,1.4782470998397912e-06,0.00011291811824776232,0.4227004051208496,0.17689670622348785,0.13896949589252472,0.00010946849215542898,0.2596951425075531,0.1535581350326538,0.1275569498538971,0.6131457925875506,0.4282554329572964,1.4782470998397912e-06,0.8709536790847778,0.38095238095238093,16,0.46392717530040833,False
C:\Users\tombe\Documents\_MLE\CV-for-GRIT\models\datasets\Coleoptera\images\test\IMG_0343_specimen_3_TREOBT_NEON.BET.D20.002457.png,IMG_0343_specimen_3_TREOBT_NEON.BET.D20.002457.png,True,0.6098145842552185,1,0.9261232018470764,0.985627293586731,0.9345556497573853,0.9786643981933594,0.9317683577537537,0.9851073622703552,0.9956684112548828,0.9384112358093262,0.9896224737167358,0.975671648979187,0.8406982421875,0.9210001230239868,0.9632798433303833,0.9248972535133362,0.8676350712776184,0.9086372256278992,0.7215428352355957,0.599955677986145,0.9948108196258545,0.942608654499054,0.9834756851196289,0.9652543067932129,0.9715462327003479,0.9160639047622681,0.861016571521759,0.9644303917884827,7.922059012344107e-06,1.5516970961471088e-05,5.147411229700083e-06,2.418792064418085e-05,5.924177003180375e-06,2.9187494874349795e-06,8.90219507709844e-06,1.7979119775191066e-06,0.0001028211263474077,0.5169073939323425,0.2526693046092987,0.20099806785583496,0.00010790428495965898,0.2284832000732422,0.1713954210281372,0.15781067311763763,0.6075385708472633,0.4170991810694625,1.7979119775191066e-06,0.8881361484527588,0.35714285714285715,15,0.4625700001981397,False
C:\Users\tombe\Documents\_MLE\CV-for-GRIT\models\datasets\Coleoptera\images\test\IMG_0543_specimen_5_TREOBT_NEON.BET.D20.003298.png,IMG_0543_specimen_5_TREOBT_NEON.BET.D20.003298.png,True,0.7422065734863281,1,0.9546298980712891,0.9911327958106995,0.9609929919242859,0.9879414439201355,0.9576064944267273,0.992334246635437,0.997271716594696,0.967172384262085,0.9951761960983276,0.9340630173683167,0.7874783277511597,0.7481438517570496,0.9760460257530212,0.9439045190811157,0.8680946826934814,0.9398275017738342,0.7831043004989624,0.630028486251831,0.9967309236526489,0.7938269376754761,0.946193277835846,0.9291595816612244,0.9854788780212402,0.7463012337684631,0.8022986054420471,0.9248065948486328,1.383818357680866e-06,2.612987145766965e-06,8.344164257323428e-07,4.7629946493543684e-06,9.798353630685597e-07,5.174808848096291e-07,1.5040714060887694e-06,2.925388002950058e-07,4.1989271267084405e-05,0.39950546622276306,0.14861196279525757,0.11163079738616943,3.247124550398439e-05,0.1495923548936844,0.09810520708560944,0.08626632392406464,0.5841320089177473,0.4217418110988873,2.925388002950058e-07,0.7906526327133179,0.38095238095238093,16,0.45863373493958226,False
C:\Users\tombe\Documents\_MLE\CV-for-GRIT\models\datasets\Coleoptera\images\test\IMG_0550_specimen_4_TREOBT_NEON.BET.D20.001684.png,IMG_0550_specimen_4_TREOBT_NEON.BET.D20.001684.png,True,0.6225584745407104,1,0.8773036599159241,0.9598914980888367,0.9540912508964539,0.9526371955871582,0.9279658198356628,0.9824693202972412,0.9918980598449707,0.9810813069343567,0.9978604912757874,0.9796849489212036,0.9671277403831482,0.9678106307983398,0.9126405715942383,0.8172279596328735,0.7735634446144104,0.9025730490684509,0.7713124752044678,0.6851624250411987,0.997797966003418,0.9758260846138,0.9868963360786438,0.9894082546234131,0.9964550733566284,0.9744398593902588,0.9781740307807922,0.9922327995300293,2.8227083248566487e-07,5.597303811555321e-07,1.3319983338533348e-07,9.471302178098995e-07,1.5209083414902125e-07,5.540492864497537e-08,2.0776501230557187e-07,3.4510801327769514e-08,6.207156729942653e-06,0.5871424078941345,0.2662646770477295,0.21734824776649475,9.294692972616758e-06,0.2504817545413971,0.1688169687986374,0.14839833974838257,0.6174286314776435,0.4207930814143032,3.4510801327769514e-08,0.8899383544921875,0.35714285714285715,15,0.4585169187228635,False
C:\Users\tombe\Documents\_MLE\CV-for-GRIT\models\datasets\Coleoptera\images\test\IMG_0193_specimen_4_MECRUF_NEON.BET.D20.000047.png,IMG_0193_specimen_4_MECRUF_NEON.BET.D20.000047.png,True,0.6195038557052612,1,0.8854625225067139,0.9367324709892273,0.9463701248168945,0.933875322341919,0.8993675708770752,0.9623664021492004,0.9789623618125916,0.9729117751121521,0.9917011857032776,0.970722496509552,0.9507935643196106,0.9583370685577393,0.891212522983551,0.8363717794418335,0.8187050819396973,0.9056745767593384,0.804111897945404,0.725204586982727,0.9917214512825012,0.9671629071235657,0.9811630845069885,0.98548823595047,0.9876032471656799,0.9603890180587769,0.9638444185256958,0.9852089881896973,4.6368386392714456e-06,1.1197884305147454e-05,3.3106098271673545e-06,1.4976966667745728e-05,3.7720747059211135e-06,2.1979408302286174e-06,5.157769919605926e-06,1.1746747077268083e-06,0.00011530440679052845,0.6400282382965088,0.32256007194519043,0.2642429769039154,9.91466804407537e-05,0.18569445610046387,0.14413422346115112,0.15798139572143555,0.616818259543509,0.41714798311490314,1.1746747077268083e-06,0.8883375227451324,0.35714285714285715,15,0.45755731020300033,False
C:\Users\tombe\Documents\_MLE\CV-for-GRIT\models\datasets\Coleoptera\images\test\IMG_0560_specimen_2_TREOBT_NEON.BET.D20.001770.png,IMG_0560_specimen_2_TREOBT_NEON.BET.D20.001770.png,True,0.7422510385513306,1,0.8754376173019409,0.9744515419006348,0.9006057977676392,0.9644105434417725,0.8968157172203064,0.9797443151473999,0.9940006136894226,0.9416990280151367,0.9929277300834656,0.9475311636924744,0.8474826812744141,0.8637440800666809,0.9358920454978943,0.8912670612335205,0.8111459016799927,0.8588612079620361,0.6419107913970947,0.5349386930465698,0.9951569437980652,0.8955294489860535,0.9584470987319946,0.9551761150360107,0.9795188307762146,0.8665881752967834,0.8612204194068909,0.9527760148048401,4.758500153911882e-07,1.1342918924128753e-06,2.859819119294116e-07,1.9451281332294457e-06,3.5959010347141884e-07,1.806716056762525e-07,5.493728849614854e-07,8.264274242719694e-08,2.4208160539274104e-05,0.3855225443840027,0.16369107365608215,0.12698675692081451,1.7851401935331523e-05,0.18985708057880402,0.11866100877523422,0.10795394331216812,0.5811904537612885,0.41570009325746965,8.264274242719694e-08,0.8600408136844635,0.38095238095238093,16,0.45660248276460247,False
C:\Users\tombe\Documents\_MLE\CV-for-GRIT\models\datasets\Coleoptera\images\test\IMG_0188_specimen_3_MECBRU_NEON.BET.D20.000048.png,IMG_0188_specimen_3_MECBRU_NEON.BET.D20.000048.png,True,0.7491973042488098,1,0.9219979047775269,0.9844751954078674,0.9034859538078308,0.9752551317214966,0.9087876677513123,0.9794654250144958,0.9957283139228821,0.9165311455726624,0.9912316203117371,0.9559754133224487,0.7520354390144348,0.7749037146568298,0.9611321687698364,0.9372032284736633,0.8744844794273376,0.8819901943206787,0.6917452216148376,0.5728065967559814,0.9954977035522461,0.8254244327545166,0.9668115377426147,0.9358781576156616,0.9711877703666687,0.7620673775672913,0.7623319625854492,0.929803192615509,3.4973238598468015e-06,6.643496817559935e-06,2.339532557016355e-06,1.1205083865206689e-05,2.8643278255913174e-06,1.4865823914078646e-06,4.001898560090922e-06,8.250956398114795e-07,7.875305163906887e-05,0.38516998291015625,0.1626584827899933,0.126473531126976,6.266584387049079e-05,0.18528157472610474,0.12117529660463333,0.10754113644361496,0.5765883627686267,0.4128343301331331,8.250956398114795e-07,0.7686178386211395,0.38095238095238093,16,0.45543482865004586,False
C:\Users\tombe\Documents\_MLE\CV-for-GRIT\models\datasets\Coleoptera\images\test\IMG_0313_specimen_3_TREOBT_NEON.BET.D20.002080.png,IMG_0313_specimen_3_TREOBT_NEON.BET.D20.002080.png,True,0.7438550591468811,1,0.9473533034324646,0.9871418476104736,0.9630760550498962,0.982772171497345,0.9594080448150635,0.9913936257362366,0.994654655456543,0.9714100956916809,0.9926317930221558,0.9212920069694519,0.843161940574646,0.8375365734100342,0.9692196846008301,0.9251224398612976,0.8434255719184875,0.9425608515739441,0.8001136779785156,0.6643235087394714,0.9935528039932251,0.8676978945732117,0.936418890953064,0.9386012554168701,0.9818384647369385,0.8446297645568848,0.8609431385993958,0.933376669883728,3.23584185935033e-06,6.739317996107275e-06,2.0386708001751686e-06,1.0792139619297814e-05,2.4365342596865958e-06,1.3256876627565362e-06,3.7620909552060766e-06,7.000692789915774e-07,7.369886589003727e-05,0.34951549768447876,0.16269518435001373,0.12892667949199677,6.338603998301551e-05,0.19846957921981812,0.12344198673963547,0.11332151293754578,0.5945284591984202,0.42256462830650443,7.000692789915774e-07,0.8440276682376862,0.38095238095238093,16,0.45493159918932075,False
C:\Users\tombe\Documents\_MLE\CV-for-GRIT\models\datasets\Coleoptera\images\test\IMG_0156_specimen_2_MECDIS_NEON.BET.D20.001504.png,IMG_0156_specimen_2_MECDIS_NEON.BET.D20.001504.png,True,0.7869006991386414,1,0.9513307213783264,0.9725351929664612,0.9776228070259094,0.9641085267066956,0.9730374217033386,0.9886155724525452,0.983755350112915,0.9884347915649414,0.9952706694602966,0.7492702007293701,0.8844178915023804,0.6487228274345398,0.9534841775894165,0.8784189820289612,0.737903892993927,0.9585455656051636,0.9027203917503357,0.8000133037567139,0.991100013256073,0.6453896760940552,0.7489168047904968,0.8740520477294922,0.9935628175735474,0.7007125616073608,0.9084263443946838,0.8869104385375977,3.7370311929407762e-06,6.094698164815782e-06,2.218213012383785e-06,1.0860218935704324e-05,2.6957291083817836e-06,1.3646723573401687e-06,3.4099452932423446e-06,7.676089239794237e-07,6.010585275362246e-05,0.1490378975868225,0.08550305664539337,0.0779232308268547,6.181661592563614e-05,0.29453223943710327,0.1321926712989807,0.10013322532176971,0.5689703424392414,0.41764667991556303,7.676089239794237e-07,0.7490935027599335,0.38095238095238093,16,0.45330750002923426,False
C:\Users\tombe\Documents\_MLE\CV-for-GRIT\models\datasets\Coleoptera\images\test\IMG_0256_specimen_1_MECKAR_NEON.BET.D20.003087.png,IMG_0256_specimen_1_MECKAR_NEON.BET.D20.003087.png,True,0.6413371562957764,1,0.8769599795341492,0.9604292511940002,0.924592912197113,0.9491490721702576,0.8998637199401855,0.9698017835617065,0.9879103899002075,0.9568007588386536,0.9911818504333496,0.9737138152122498,0.9318313598632812,0.9533904790878296,0.9171962141990662,0.8620017766952515,0.8150875568389893,0.8795072436332703,0.7335625290870667,0.6488427519798279,0.9931657910346985,0.9648730158805847,0.9820891618728638,0.9810514450073242,0.9834803938865662,0.9550954103469849,0.9478610157966614,0.98180091381073,8.160359357134439e-06,1.6379470253014006e-05,5.42342922926764e-06,2.528037475713063e-05,6.05876766712754e-06,3.328248794787214e-06,8.601366062066518e-06,1.9796050310105784e-06,0.00013748594210483134,0.5465154051780701,0.2826349139213562,0.23327133059501648,0.0001296023983741179,0.2631332576274872,0.19064250588417053,0.18045319616794586,0.612338892889013,0.41366705094307443,1.9796050310105784e-06,0.8782336115837097,0.35714285714285715,15,0.45296940703663297,False
C:\Users\tombe\Documents\_MLE\CV-for-GRIT\models\datasets\Coleoptera\images\test\IMG_0550_specimen_3_TREOBT_NEON.BET.D20.001685.png,IMG_0550_specimen_3_TREOBT_NEON.BET.D20.001685.png,True,0.7574304938316345,1,0.7559338808059692,0.900231659412384,0.8386541604995728,0.8737002015113831,0.8186090588569641,0.9369603395462036,0.9688518643379211,0.9360377192497253,0.9876492619514465,0.8972182273864746,0.9009224772453308,0.8667727112770081,0.8233351707458496,0.7713221311569214,0.7089860439300537,0.7796601057052612,0.6404669284820557,0.5861324667930603,0.9862350821495056,0.8840515613555908,0.9132021069526672,0.9510486721992493,0.9762582182884216,0.8802406191825867,0.9141901731491089,0.9493300914764404,2.365940872550709e-06,6.100891368987504e-06,1.6455074955956661e-06,8.442035323241726e-06,2.0932934603479225e-06,1.2068809382981271e-06,2.6260274808009854e-06,5.282532242745219e-07,7.861956692067906e-05,0.30091750621795654,0.1733943670988083,0.14857618510723114,6.435267277993262e-05,0.26019027829170227,0.15481461584568024,0.1408003270626068,0.5624967189128811,0.39685362955187015,5.282532242745219e-07,0.7754911184310913,0.38095238095238093,16,0.4506462191260892,False
C:\Users\tombe\Documents\_MLE\CV-for-GRIT\models\datasets\Coleoptera\images\test\IMG_0544_specimen_1_TREOBT_NEON.BET.D20.003300.png,IMG_0544_specimen_1_TREOBT_NEON.BET.D20.003300.png,True,0.6976162195205688,1,0.9091788530349731,0.9785539507865906,0.9287815093994141,0.9730713963508606,0.9092399477958679,0.9808396100997925,0.9936914443969727,0.9350630044937134,0.9859644174575806,0.9623281955718994,0.8084658980369568,0.8882014751434326,0.9478439092636108,0.910010814666748,0.8545916676521301,0.8940495848655701,0.7000603675842285,0.5730171799659729,0.992202877998352,0.9162478446960449,0.9743914604187012,0.9515233635902405,0.9642541408538818,0.88074791431427,0.8276100158691406,0.9483245611190796,2.3445602437277557e-06,4.884564987150952e-06,1.5630801044608233e-06,7.666485544177704e-06,1.7237781548828934e-06,9.474564421907417e-07,2.717999223023071e-06,5.55034034732671e-07,5.512947609531693e-05,0.5526086688041687,0.23102331161499023,0.17511016130447388,4.5693912397837266e-05,0.1276824176311493,0.10621479898691177,0.10672341287136078,0.592565271499674,0.4171583759425727,5.55034034732671e-07,0.8676697909832001,0.35714285714285715,15,0.45024399313958396,False
C:\Users\tombe\Documents\_MLE\CV-for-GRIT\models\datasets\Coleoptera\images\test\IMG_0180_specimen_3_TREOBT_NEON.BET.D20.001989.png,IMG_0180_specimen_3_TREOBT_NEON.BET.D20.001989.png,True,0.7752954363822937,1,0.738030195236206,0.9050642848014832,0.7690038681030273,0.8744381666183472,0.7375418543815613,0.9166513085365295,0.9813977479934692,0.895591676235199,0.9919316172599792,0.9517033100128174,0.8938244581222534,0.8816458582878113,0.8193827867507935,0.8168172836303711,0.7743960022926331,0.7194898724555969,0.5719879865646362,0.5321220755577087,0.9938991069793701,0.9075289964675903,0.9636164903640747,0.9722263216972351,0.978613018989563,0.888536274433136,0.9057177901268005,0.9699445366859436,4.368686177258496e-07,1.1430378208387992e-06,3.0013606533429993e-07,1.787945279829728e-06,3.8849529460094345e-07,2.0538168143957591e-07,4.971882958670903e-07,8.485645253131224e-08,2.6780977350426838e-05,0.3893924653530121,0.17828066647052765,0.1421307623386383,1.84333257493563e-05,0.19775477051734924,0.12223795801401138,0.11635144799947739,0.5594595480354705,0.40001073287200506,8.485645253131224e-08,0.7535170316696167,0.38095238095238093,16,0.44991519476845687,False
C:\Users\tombe\Documents\_MLE\CV-for-GRIT\models\datasets\Coleoptera\images\test\IMG_0235_specimen_3_TREOBT_NEON.BET.D20.001522.png,IMG_0235_specimen_3_TREOBT_NEON.BET.D20.001522.png,True,0.7840405106544495,1,0.9833570718765259,0.9919384121894836,0.9943482279777527,0.9900720119476318,0.992846667766571,0.997289776802063,0.9922359585762024,0.9960376024246216,0.9962085485458374,0.7515698075294495,0.9040605425834656,0.709642767906189,0.9842481017112732,0.9261958599090576,0.8028995990753174,0.9874304533004761,0.9515507817268372,0.8648431301116943,0.9918928146362305,0.7094746232032776,0.755643367767334,0.8850845098495483,0.9950270056724548,0.7586231827735901,0.926241397857666,0.8915900588035583,2.6521227482589893e-05,4.0986600652104244e-05,1.597865229996387e-05,6.960170867387205e-05,1.8118964362656698e-05,1.0277666660840623e-05,2.531948484829627e-05,6.719705652358243e-06,0.00023775243607815355,0.1862708330154419,0.11122720688581467,0.09855268150568008,0.00026731405523605645,0.3184387683868408,0.15703703463077545,0.12155912816524506,0.5886703934670441,0.4242074194208134,6.719705652358243e-06,0.7807613909244537,0.38095238095238093,16,0.4498535990369605,False
C:\Users\tombe\Documents\_MLE\CV-for-GRIT\models\datasets\Coleoptera\images\test\IMG_0176_specimen_2_TREOBT_NEON.BET.D20.001926.png,IMG_0176_specimen_2_TREOBT_NEON.BET.D20.001926.png,True,0.7169446349143982,1,0.924589991569519,0.9785793423652649,0.9453589916229248,0.9738699197769165,0.9211374521255493,0.9820089340209961,0.9938158988952637,0.9571467041969299,0.9912480115890503,0.9684295058250427,0.8733122944831848,0.9114696383476257,0.9510294795036316,0.9138741493225098,0.8653628826141357,0.9153562188148499,0.7485442757606506,0.6279455423355103,0.9943806529045105,0.9347469806671143,0.9789273738861084,0.9692493677139282,0.9790589213371277,0.9078680276870728,0.8919536471366882,0.9667016863822937,1.5479756712011294e-06,3.5545401715353364e-06,1.0028820724983234e-06,5.418543423729716e-06,1.1734609870472923e-06,6.156158747216978e-07,1.8306836864212528e-06,3.2905893476709025e-07,4.94289597554598e-05,0.5847179293632507,0.24229055643081665,0.1835310161113739,3.970207035308704e-05,0.13339006900787354,0.10391825437545776,0.10907509922981262,0.6053093671236647,0.4232884722253497,3.2905893476709025e-07,0.8999108374118805,0.35714285714285715,15,0.4449699900649549,False
C:\Users\tombe\Documents\_MLE\CV-for-GRIT\models\datasets\Coleoptera\images\test\IMG_0275_specimen_2_TREOBT_NEON.BET.D20.003275.png,IMG_0275_specimen_2_TREOBT_NEON.BET.D20.003275.png,True,0.7773797512054443,1,0.8286030888557434,0.9438546299934387,0.8506580591201782,0.9212750196456909,0.8274149298667908,0.94756680727005,0.9874224662780762,0.9228730797767639,0.9935279488563538,0.9723392724990845,0.915111780166626,0.925148069858551,0.8879281282424927,0.8659235835075378,0.8189800381660461,0.8059945702552795,0.6635427474975586,0.601132333278656,0.9954454898834229,0.9435721039772034,0.9804511666297913,0.9810532927513123,0.9838904738426208,0.9288305640220642,0.9300191402435303,0.9809128642082214,1.8309596043764031e-06,3.883148565364536e-06,1.245911221303686e-06,6.5159142650372814e-06,1.5011910363682546e-06,7.892971893852518e-07,1.9980577690148493e-06,3.954898772917659e-07,5.428356598713435e-05,0.4456952214241028,0.2138688713312149,0.17354722321033478,4.3178439227631316e-05,0.2455507218837738,0.15746459364891052,0.14642809331417084,0.590146237987627,0.4100403689473144,3.954898772917659e-07,0.8280090093612671,0.38095238095238093,16,0.4434433248857381,False
C:\Users\tombe\Documents\_MLE\CV-for-GRIT\models\datasets\Coleoptera\images\test\IMG_0538_specimen_3_TREOBT_NEON.BET.D20.002346.png,IMG_0538_specimen_3_TREOBT_NEON.BET.D20.002346.png,True,0.721217155456543,1,0.9302828311920166,0.9734810590744019,0.9597800374031067,0.970137357711792,0.9372105598449707,0.9834228754043579,0.9910110235214233,0.9744439721107483,0.9933351278305054,0.9560556411743164,0.9144806861877441,0.9170429110527039,0.9458749890327454,0.8986306190490723,0.8479773998260498,0.9332865476608276,0.8102737665176392,0.7012287974357605,0.9939395189285278,0.9343673586845398,0.9690444469451904,0.9729019999504089,0.9864180684089661,0.9196323156356812,0.9300051331520081,0.9707983136177063,2.0850429791607894e-06,5.042463271820452e-06,1.4112665667198598e-06,7.258195182657801e-06,1.6526302033526008e-06,9.284666475650738e-07,2.458817107253708e-06,4.690645596383547e-07,6.457723793573678e-05,0.5410330295562744,0.24131448566913605,0.1890609860420227,5.2986979426350445e-05,0.15812911093235016,0.1139882430434227,0.11997941881418228,0.6113977976565352,0.42490791723327315,4.690645596383547e-07,0.915761798620224,0.35714285714285715,15,0.44282100672151525,False
C:\Users\tombe\Documents\_MLE\CV-for-GRIT\models\datasets\Coleoptera\images\test\IMG_0160_specimen_3_MECDIS_NEON.BET.D20.001650.png,IMG_0160_specimen_3_MECDIS_NEON.BET.D20.001650.png,True,0.7914476990699768,1,0.9041253328323364,0.9615548253059387,0.9334863424301147,0.9517810344696045,0.9140803813934326,0.9724937081336975,0.9865807294845581,0.9603438377380371,0.9932767748832703,0.9430367350578308,0.8987899422645569,0.8683215379714966,0.9265561103820801,0.8833919763565063,0.8172540664672852,0.8984269499778748,0.7960749268531799,0.7001791000366211,0.99357670545578,0.8907138109207153,0.9564336538314819,0.9626650214195251,0.9872972965240479,0.8793837428092957,0.9180362820625305,0.9650034308433533,4.620655545295449e-06,7.939075658214279e-06,3.0589628750021802e-06,1.3569464499596506e-05,3.4044053336401703e-06,1.8959495946546667e-06,4.5488022806239314e-06,1.1548319207577151e-06,7.175651990110055e-05,0.40324804186820984,0.18658345937728882,0.1521725207567215,6.72228925395757e-05,0.20962780714035034,0.13509653508663177,0.12239906191825867,0.5969564488955419,0.4182385032611395,1.1548319207577151e-06,0.881387859582901,0.38095238095238093,16,0.4423717337204306,False
C:\Users\tombe\Documents\_MLE\CV-for-GRIT\models\datasets\Coleoptera\images\test\IMG_0291_specimen_3_MECKON_NEON.BET.D20.001719.png,IMG_0291_specimen_3_MECKON_NEON.BET.D20.001719.png,True,0.7824785113334656,1,0.9392824769020081,0.985877513885498,0.9479268193244934,0.9767563343048096,0.9485750794410706,0.9869073629379272,0.9959709048271179,0.9650809168815613,0.9959949254989624,0.9682565927505493,0.8872988224029541,0.8912684321403503,0.9671268463134766,0.9303127527236938,0.8576115965843201,0.9247374534606934,0.7900019288063049,0.677872359752655,0.9972930550575256,0.9151406288146973,0.9758226871490479,0.9688460230827332,0.9895135164260864,0.8942198753356934,0.9055246114730835,0.9695972204208374,4.077833182236645e-06,7.645735422556754e-06,2.419503516648547e-06,1.3299753845785744e-05,3.060950120925554e-06,1.3862659216101747e-06,4.229015758028254e-06,7.692871122344513e-07,6.996124284341931e-05,0.367130845785141,0.18133361637592316,0.15102732181549072,7.102834206307307e-05,0.31967413425445557,0.18377740681171417,0.15450789034366608,0.6097725197622459,0.42217671128165346,7.692871122344513e-07,0.8927441537380219,0.38095238095238093,16,0.4416854955274254,False
C:\Users\tombe\Documents\_MLE\CV-for-GRIT\models\datasets\Coleoptera\images\test\IMG_0180_specimen_1_TREOBT_NEON.BET.D20.001985.png,IMG_0180_specimen_1_TREOBT_NEON.BET.D20.001985.png,True,0.7580999732017517,1,0.8106222748756409,0.9462280869483948,0.8267317414283752,0.9255454540252686,0.7990744113922119,0.944392204284668,0.989859402179718,0.9019680619239807,0.9925394654273987,0.9772695302963257,0.889359712600708,0.9213663935661316,0.8851348757743835,0.8675815463066101,0.8256542086601257,0.7764632701873779,0.6067534685134888,0.5454384684562683,0.9957286715507507,0.9423765540122986,0.9844330549240112,0.9788658022880554,0.9794362187385559,0.9203450083732605,0.9051380157470703,0.9785431623458862,1.0165808816964272e-06,2.2412762064050185e-06,6.862780992378248e-07,3.795873681156081e-06,8.174895356205525e-07,4.2505240571699687e-07,1.1249616136410623e-06,2.1476593303759728e-07,3.740269676200114e-05,0.5093003511428833,0.22553928196430206,0.17736241221427917,2.809724901453592e-05,0.20047199726104736,0.14014215767383575,0.13270489871501923,0.583391571095773,0.40817365525706534,2.1476593303759728e-07,0.8181382417678833,0.35714285714285715,15,0.43684799868698626,False
C:\Users\tombe\Documents\_MLE\CV-for-GRIT\models\datasets\Coleoptera\images\test\IMG_0140_specimen_3_MECRUF_NEON.BET.D20.000347.png,IMG_0140_specimen_3_MECRUF_NEON.BET.D20.000347.png,True,0.7304270267486572,1,0.9801110625267029,0.993877112865448,0.9902554154396057,0.9924322366714478,0.9833352565765381,0.9961168766021729,0.9977800250053406,0.9929466843605042,0.9985557198524475,0.9842713475227356,0.969663143157959,0.9638804197311401,0.9853552579879761,0.9518840909004211,0.9026220440864563,0.9792906641960144,0.914173424243927,0.8220521211624146,0.9986593723297119,0.9734691977500916,0.9898702502250671,0.9912693500518799,0.9975057244300842,0.9685192704200745,0.979653000831604,0.9925870299339294,6.4574123825877905e-06,1.0566459422989283e-05,3.382109071026207e-06,1.8218088371213526e-05,3.7817887914570747e-06,1.690759859229729e-06,5.672126462741289e-06,1.2150574093539035e-06,7.363640906987712e-05,0.6698996424674988,0.3096727132797241,0.2440842092037201,9.444387978874147e-05,0.24918675422668457,0.17435292899608612,0.16030330955982208,0.6451870171591871,0.4330607737930252,1.2150574093539035e-06,0.9661998450756073,0.35714285714285715,15,0.4338509411722003,False
C:\Users\tombe\Documents\_MLE\CV-for-GRIT\models\datasets\Coleoptera\images\test\IMG_0231_specimen_1_TREOBT_NEON.BET.D20.001447.png,IMG_0231_specimen_1_TREOBT_NEON.BET.D20.001447.png,True,0.8403950929641724,1,0.9148778915405273,0.9416019916534424,0.9596960544586182,0.9296709895133972,0.9468924403190613,0.9703558683395386,0.9621391296386719,0.9822703003883362,0.9919763207435608,0.8365500569343567,0.9383248090744019,0.815660297870636,0.9104844331741333,0.8344785571098328,0.7457539439201355,0.9322587847709656,0.8842611312866211,0.8113947510719299,0.9846552610397339,0.8192525506019592,0.8525450825691223,0.9453660249710083,0.990419328212738,0.8469052910804749,0.9538172483444214,0.9482579827308655,6.087878136895597e-05,0.00010623793059494346,4.398154851514846e-05,0.00015750594320707023,5.0865524826804176e-05,3.1536717870039865e-05,6.159583426779136e-05,1.8778448065859266e-05,0.0005436777137219906,0.23794667422771454,0.15825745463371277,0.14639760553836823,0.0005725340452045202,0.35082483291625977,0.1898784190416336,0.16446751356124878,0.5928401574705969,0.412729989526214,1.8778448065859266e-05,0.8355143070220947,0.38095238095238093,16,0.431254123357757,False
C:\Users\tombe\Documents\_MLE\CV-for-GRIT\models\datasets\Coleoptera\images\test\IMG_0160_specimen_4_MECDIS_NEON.BET.D20.001651.png,IMG_0160_specimen_4_MECDIS_NEON.BET.D20.001651.png,True,0.8505938649177551,1,0.9232184290885925,0.9678938388824463,0.9589287638664246,0.9608172178268433,0.9439463019371033,0.9821029901504517,0.9873881936073303,0.977053165435791,0.9948233366012573,0.94243985414505,0.9305964112281799,0.908757746219635,0.9382548332214355,0.8769023418426514,0.8041481375694275,0.9290620684623718,0.8398613929748535,0.7447086572647095,0.9940316081047058,0.9231509566307068,0.9559273719787598,0.9685115814208984,0.9915810227394104,0.9211462140083313,0.9480565190315247,0.9724794626235962,5.438168955151923e-06,9.409781341673806e-06,3.4790045901900157e-06,1.5864441593294032e-05,3.795106067627785e-06,2.051582441708888e-06,5.161386070540175e-06,1.2818627510569058e-06,7.144844130380079e-05,0.40696755051612854,0.19981902837753296,0.16662028431892395,7.625117723364383e-05,0.2508910000324249,0.15807604789733887,0.1405450403690338,0.6097357511744338,0.4225908010759665,1.2818627510569058e-06,0.9149519801139832,0.38095238095238093,16,0.4282786885634748,False
C:\Users\tombe\Documents\_MLE\CV-for-GRIT\models\datasets\Coleoptera\images\test\IMG_0166_specimen_2_MECDIS_NEON.BET.D20.001920.png,IMG_0166_specimen_2_MECDIS_NEON.BET.D20.001920.png,True,0.8201146125793457,1,0.9253603219985962,0.9467088580131531,0.9674032330513,0.9481652975082397,0.9323723316192627,0.9705899357795715,0.9784043431282043,0.9828411340713501,0.9941317439079285,0.9580090641975403,0.9545935392379761,0.9322834014892578,0.9137199521064758,0.8568477630615234,0.8277223110198975,0.9385946393013,0.8758999109268188,0.7977570295333862,0.9927310347557068,0.9434529542922974,0.9708914756774902,0.9833501577377319,0.9922865629196167,0.9386156797409058,0.9674458503723145,0.983572781085968,9.56404437602032e-06,1.8924029063782655e-05,6.902820587129099e-06,2.7445139494375326e-05,7.522786290792283e-06,4.670541329687694e-06,9.97775532596279e-06,2.8255628876650007e-06,0.0001760454470058903,0.6143797039985657,0.2913053333759308,0.2380673885345459,0.00015578942839056253,0.1765650063753128,0.13225474953651428,0.14242033660411835,0.6206943688693703,0.42281634690189124,2.8255628876650007e-06,0.919540137052536,0.35714285714285715,15,0.41890785918175094,False
C:\Users\tombe\Documents\_MLE\CV-for-GRIT\models\datasets\Coleoptera\images\test\IMG_0543_specimen_1_TREOBT_NEON.BET.D20.003289.png,IMG_0543_specimen_1_TREOBT_NEON.BET.D20.003289.png,True,0.8338019847869873,1,0.9153649210929871,0.9540273547172546,0.9506528973579407,0.9466361999511719,0.9220240712165833,0.9688434600830078,0.9797820448875427,0.9714189767837524,0.9917100071907043,0.957261860370636,0.9424384832382202,0.9373366236686707,0.9214361310005188,0.8735098838806152,0.8322919607162476,0.920854389667511,0.842195451259613,0.7644481658935547,0.9909121990203857,0.9479717016220093,0.9704928398132324,0.9788979291915894,0.9874267578125,0.9424946904182434,0.9575580954551697,0.979343831539154,3.3655858715064824e-05,6.377833778969944e-05,2.5179922886309214e-05,9.018565469887108e-05,2.7539759685168974e-05,1.7221173038706183e-05,3.627729165600613e-05,1.0635286344040651e-05,0.00035342341288924217,0.5190964937210083,0.280264675617218,0.2374734729528427,0.00034837532439269125,0.24459309875965118,0.17383211851119995,0.1768510490655899,0.618582097821391,0.4177052838123093,1.0635286344040651e-05,0.918109655380249,0.35714285714285715,15,0.41438944926726473,False
C:\Users\tombe\Documents\_MLE\CV-for-GRIT\models\datasets\Coleoptera\images\test\EB6.03Q.jpg,EB6.03Q.jpg,True,0.38063204288482666,1,0.9594361186027527,0.9659871459007263,0.9645338654518127,0.9582355618476868,0.9625623822212219,0.9682272672653198,0.9742562174797058,0.9705773591995239,0.9750943779945374,0.9832373261451721,0.9774036407470703,0.9801051020622253,0.942714273929596,0.9485635161399841,0.9487013220787048,0.9445505142211914,0.9458795785903931,0.9393982887268066,0.977663516998291,0.9812657237052917,0.9821840524673462,0.9632848501205444,0.9760825037956238,0.9809158444404602,0.9783564209938049,0.9671333432197571,0.002474150387570262,0.0025386393535882235,0.002613765886053443,0.002623336622491479,0.002349465386942029,0.002735199872404337,0.0022945329546928406,0.0023486230056732893,0.002532077021896839,0.6808626055717468,0.809792160987854,0.8706764578819275,0.002501439768821001,0.6176878213882446,0.7811365127563477,0.8515896201133728,0.7084072981739328,0.4019169613364717,0.0022945329546928406,0.9486324191093445,0.23809523809523808,10,0.41312685135847005,False
C:\Users\tombe\Documents\_MLE\CV-for-GRIT\models\datasets\Coleoptera\images\test\EB6.00P.jpg,EB6.00P.jpg,True,0.5830854177474976,1,0.9746912121772766,0.9859328866004944,0.984370231628418,0.9721028804779053,0.9742012023925781,0.9903172254562378,0.9922073483467102,0.9935287833213806,0.9973692893981934,0.9975445866584778,0.996060311794281,0.9811115860939026,0.963029146194458,0.9816098213195801,0.9782869219779968,0.9665123224258423,0.9800527691841125,0.9661239385604858,0.9975401163101196,0.9830495119094849,0.997269332408905,0.9913744330406189,0.9975664615631104,0.9820836782455444,0.9967378973960876,0.9929619431495667,1.6826832904826006e-07,1.495470911550001e-07,1.7207118219175754e-07,2.0880924012089963e-07,1.8265666312800022e-07,2.456229140079813e-07,1.5348015836025297e-07,2.0050886462286144e-07,2.0733804717565363e-07,0.9743458032608032,0.9570488929748535,0.9308001399040222,1.9065679168761562e-07,0.9746672511100769,0.953082799911499,0.9350394010543823,0.7461576667906354,0.4173828733425502,1.495470911550001e-07,0.9746792316436768,0.23809523809523808,10,0.37024318390082056,False
C:\Users\tombe\Documents\_MLE\CV-for-GRIT\models\datasets\Coleoptera\images\test\EB6.02J.jpg,EB6.02J.jpg,True,0.8065666556358337,1,0.983601987361908,0.9866889119148254,0.9878414273262024,0.9785267114639282,0.9799929261207581,0.99122154712677,0.9922915101051331,0.99346923828125,0.9961716532707214,0.9962790608406067,0.9957141280174255,0.9761528968811035,0.9689533710479736,0.9805927276611328,0.9759199619293213,0.9726435542106628,0.9823664426803589,0.9772840738296509,0.9965403079986572,0.9772186279296875,0.996232807636261,0.9905152320861816,0.9962586164474487,0.9773766994476318,0.9960254430770874,0.9885014295578003,7.563920917164069e-06,8.115486707538366e-06,8.38547566672787e-06,9.095399036596064e-06,8.378337042813655e-06,1.0696458048187196e-05,7.164384896896081e-06,7.6028218245483e-06,9.27590281207813e-06,0.9592148065567017,0.9253959655761719,0.9110835790634155,9.784629583009519e-06,0.9444118738174438,0.9360712170600891,0.9146643280982971,0.7434597411247414,0.4161139654973474,7.164384896896081e-06,0.9772513508796692,0.23809523809523808,10,0.3256438798383111,False
C:\Users\tombe\Documents\_MLE\CV-for-GRIT\models\datasets\Coleoptera\images\test\EB6.053.jpg,EB6.053.jpg,True,0.809439480304718,1,0.9787861108779907,0.9798647165298462,0.9824053645133972,0.9724196195602417,0.9738595485687256,0.9856692552566528,0.9862145781517029,0.9879714846611023,0.9912336468696594,0.9914377331733704,0.991177499294281,0.9667834639549255,0.9620884656906128,0.9719312191009521,0.9674293398857117,0.9655322432518005,0.9748346209526062,0.9690209627151489,0.9920479655265808,0.9667893648147583,0.991523027420044,0.9829164147377014,0.9916993379592896,0.9680174589157104,0.991527259349823,0.9782417416572571,5.338467235560529e-05,5.353582673706114e-05,5.735280137741938e-05,6.328886229312047e-05,5.711477933800779e-05,6.686263077426702e-05,4.941406587022357e-05,5.070319093647413e-05,6.0635960835497826e-05,0.9166390895843506,0.8794654607772827,0.8879989385604858,6.768183811800554e-05,0.8922706246376038,0.8972243666648865,0.8888492584228516,0.7339154799206188,0.411369906909326,4.941406587022357e-05,0.9677233994007111,0.23809523809523808,10,0.3253136961555925,False
C:\Users\tombe\Documents\_MLE\CV-for-GRIT\models\datasets\Coleoptera\images\test\EB6.006.jpg,EB6.006.jpg,True,0.8282239437103271,1,0.9859679937362671,0.9898925423622131,0.9897341728210449,0.9825716018676758,0.9838320016860962,0.9932663440704346,0.9944683313369751,0.9947556257247925,0.9973387122154236,0.9975922107696533,0.9966200590133667,0.9813112616539001,0.9755486249923706,0.9858406782150269,0.9830204844474792,0.9788289070129395,0.9853231906890869,0.9804269075393677,0.9976740479469299,0.9826556444168091,0.9974673986434937,0.993436336517334,0.9974061846733093,0.9825156927108765,0.9970552921295166,0.9917868971824646,4.945989985571941e-06,5.114543455420062e-06,5.440420409286162e-06,5.8376854212838225e-06,5.302310000843136e-06,6.862002010166179e-06,4.543959221336991e-06,4.892215201834915e-06,6.015380677126814e-06,0.9659351706504822,0.9350826740264893,0.9218285083770752,6.0316428971418645e-06,0.9499119520187378,0.9440761208534241,0.9283751845359802,0.7467048033568171,0.41781207337726495,4.543959221336991e-06,0.9825436472892761,0.23809523809523808,10,0.3212649541161588,False
C:\Users\tombe\Documents\_MLE\CV-for-GRIT\models\datasets\Coleoptera\images\test\EB6.01T.jpg,EB6.01T.jpg,True,0.8623354434967041,1,0.9732506275177002,0.9733343124389648,0.9766532778739929,0.9670361280441284,0.9687017202377319,0.9792106747627258,0.9784901738166809,0.9813063740730286,0.9841356873512268,0.9834750890731812,0.9837990999221802,0.9597512483596802,0.956979513168335,0.9636585116386414,0.9577308297157288,0.9608620405197144,0.9677554965019226,0.9593454599380493,0.9850940704345703,0.9591154456138611,0.9835497140884399,0.9712979793548584,0.984981894493103,0.9603704214096069,0.9843614101409912,0.9653022885322571,0.00021604662470053881,0.00019791341037489474,0.00022764726600144058,0.00024843253777362406,0.00021792434563394636,0.00025405778433196247,0.00020305626094341278,0.00020613335072994232,0.00023292590049095452,0.8679046034812927,0.8378874063491821,0.8669021129608154,0.000266457034740597,0.8420096039772034,0.8633837699890137,0.8695844411849976,0.7242736195590364,0.40671711753003525,0.00019791341037489474,0.9600608348846436,0.23809523809523808,10,0.31504582233006495,False
C:\Users\tombe\Documents\_MLE\CV-for-GRIT\models\datasets\Coleoptera\images\test\EB6.03D.jpg,EB6.03D.jpg,True,0.8644958734512329,1,0.968778133392334,0.9738861322402954,0.9742359519004822,0.9665646553039551,0.9689749479293823,0.9775916337966919,0.9805457592010498,0.9808128476142883,0.9838969707489014,0.9873987436294556,0.9848610162734985,0.9784230589866638,0.9510363936424255,0.9583978056907654,0.9547064304351807,0.9526572227478027,0.9585862159729004,0.9506365656852722,0.9852666854858398,0.9791816473007202,0.9868327379226685,0.97206711769104,0.9844649434089661,0.9791353344917297,0.9853758215904236,0.9723407030105591,0.0014394409954547882,0.001502143102698028,0.0015519645530730486,0.0016170833259820938,0.001474875956773758,0.0016664181603118777,0.0013829540694132447,0.0014203934697434306,0.001503758947364986,0.8019126653671265,0.8449583649635315,0.8806220889091492,0.0016000163741409779,0.7605882287025452,0.8420143127441406,0.8672743439674377,0.7216472507071947,0.4057782246408893,0.0013829540694132447,0.9584920108318329,0.23809523809523808,10,0.3148365375841924,False
C:\Users\tombe\Documents\_MLE\CV-for-GRIT\models\datasets\Coleoptera\images\test\EB6.00J.jpg,EB6.00J.jpg,True,0.863383412361145,1,0.9933846592903137,0.9958880543708801,0.9961052536964417,0.9910836219787598,0.9918855428695679,0.9978540539741516,0.9983086585998535,0.9986937642097473,0.9995293617248535,0.9994633793830872,0.9991932511329651,0.9860141277313232,0.984765887260437,0.993391752243042,0.9907981157302856,0.9882749319076538,0.9938327074050903,0.9906141757965088,0.9995809197425842,0.986883819103241,0.999408483505249,0.9982075691223145,0.9995399713516235,0.9863491058349609,0.9994058609008789,0.9973803162574768,3.432921857893234e-07,3.490332574074273e-07,3.8963435144978575e-07,4.4351517658469675e-07,3.926191425307479e-07,5.475714601743675e-07,2.888453991545248e-07,3.4588796893331164e-07,4.659862611333665e-07,0.9883624911308289,0.9636619687080383,0.9356780052185059,4.919496632282971e-07,0.9820317029953003,0.970472514629364,0.9428583383560181,0.7533072958213384,0.42132047223702207,2.888453991545248e-07,0.9894883334636688,0.23809523809523808,10,0.31415900206230446,False
C:\Users\tombe\Documents\_MLE\CV-for-GRIT\models\datasets\Coleoptera\images\test\EB6.021.jpg,EB6.021.jpg,True,0.8715697526931763,1,0.9808567762374878,0.9822447896003723,0.9846339821815491,0.9767260551452637,0.9776084423065186,0.9865221381187439,0.9861699342727661,0.9890543222427368,0.9910939335823059,0.9899419546127319,0.9909391403198242,0.9774976372718811,0.9662648439407349,0.9719817638397217,0.9643451571464539,0.9689320921897888,0.9764695763587952,0.9682092070579529,0.9912770986557007,0.9773918390274048,0.9896888732910156,0.9796769022941589,0.9914924502372742,0.9774353504180908,0.9910209774971008,0.9762220978736877,0.0002529083576519042,0.00024562765611335635,0.00027267614495940506,0.00031168226269073784,0.00025873485719785094,0.00030469257035292685,0.00024147765361703932,0.0002645617933012545,0.00026597557007335126,0.8949599266052246,0.8806475400924683,0.9003123641014099,0.000321388739394024,0.8795735239982605,0.8979577422142029,0.8963050842285156,0.7346712676801308,0.4117301937821682,0.00024147765361703932,0.9741019308567047,0.23809523809523808,10,0.31286177619526634,False
C:\Users\tombe\Documents\_MLE\CV-for-GRIT\models\datasets\Coleoptera\images\test\EB6.010.jpg,EB6.010.jpg,True,0.872435986995697,1,0.9738050699234009,0.9742186665534973,0.9779924750328064,0.9673985838890076,0.968696117401123,0.9794827699661255,0.9780876636505127,0.9832196831703186,0.9857062697410583,0.9834896326065063,0.9856919646263123,0.968835711479187,0.9553510546684265,0.9619860649108887,0.9528666138648987,0.9585132598876953,0.9681298732757568,0.9577299356460571,0.9856989979743958,0.9686270952224731,0.9830784201622009,0.9699889421463013,0.9862193465232849,0.9686200618743896,0.9857670068740845,0.9656760692596436,0.00031601847149431705,0.00029837831971235573,0.0003455197438597679,0.000382586702471599,0.0003178761980962008,0.00038050071452744305,0.0003028936916962266,0.0003357493842486292,0.00033665771479718387,0.8718940615653992,0.856762707233429,0.8847427368164062,0.00040160390199162066,0.8572721481323242,0.8805035948753357,0.8811517953872681,0.7269195756948431,0.4077207030054949,0.00029837831971235573,0.9638310670852661,0.23809523809523808,10,0.31282668758094384,False
C:\Users\tombe\Documents\_MLE\CV-for-GRIT\models\datasets\Coleoptera\images\test\EB6.03R.jpg,EB6.03R.jpg,True,0.8774130344390869,1,0.9626926183700562,0.968776524066925,0.9691413044929504,0.9650582671165466,0.9675806760787964,0.9718183875083923,0.9756584763526917,0.9741665124893188,0.9760964512825012,0.9820175766944885,0.9779801368713379,0.979282796382904,0.9474855661392212,0.9491028189659119,0.9455568790435791,0.9482187628746033,0.948107123374939,0.9389909505844116,0.9781345129013062,0.9799529314041138,0.9814276099205017,0.9635437726974487,0.9774079918861389,0.9788548350334167,0.9796374440193176,0.9661744832992554,0.010324175469577312,0.01009444147348404,0.010941093787550926,0.010779034346342087,0.010174982249736786,0.01111834216862917,0.00985011737793684,0.009847145527601242,0.01052348967641592,0.6786788702011108,0.7942962050437927,0.854547917842865,0.010814285837113857,0.6340064406394958,0.7832766175270081,0.8367696404457092,0.710450195463463,0.3987221280730754,0.009847145527601242,0.9486607909202576,0.23809523809523808,10,0.3119321557239569,False
