,head-top,head-left,head-right,neck,left-eye,right-eye,right-antenna-0,left-antenna-0,thorax-left,thorax-right,thorax-bottom,left-forewing-base,right-forewing-base,right-hindwing-base,left-hindwing-base,body-left,body-right,body-tip,left-leg-0,right-leg-0,coleoptera,diptera,hymenoptera,lepidoptera,right-antenna-1,right-antenna-2,left-antenna-1,left-antenna-2,left-forewing-tip,left-forewing-front,left-forewing-rear,right-forewing-tip,right-forewing-front,right-forewing-rear,left-hindwing-tip,left-hindwing-front,left-hindwing-rear,right-hindwing-tip,right-hindwing-front,right-hindwing-rear,left-leg-1,left-leg-2,left-leg-3,right-leg-1,right-leg-2,right-leg-3
total length,0.03536641433737971,0.05682826314971159,0.060742066037312026,0.03035930616073544,0.07303828278828117,0.06925006580913852,0.04813193049699107,0.04172299550174877,0.03758447652700409,0.03607810603040666,0.027453601091556565,0.03291008726581613,0.025992517600681466,0.052012242992834586,0.04503782284191788,0.05637529738182636,0.05444867565983932,0.042860893611458936,0.03726870985553505,0.03302158324460035,0.07838154464417056,0.010155003656523076,0.005357018124633034,0.009623095189897651,,,,,,,,,,,,,,,,,,,,,,
head width,0.09885225602830018,0.09294189473588858,0.09373468744522952,0.12731235213309958,0.10512465207966865,0.17391647464835996,0.08618206476067695,0.09386934166652496,,,,,,,,,,,,,0.0778996251903623,0.012205207390719274,0.03313202611782394,0.004829417803345923,,,,,,,,,,,,,,,,,,,,,,
head length,0.030637481545812403,0.12246408319978615,0.13308573111073688,0.03498199149967719,0.09162575062488498,0.12544543158221017,0.042798925423669774,0.03414222306042696,0.026406759606313727,0.031031901395646586,0.03000478224650694,0.032496998787419316,0.04085746919000625,0.07825518033317462,0.06352767692036707,,,,,,0.006608140921002957,0.002657862095271523,0.008093881110303743,0.0648777293467828,,,,,,,,,,,,,,,,,,,,,,
inter ocular distance,0.08859755270219459,0.08681310158152504,0.1083853370388987,0.10317874353321205,0.1145380862621137,0.19903024348271142,0.0776685334053261,0.09396090539968219,,,,,,,,,,,,,0.06343540306724235,0.03086911591395688,0.026400612774641553,0.0071223648384954215,,,,,,,,,,,,,,,,,,,,,,
right antenna length,0.07425299346252873,0.05448256318825967,0.05368192869326334,0.04126862362994333,0.0592416703371123,0.05935628077254143,0.16806402185291278,0.12693759681261524,,,,,,,,,,,,,0.022061619265783296,0.008327939729713966,0.006454635865594876,0.005461770902494029,0.18789446886707117,0.13251388662016564,,,,,,,,,,,,,,,,,,,,
left antenna length,0.07585550135502,0.053276343307207485,0.04869611507459199,0.042356483593621375,0.06562733499212298,0.06192426809392756,0.11761913122158534,0.1706937381858821,,,,,,,,,,,,,0.013710215325469071,0.013711491558502034,0.008069928272726241,0.005040745794827129,,,0.1739248892679704,0.1494938139565462,,,,,,,,,,,,,,,,,,
thorax width,,,,0.08520473809214278,,,,,0.0816853263875328,0.09402547518660999,0.08007021254582955,0.06086714259786309,0.06779487368000657,0.1202941639357012,0.13637529534284357,,,,,,0.1481120734752005,0.10406456543303645,0.007632029563053711,0.013874103760179805,,,,,,,,,,,,,,,,,,,,,,
abdomen width,,,,,,,,,,,0.06881818154129038,,,,,0.1501247816705753,0.13841206797726538,0.10399622186517851,0.15576882645725448,0.19260330060664743,0.10020358651339686,0.013832052503969452,0.004807714559200305,0.07143326630522197,,,,,,,,,,,,,,,,,,,,,,
abdomen length,,,,0.049546729142455205,,,,,0.06277362272385392,0.05272773722540335,0.043519335364739294,0.04542902992952023,0.040603151433421844,0.059204610109276495,0.0685038456433291,0.10143934640095181,0.08772243825542325,0.09885049973175664,0.05215695517477251,0.041954958388347584,0.09714373855824204,0.046719512263817924,0.025693315579839324,0.026011174074849434,,,,,,,,,,,,,,,,,,,,,,
intertegular distance,,,,0.01753829334015671,,,,,0.02328322209627032,0.015358283272990944,0.025459918168728838,0.030184775607147715,0.018462121075087035,0.09827959571798849,0.09440861262857067,,,,,,0.1397476335637539,0.03217011200727162,0.0024322824555750105,0.00979834238346766,,,,,0.10527038731860656,0.03854379561858765,0.06079258937421555,0.1662601216156153,0.030218461289150508,0.09179145246681558,,,,,,,,,,,,
left hind wing length,,,,0.006466083674319532,,,,,0.006243376028262292,0.010554940070378742,0.007248552656232474,0.005042202891863337,0.014271308540005509,0.1350931352025584,0.14541445886376614,,,,,,0.015881461917317426,0.013811443813376657,0.003806287693525599,0.10025521802632084,,,,,,,,,,,0.1454535315294524,0.18409931223006432,0.20635868686255646,,,,,,,,,
right hind wing length,,,,0.007375570312816452,,,,,0.011447492625922383,0.013829703025642756,0.010084940103370873,0.011247556892597838,0.017448791585891618,0.17790007981760228,0.18763011809968627,,,,,,0.016330622424454603,0.01203501109813697,0.0053532882561718054,0.1032167227018861,,,,,,,,,,,,,,0.10542792377724067,0.12833361994533704,0.19233855933324237,,,,,,
left hind wing width,,,,,,,,,,,,,,,0.13335514078811714,,,,,,0.01713387292386548,0.01689475528133868,0.008960071158470789,0.1838020392405515,,,,,,,,,,,0.20506288513855458,0.14095994365972542,0.2938312918093764,,,,,,,,,
right hind wing width,,,,,,,,,,,,,,0.19459589976313968,,,,,,,0.017743382181907904,0.016962524954634246,0.009451188339831655,0.18582286503601608,,,,,,,,,,,,,,0.17376268250955051,0.1307074387730761,0.27095401844184397,,,,,,
left fore wing length,,,,0.03673917856768643,,,,,0.06227935447474545,0.05925272802675334,0.03216772489294058,0.040303798213574604,0.03573761102181491,0.07658327154467533,0.07957193409240126,,,,,,0.06234934551808697,0.024474806217861654,0.08723221004519598,0.052370385548104,,,,,0.09344093627843364,0.13488595663808847,0.12261075891963721,,,,,,,,,,,,,,,
right fore wing length,,,,0.036433902822411844,,,,,0.05843354311187307,0.0716084822841966,0.03168337964246696,0.04219120617555439,0.03802646576764031,0.07603732896453826,0.0769129358988494,,,,,,0.06834571316826753,0.02602271106459952,0.09091662241273214,0.04031060561116262,,,,,,,,0.09515227100395916,0.15533890553028523,0.09258592654146293,,,,,,,,,,,,
left fore wing width,,,,,,,,,,,,0.1708136377988525,,,,,,,,,0.032402531039384556,0.04707205681335726,0.03615955442649554,0.1880039241347114,,,,,0.208159136091868,0.1609891480119078,0.15640001168342293,,,,,,,,,,,,,,,
right fore wing width,,,,,,,,,,,,,0.1507080051378755,,,,,,,,0.04568240958413278,0.06129591674244372,0.030155437831675912,0.17563924428867664,,,,,,,,0.18005948315826906,0.1551025697097985,0.201356933547128,,,,,,,,,,,,
left hind leg length,,,,,,,,,,,0.04510047608800273,,,,,0.04528109133965372,0.04171541823614033,0.04881958972609658,0.24642280747574402,0.19060392239893134,0.023559740118500986,0.01244508620039111,0.14100878897447605,0.005621771595532075,,,,,,,,,,,,,,,,,0.06379600893441803,0.07454234029150325,0.061082958620609605,,,
left hind leg femur length,,,,,,,,,,,0.03591673106963793,,,,,0.037471253449780736,0.05098406501895485,0.062236497000860085,0.20524397609785566,0.16911583246039624,0.04094760803887212,0.013930606579120325,0.16486404717700573,0.003434730491256999,,,,,,,,,,,,,,,,,0.0559929976730847,0.08326656961248412,0.07659508533069057,,,
left hind leg tibia length,,,,,,,,,,,,,,,,,,,0.09429542209300114,,0.045655379823923765,0.0270965724676792,0.012477088234060218,0.027538690062623754,,,,,,,,,,,,,,,,,0.20357668937650605,0.3268646331833402,0.2624955247588657,,,
left hind leg tarsus length,,,,,,,,,,,,,,,,,,,0.08896181846623599,,0.059810975536885996,0.02776510397639286,0.0107882635902197,0.021944454348054105,,,,,,,,,,,,,,,,,0.17899359909388782,0.2951019173784987,0.31663386760982476,,,
right hind leg length,,,,,,,,,,,0.032336441617362155,,,,,0.04172156120606396,0.040042118271182044,0.059609042503291264,0.20419545305091907,0.22805109743163987,0.01606309814954369,0.006310016109431316,0.1586059335685418,0.00349999681765737,,,,,,,,,,,,,,,,,,,,0.07856254214371597,0.05423073194420858,0.076771967186443
right hind leg femur length,,,,,,,,,,,0.043470948579195534,,,,,0.038486071781924286,0.05764629690160262,0.07716188046446167,0.17436498492934918,0.16519448186714553,0.025425918263633912,0.011100725716235627,0.2168229922370353,0.004139014892715065,,,,,,,,,,,,,,,,,,,,0.06526198671533136,0.05453711731560606,0.06638758033576368
right hind leg tibia length,,,,,,,,,,,,,,,,,,,,0.09140463907697252,0.03697055458162154,0.02125510990724757,0.01697273003892484,0.033968650741848426,,,,,,,,,,,,,,,,,,,,0.2374437209920093,0.3119386408246431,0.25004595383673256
right hind leg tarsus length,,,,,,,,,,,,,,,,,,,,0.07474593443092098,0.05628329697973846,0.01973460751012093,0.008474718988911141,0.02980691570450515,,,,,,,,,,,,,,,,,,,,0.17349515621168393,0.3112580808085185,0.3262012893656009
