image_name,group,n_conservees_sans_filtrage,n_valides_conservees_sans_filtrage,n_conservees_seuil_conf_min,n_valides_conservees_seuil_conf_min,n_conservees_rf_related,n_valides_conservees_rf_related
IMG_0093_specimen_1_MECKON_NEON.BET.D20.000001,coleoptera,26,14,11,11,14,14
IMG_0093_specimen_3_MECKON_NEON.BET.D20.000004,coleoptera,26,16,12,12,14,14
IMG_0095_specimen_2_MECKON_NEON.BET.D20.000007,coleoptera,26,16,15,15,15,14
IMG_0095_specimen_3_MECKON_NEON.BET.D20.000010,coleoptera,26,16,14,14,13,13
IMG_0109_specimen_1_MECKON_NEON.BET.D20.000011,coleoptera,26,14,13,13,12,12
IMG_0109_specimen_2_MECKON_NEON.BET.D20.000017,coleoptera,26,12,13,12,14,12
IMG_0109_specimen_3_MECKON_NEON.BET.D20.000026,coleoptera,26,14,11,11,15,14
IMG_0110_specimen_1_MECKON_NEON.BET.D20.000035,coleoptera,26,14,13,13,13,13
IMG_0110_specimen_2_MECKON_NEON.BET.D20.000036,coleoptera,26,12,10,10,12,12
IMG_0110_specimen_3_MECKON_NEON.BET.D20.000050,coleoptera,26,14,14,14,14,14
IMG_0111_specimen_1_MECKON_NEON.BET.D20.000055,coleoptera,26,14,14,14,15,14
IMG_0111_specimen_2_MECKON_NEON.BET.D20.000058,coleoptera,26,13,11,11,12,12
IMG_0111_specimen_3_MECKON_NEON.BET.D20.000060,coleoptera,26,14,14,14,13,13
IMG_0111_specimen_4_MECKON_NEON.BET.D20.000071,coleoptera,26,14,12,12,14,14
IMG_0112_specimen_1_MECKON_NEON.BET.D20.000072,coleoptera,26,18,11,11,14,14
IMG_0112_specimen_2_MECKON_NEON.BET.D20.000085,coleoptera,26,14,11,11,14,14
IMG_0112_specimen_3_MECKON_NEON.BET.D20.000086,coleoptera,26,12,13,11,14,12
IMG_0112_specimen_4_MECKON_NEON.BET.D20.000089,coleoptera,26,14,10,10,14,14
IMG_0113_specimen_1_MECKON_NEON.BET.D20.000090,coleoptera,26,14,13,13,14,14
IMG_0113_specimen_2_MECKON_NEON.BET.D20.000103,coleoptera,26,12,14,10,15,11
IMG_0113_specimen_3_MECKON_NEON.BET.D20.000115,coleoptera,26,16,11,11,13,13
IMG_0113_specimen_4_MECKON_NEON.BET.D20.000122,coleoptera,26,15,12,12,14,14
IMG_0114_specimen_1_MECKON_NEON.BET.D20.000125,coleoptera,26,14,11,11,14,14
IMG_0114_specimen_2_MECKON_NEON.BET.D20.000130,coleoptera,26,14,13,13,14,14
IMG_0114_specimen_3_MECKON_NEON.BET.D20.000133,coleoptera,26,14,12,12,14,14
IMG_0114_specimen_4_MECKON_NEON.BET.D20.000139,coleoptera,26,14,12,12,14,14
IMG_0115_specimen_1_MECKON_NEON.BET.D20.000144,coleoptera,26,14,12,12,14,14
IMG_0115_specimen_2_MECKON_NEON.BET.D20.000146,coleoptera,26,14,12,12,14,14
IMG_0115_specimen_3_MECKON_NEON.BET.D20.000150,coleoptera,26,14,12,12,14,14
IMG_0115_specimen_4_MECKON_NEON.BET.D20.000157,coleoptera,26,15,17,14,16,13
IMG_0116_specimen_1_MECKON_NEON.BET.D20.000160,coleoptera,26,17,17,17,14,14
IMG_0116_specimen_2_MECKON_NEON.BET.D20.000163,coleoptera,26,14,15,13,15,13
IMG_0116_specimen_3_MECKON_NEON.BET.D20.000164,coleoptera,26,14,14,14,14,14
IMG_0117_specimen_1_MECKON_NEON.BET.D20.000191,coleoptera,26,12,10,10,12,11
IMG_0117_specimen_2_MECKON_NEON.BET.D20.000192,coleoptera,26,14,13,13,14,14
IMG_0117_specimen_3_MECKON_NEON.BET.D20.000193,coleoptera,26,14,12,12,14,14
IMG_0117_specimen_4_MECKON_NEON.BET.D20.000204,coleoptera,26,15,11,11,14,14
IMG_0118_specimen_1_MECKON_NEON.BET.D20.000214,coleoptera,26,14,10,10,14,14
IMG_0118_specimen_2_MECKON_NEON.BET.D20.000215,coleoptera,26,14,13,13,14,14
IMG_0118_specimen_3_MECKON_NEON.BET.D20.000224,coleoptera,26,10,14,10,15,10
IMG_0118_specimen_4_MECKON_NEON.BET.D20.000227,coleoptera,26,12,16,12,15,11
IMG_0119_specimen_1_MECKON_NEON.BET.D20.000228,coleoptera,26,14,13,13,14,14
IMG_0119_specimen_2_MECKON_NEON.BET.D20.000252,coleoptera,26,16,15,14,13,13
IMG_0119_specimen_3_MECKON_NEON.BET.D20.000262,coleoptera,26,12,12,12,14,12
IMG_0119_specimen_4_MECKON_NEON.BET.D20.000263,coleoptera,26,14,12,12,14,14
IMG_0121_specimen_1_MECKON_NEON.BET.D20.000265,coleoptera,26,13,10,9,13,12
IMG_0121_specimen_2_MECKON_NEON.BET.D20.000285,coleoptera,26,13,11,10,14,13
IMG_0121_specimen_3_MECKON_NEON.BET.D20.000295,coleoptera,26,16,13,13,14,14
IMG_0123_specimen_1_MECKON_NEON.BET.D20.000300,coleoptera,26,17,16,16,13,13
IMG_0123_specimen_2_MECKON_NEON.BET.D20.000308,coleoptera,26,14,14,14,14,14
IMG_0123_specimen_3_MECKON_NEON.BET.D20.000331,coleoptera,26,14,8,8,13,13
IMG_0123_specimen_4_MECKON_NEON.BET.D20.000332,coleoptera,26,13,12,12,14,13
IMG_0124_specimen_1_MECKON_NEON.BET.D20.000342,coleoptera,26,15,8,8,14,14
IMG_0124_specimen_2_MECKON_NEON.BET.D20.000343,coleoptera,26,16,13,13,14,14
IMG_0124_specimen_3_MECKON_NEON.BET.D20.000344,coleoptera,26,14,13,13,14,14
IMG_0124_specimen_4_MECKON_NEON.BET.D20.000348,coleoptera,26,13,15,12,13,12
IMG_0125_specimen_1_MECKON_NEON.BET.D20.000352,coleoptera,26,10,12,9,14,10
IMG_0125_specimen_2_MECKON_NEON.BET.D20.000353,coleoptera,26,14,14,13,14,13
IMG_0125_specimen_3_MECKON_NEON.BET.D20.000374,coleoptera,26,16,12,12,13,13
IMG_0125_specimen_4_MECKON_NEON.BET.D20.000377,coleoptera,26,14,10,10,13,13
IMG_0126_specimen_1_BLAKIL_NEON.BET.D20.000015,coleoptera,26,16,16,13,14,14
IMG_0126_specimen_2_BLAKIL_NEON.BET.D20.000016,coleoptera,26,14,16,14,13,13
IMG_0126_specimen_3_BLAKIL_NEON.BET.D20.000117,coleoptera,26,16,13,13,15,15
IMG_0126_specimen_4_BLAKIL_NEON.BET.D20.000380,coleoptera,26,14,14,12,14,13
IMG_0127_specimen_1_BLAKIL_NEON.BET.D20.000381,coleoptera,26,18,14,14,13,13
IMG_0127_specimen_2_BLAKIL_NEON.BET.D20.000382,coleoptera,26,16,12,12,14,14
IMG_0127_specimen_3_BLAKIL_NEON.BET.D20.000491,coleoptera,26,15,14,14,15,15
IMG_0127_specimen_4_BLAKIL_NEON.BET.D20.000492,coleoptera,26,14,14,14,14,14
IMG_0128_specimen_1_BLAKIL_NEON.BET.D20.000572,coleoptera,26,14,14,14,13,13
IMG_0128_specimen_2_BLAKIL_NEON.BET.D20.000658,coleoptera,26,13,13,11,13,13
IMG_0128_specimen_3_BLAKIL_NEON.BET.D20.001717,coleoptera,26,14,15,14,14,13
IMG_0128_specimen_4_BLAKIL_NEON.BET.D20.001808,coleoptera,26,14,15,14,15,13
IMG_0129_specimen_1_BLAHAW_NEON.BET.D20.000014,coleoptera,26,15,15,12,13,12
IMG_0130_specimen_1_BLAHAW_NEON.BET.D20.000286,coleoptera,26,14,12,12,14,14
IMG_0130_specimen_2_BLAHAW_NEON.BET.D20.000287,coleoptera,26,12,9,7,12,8
IMG_0130_specimen_3_BLAHAW_NEON.BET.D20.000487,coleoptera,26,13,14,12,14,13
IMG_0131_specimen_1_BLAHAW_NEON.BET.D20.000794,coleoptera,26,13,9,9,10,9
IMG_0131_specimen_2_BLAHAW_NEON.BET.D20.001098,coleoptera,26,14,14,11,14,13
IMG_0131_specimen_3_BLAHAW_NEON.BET.D20.001099,coleoptera,26,13,11,11,13,13
IMG_0132_specimen_1_BLAHAW_NEON.BET.D20.001265,coleoptera,26,16,14,13,15,13
IMG_0132_specimen_2_BLAHAW_NEON.BET.D20.001578,coleoptera,26,17,15,15,14,14
IMG_0132_specimen_3_BLAHAW_NEON.BET.D20.001583,coleoptera,26,15,13,13,12,12
IMG_0133_specimen_1_BLAHAW_NEON.BET.D20.001606,coleoptera,26,14,13,13,15,14
IMG_0133_specimen_2_BLAHAW_NEON.BET.D20.001644,coleoptera,26,14,14,14,12,12
IMG_0134_specimen_1_MECKAR_NEON.BET.D20.000186,coleoptera,26,14,13,13,14,14
IMG_0134_specimen_2_MECKAR_NEON.BET.D20.000187,coleoptera,26,13,13,12,14,13
IMG_0134_specimen_3_MECKAR_NEON.BET.D20.000350,coleoptera,26,12,16,12,12,10
IMG_0134_specimen_4_MECKAR_NEON.BET.D20.000609,coleoptera,26,16,15,14,16,16
IMG_0136_specimen_1_MECKAR_NEON.BET.D20.000657,coleoptera,26,14,13,12,11,11
IMG_0136_specimen_2_MECKAR_NEON.BET.D20.000701,coleoptera,26,16,17,16,15,15
IMG_0136_specimen_3_MECKAR_NEON.BET.D20.000702,coleoptera,26,14,10,10,14,14
IMG_0136_specimen_4_MECKAR_NEON.BET.D20.000828,coleoptera,26,14,14,14,12,12
IMG_0138_specimen_1_MECKAR_NEON.BET.D20.000830,coleoptera,26,14,16,14,16,14
IMG_0138_specimen_2_MECKAR_NEON.BET.D20.000977,coleoptera,26,14,13,13,14,14
IMG_0138_specimen_3_MECKAR_NEON.BET.D20.001305,coleoptera,26,16,15,14,17,16
IMG_0139_specimen_1_MECKAR_NEON.BET.D20.000978,coleoptera,26,14,12,11,14,13
EA1.0HJ,lepidoptera,26,18,15,15,18,18
EA1.0IU,lepidoptera,26,17,13,13,18,17
EA1.0OZ,lepidoptera,26,17,16,15,15,14
EA1.0P3,lepidoptera,26,18,17,17,18,18
EA1.0PX,lepidoptera,26,14,16,13,17,14
EA1.0VD,lepidoptera,26,16,17,15,16,16
EA1.0VZ,lepidoptera,26,16,13,11,16,16
EA1.0WH,lepidoptera,26,18,17,17,18,18
EA1.0WV,lepidoptera,26,16,17,15,16,16
EA1.0Y5,lepidoptera,26,16,18,16,16,16
EA1.114,lepidoptera,26,15,18,15,17,15
EA1.12N,lepidoptera,26,15,16,15,15,14
EA1.16A,lepidoptera,26,16,18,16,17,16
EA1.16W,lepidoptera,26,16,17,16,16,16
EA1.182,lepidoptera,26,18,15,14,15,14
EA1.19C,lepidoptera,26,16,15,14,16,16
EA1.19G,lepidoptera,26,15,14,14,16,15
EA1.1DF,lepidoptera,26,16,16,14,16,16
EA1.1F2,lepidoptera,26,16,17,16,16,16
EA1.1G5,lepidoptera,26,18,16,16,17,17
EA1.1HC,lepidoptera,26,14,13,12,14,14
EA1.1M4,lepidoptera,26,14,17,14,16,14
EA1.1MM,lepidoptera,26,17,16,16,15,15
EA1.1N2,lepidoptera,26,16,17,15,16,15
EA1.1N4,lepidoptera,26,17,17,16,16,15
EA1.1QS,lepidoptera,26,18,15,15,18,18
EA1.1RG,lepidoptera,26,18,16,16,18,18
EA1.1RV,lepidoptera,26,18,14,14,18,18
EA1.1SX,lepidoptera,26,18,18,18,18,18
EA1.1UK,lepidoptera,26,18,17,17,16,16
EA1.1VZ,lepidoptera,26,18,17,17,16,16
EA1.1YX,lepidoptera,26,15,15,15,14,14
EA1.1ZW,lepidoptera,26,12,12,12,13,12
EA1.20T,lepidoptera,26,15,16,15,14,14
EA1.268,lepidoptera,26,16,17,15,18,16
EA1.2GR,lepidoptera,26,16,17,15,16,16
EA1.2KI,lepidoptera,26,18,16,16,17,17
EA1.2KP,lepidoptera,26,18,17,17,18,18
EA1.2LG,lepidoptera,26,18,15,15,18,18
EA1.2PS,lepidoptera,26,16,17,15,18,16
EA1.2QT,lepidoptera,26,16,12,11,15,15
EA1.2WK,lepidoptera,26,18,18,18,18,18
EA1.2ZQ,lepidoptera,26,18,17,17,18,18
EA1.30P,lepidoptera,26,14,7,7,12,12
EA1.31I,lepidoptera,26,16,18,16,16,16
EA1.329,lepidoptera,26,14,14,14,14,14
EA2.05J,lepidoptera,26,13,17,12,17,13
EA2.0D7,lepidoptera,26,18,18,18,18,18
EA2.0E7,lepidoptera,26,16,17,15,17,15
EA3.0JH,lepidoptera,26,16,18,16,18,16
EA3.0MX,lepidoptera,26,18,18,18,18,18
EA3.10Q,lepidoptera,26,17,15,14,15,15
EA3.121,lepidoptera,26,18,15,15,16,16
EA3.12P,lepidoptera,26,15,15,14,16,15
EA3.17D,lepidoptera,26,16,17,16,16,16
EA3.18P,lepidoptera,26,18,17,17,15,15
EA3.19W,lepidoptera,26,18,16,16,17,17
EA3.1A3,lepidoptera,26,15,12,10,17,15
EA3.1AJ,lepidoptera,26,17,13,12,17,16
EA3.1DZ,lepidoptera,26,18,15,15,16,16
EA3.1GU,lepidoptera,26,18,18,18,18,18
EA3.1GZ,lepidoptera,26,14,15,14,15,14
EA3.1JI,lepidoptera,26,14,11,9,15,13
EA3.1LS,lepidoptera,26,14,15,13,15,14
EA3.1LT,lepidoptera,26,15,18,15,16,15
EA4.07U,lepidoptera,26,16,15,14,14,14
EA4.0CA,lepidoptera,26,18,14,14,18,18
EA4.0CJ,lepidoptera,26,18,14,14,17,17
EA4.0DA,lepidoptera,26,19,17,16,16,15
EA4.0F0,lepidoptera,26,20,15,15,18,18
EA4.0F5,lepidoptera,26,18,17,17,18,18
EA4.0L2,lepidoptera,26,18,17,17,16,16
EA4.0L7,lepidoptera,26,18,16,16,18,18
EA4.0LU,lepidoptera,26,18,17,17,14,14
EA4.0M9,lepidoptera,26,15,14,13,15,14
EA4.0N6,lepidoptera,26,17,17,15,16,16
EA4.0O9,lepidoptera,26,14,16,14,15,14
EA4.0OC,lepidoptera,26,14,16,14,14,14
EA4.0QF,lepidoptera,26,14,18,14,16,14
EA4.0TH,lepidoptera,26,15,17,15,15,15
EA4.0VD,lepidoptera,26,20,16,16,18,18
EA4.0W7,lepidoptera,26,18,16,16,16,16
EA4.0Y9,lepidoptera,26,18,16,16,17,17
EA4.0ZL,lepidoptera,26,14,13,13,13,13
EA4.11V,lepidoptera,26,14,17,14,15,14
EA4.120,lepidoptera,26,14,14,12,14,13
EA4.13V,lepidoptera,26,13,15,12,14,13
EA4.15F,lepidoptera,26,13,14,13,14,13
EA4.166,lepidoptera,26,18,15,15,16,16
EA4.18T,lepidoptera,26,14,11,10,14,14
EA4.1AI,lepidoptera,26,16,15,14,16,16
EA4.1BG,lepidoptera,26,14,11,10,16,14
EA4.1EZ,lepidoptera,26,12,11,11,12,12
EA4.1FW,lepidoptera,26,14,10,10,12,12
EA4.1GA,lepidoptera,26,14,11,11,13,13
EA4.1GB,lepidoptera,26,13,13,11,13,13
EA4.1GW,lepidoptera,26,14,14,14,14,14
EA4.1IS,lepidoptera,26,14,14,14,14,14
EA4.1J2,lepidoptera,26,14,12,12,13,13
EA4.1KP,lepidoptera,26,12,10,10,12,12
EA4.1RB,lepidoptera,26,13,11,11,14,13
EA4.1SR,lepidoptera,26,16,18,16,18,16
EA4.1U3,lepidoptera,26,14,14,13,14,14
EA4.20P,lepidoptera,26,18,17,17,18,18
EA5.0ER,lepidoptera,26,16,15,15,16,16
EA5.0F6,lepidoptera,26,18,16,16,18,18
EA5.0FY,lepidoptera,26,18,17,17,18,18
EA5.0MQ,lepidoptera,26,18,17,17,18,18
EA5.0PL,lepidoptera,26,17,18,17,18,17
EA5.0QC,lepidoptera,26,17,18,17,18,17
EA5.0QT,lepidoptera,26,18,18,18,18,18
EA5.0RP,lepidoptera,26,17,17,16,18,17
EA5.0XF,lepidoptera,26,18,17,17,16,16
EA5.104,lepidoptera,26,16,17,15,16,16
EA5.15N,lepidoptera,26,18,18,18,17,17
EA5.160,lepidoptera,26,18,18,18,18,18
EA5.18Y,lepidoptera,26,18,16,16,16,16
EA5.1GR,lepidoptera,26,16,15,14,16,16
EA5.22U,lepidoptera,26,18,18,18,18,18
EA5.23Q,lepidoptera,26,18,18,18,18,18
EA5.24A,lepidoptera,26,18,18,18,18,18
EA6.0DN,lepidoptera,26,17,18,17,18,17
EA6.0EB,lepidoptera,26,18,17,17,18,18
EA6.0G4,lepidoptera,26,18,18,18,18,18
EA6.0G5,lepidoptera,26,18,16,16,19,18
EA6.0HB,lepidoptera,26,17,14,13,15,14
EA6.0QJ,lepidoptera,26,16,17,16,15,15
EA6.0QS,lepidoptera,26,15,13,11,17,15
EA6.0Z1,lepidoptera,26,15,16,13,16,15
EA6.0ZT,lepidoptera,26,15,16,14,16,15
EA6.119,lepidoptera,26,16,18,16,16,16
EA6.12M,lepidoptera,26,15,17,15,16,15
EA6.12T,lepidoptera,26,15,18,15,16,15
EA6.135,lepidoptera,26,16,16,14,15,15
EA6.141,lepidoptera,26,18,18,18,18,18
EA6.17V,lepidoptera,26,16,15,14,17,16
EA6.182,lepidoptera,26,14,11,9,14,14
EA6.18M,lepidoptera,26,18,18,18,18,18
EA6.1IG,lepidoptera,26,18,18,18,18,18
EA6.1LM,lepidoptera,26,18,16,16,18,18
EA6.1PR,lepidoptera,26,18,18,18,18,18
EA6.1QM,lepidoptera,26,18,17,17,16,16
EA6.1RE,lepidoptera,26,14,17,14,16,14
EA6.1S0,lepidoptera,26,18,17,17,18,18
EA6.1SK,lepidoptera,26,21,16,15,16,15
EA7.0I2,lepidoptera,26,22,18,18,16,16
EA7.0IJ,lepidoptera,26,18,16,16,18,18
EA7.0N3,lepidoptera,26,18,18,18,17,17
EA7.0VF,lepidoptera,26,16,17,15,15,15
EA7.0VN,lepidoptera,26,14,15,14,14,14
EA7.0Z9,lepidoptera,26,19,16,14,16,15
EA7.112,lepidoptera,26,15,17,14,15,14
EA7.122,lepidoptera,26,15,16,14,16,15
EA7.14S,lepidoptera,26,16,18,16,16,16
EA7.16G,lepidoptera,26,16,18,16,16,16
EA7.16H,lepidoptera,26,16,17,15,17,16
EA7.16O,lepidoptera,26,18,18,18,18,18
EA7.19X,lepidoptera,26,20,17,17,16,16
EA7.1A9,lepidoptera,26,18,18,18,17,17
EA7.1C2,lepidoptera,26,15,14,12,15,14
EA7.1G8,lepidoptera,26,15,15,14,14,14
EA7.1KT,lepidoptera,26,18,13,13,18,18
EA7.1OF,lepidoptera,26,16,17,15,15,15
EA7.1OI,lepidoptera,26,16,17,15,15,15
EA7.1OR,lepidoptera,26,15,18,15,16,15
EA7.1W5,lepidoptera,26,15,17,15,16,15
EA7.1WK,lepidoptera,26,18,18,18,18,18
EA7.1XA,lepidoptera,26,18,17,17,18,18
EA7.203,lepidoptera,26,15,17,14,18,15
EA7.22N,lepidoptera,26,18,17,17,18,18
EA7.23G,lepidoptera,26,16,14,14,14,14
EA7.25Z,lepidoptera,26,17,17,16,18,17
EA7.26E,lepidoptera,26,18,17,17,18,18
EA7.286,lepidoptera,26,15,15,13,18,15
EA7.28A,lepidoptera,26,15,18,15,17,15
EA7.28P,lepidoptera,26,17,14,13,14,13
EA7.29W,lepidoptera,26,18,15,15,18,18
EA8.0UP,lepidoptera,26,15,17,15,16,15
EA8.0WW,lepidoptera,26,17,17,17,16,15
EA8.0Y3,lepidoptera,26,18,17,17,15,15
EA8.0Y7,lepidoptera,26,17,15,14,16,15
EA8.123,lepidoptera,26,17,18,17,16,15
EA8.16U,lepidoptera,26,16,17,15,16,16
EA8.181,lepidoptera,26,18,16,16,18,18
EA8.198,lepidoptera,26,16,15,14,18,16
EA8.1AC,lepidoptera,26,18,18,18,16,16
EA8.1B9,lepidoptera,26,14,13,12,14,14
EA8.1BL,lepidoptera,26,13,12,12,13,13
EA8.1EY,lepidoptera,26,18,15,15,16,16
EA8.1ID,lepidoptera,26,14,16,13,14,13
EA8.1IZ,lepidoptera,26,16,17,15,16,16
EA8.1KO,lepidoptera,26,14,17,14,16,14
EA8.1MA,lepidoptera,26,16,18,16,16,16
EA8.1MC,lepidoptera,26,15,15,12,16,15
EA8.1MX,lepidoptera,26,14,18,14,16,14
EA8.1NZ,lepidoptera,26,15,17,14,17,15
EA8.1OA,lepidoptera,26,15,17,14,16,15
EA8.1U1,lepidoptera,26,15,14,14,14,14
EA8.1W8,lepidoptera,26,15,18,15,18,15
EA8.24T,lepidoptera,26,17,18,17,17,16
EA8.27O,lepidoptera,26,15,15,14,16,15
EA8.289,lepidoptera,26,10,2,2,7,5
EB1.00W,lepidoptera,26,18,18,18,16,16
EB1.02V,lepidoptera,26,18,18,18,16,16
EB1.043,lepidoptera,26,15,17,14,16,15
EB1.04F,lepidoptera,26,16,18,16,16,16
EB1.04X,lepidoptera,26,18,18,18,18,18
EB1.050,lepidoptera,26,17,15,14,14,13
EB1.07Q,lepidoptera,26,18,17,17,18,18
EB1.0CF,lepidoptera,26,18,16,16,18,18
EB1.0FL,lepidoptera,26,14,12,11,12,12
EB1.0H8,lepidoptera,26,18,17,17,18,18
EB1.0I3,lepidoptera,26,15,18,15,16,13
EB1.0JU,lepidoptera,26,12,11,11,13,12
EB1.0KU,lepidoptera,26,17,18,17,18,17
EB1.0NV,lepidoptera,26,14,16,12,16,14
EB1.0P0,lepidoptera,26,14,16,12,16,14
EB1.0VI,lepidoptera,26,15,17,14,15,15
F.10070,lepidoptera,26,12,14,11,12,12
F.10086,lepidoptera,26,14,13,11,16,14
F.10116,lepidoptera,26,14,15,11,16,13
F.1015,lepidoptera,26,19,15,14,16,15
F.10185,lepidoptera,26,13,15,13,15,13
F.1030,lepidoptera,26,15,16,14,18,15
F.10343,lepidoptera,26,18,16,16,17,17
F.10575,lepidoptera,26,17,15,14,18,17
F.1074,lepidoptera,26,14,18,14,19,14
F.10796,lepidoptera,26,16,15,11,15,13
F.11011,lepidoptera,26,21,16,16,18,18
F.11100,lepidoptera,26,18,16,16,18,18
F.11231,lepidoptera,26,12,12,10,11,9
F.11291,lepidoptera,26,14,15,13,15,14
F.11457,lepidoptera,26,16,14,13,14,14
F.11750,lepidoptera,26,16,18,16,17,15
F.12296,lepidoptera,26,18,17,17,18,18
F.12299,lepidoptera,26,16,16,14,17,14
F.12564,lepidoptera,26,17,13,13,15,14
F.1264,lepidoptera,26,17,17,16,16,15
F.12680,lepidoptera,26,13,12,12,12,12
F.12696,lepidoptera,26,16,11,10,14,12
F.12745,lepidoptera,26,18,18,18,18,18
F.12770,lepidoptera,26,13,16,12,14,13
F.12802,lepidoptera,26,18,17,17,19,18
F.12836,lepidoptera,26,12,10,10,11,10
F.13006,lepidoptera,26,18,16,16,18,18
F.13389,lepidoptera,26,16,16,15,19,16
F.13417,lepidoptera,26,18,14,14,17,17
F.13681,lepidoptera,26,13,16,13,18,13
F.14178,lepidoptera,26,18,16,16,18,18
F.14454,lepidoptera,26,12,12,10,13,11
F.14557,lepidoptera,26,14,12,11,11,10
F.14612,lepidoptera,26,19,17,15,18,16
F.14625,lepidoptera,26,16,13,10,13,11
F.15134,lepidoptera,26,17,16,15,17,16
F.15419,lepidoptera,26,16,15,14,16,14
F.15638,lepidoptera,26,15,13,13,13,12
F.15683,lepidoptera,26,20,16,14,18,16
F.15686,lepidoptera,26,18,18,18,18,18
F.15688,lepidoptera,26,20,16,16,17,17
F.16234,lepidoptera,26,19,15,15,16,16
F.16667,lepidoptera,26,13,16,13,12,11
F.16698,lepidoptera,26,18,18,14,19,14
F.17668,lepidoptera,26,19,16,13,18,15
F.17711,lepidoptera,26,19,15,15,16,15
F.17806,lepidoptera,26,18,17,17,18,17
F.17871,lepidoptera,26,17,15,14,16,16
F.17877,lepidoptera,26,17,18,17,19,17
F.17878,lepidoptera,26,17,15,15,15,15
F.18098,lepidoptera,26,18,18,18,18,18
F.18598,lepidoptera,26,15,17,14,17,15
F.18702,lepidoptera,26,15,14,12,14,13
F.19286,lepidoptera,26,16,17,15,20,16
F.19297,lepidoptera,26,16,16,14,19,16
F.19335,lepidoptera,26,18,17,13,15,13
EB6.000,coleoptera,26,18,17,17,15,15
EB6.001,coleoptera,26,18,17,17,16,16
EB6.004,coleoptera,26,11,17,11,11,11
EB6.006,coleoptera,26,11,17,11,11,11
EB6.007,coleoptera,26,11,18,11,12,11
EB6.00A,coleoptera,26,11,17,11,11,11
EB6.00C,coleoptera,26,11,18,11,11,11
EB6.00E,coleoptera,26,11,17,11,11,11
EB6.00F,coleoptera,26,11,17,10,17,11
EB6.00G,coleoptera,26,11,0,0,7,6
EB6.00H,coleoptera,26,11,16,11,17,11
EB6.00J,coleoptera,26,11,17,11,14,11
EB6.00K,coleoptera,26,11,17,10,11,11
EB6.00L,coleoptera,26,11,18,11,11,11
EB6.00M,coleoptera,26,11,15,9,12,11
EB6.00N,coleoptera,26,11,18,11,13,11
EB6.00P,coleoptera,26,11,16,10,17,11
EB6.00Q,coleoptera,26,11,18,11,11,11
EB6.00S,coleoptera,26,11,18,11,11,11
EB6.00T,coleoptera,26,9,18,9,11,9
EB6.00V,coleoptera,26,11,18,11,11,11
EB6.00X,coleoptera,26,10,17,10,11,9
EB6.010,coleoptera,26,9,18,9,11,9
EB6.013,coleoptera,26,11,18,11,11,11
EB6.016,coleoptera,26,12,18,12,11,11
EB6.018,coleoptera,26,11,18,11,12,11
EB6.019,coleoptera,26,12,18,12,11,11
EB6.01C,coleoptera,26,11,18,11,11,11
EB6.01E,coleoptera,26,11,18,11,11,11
EB6.01F,coleoptera,26,11,18,11,12,11
EB6.01G,coleoptera,26,11,18,11,14,11
EB6.01H,coleoptera,26,11,18,11,11,11
EB6.01I,coleoptera,26,11,18,11,13,11
EB6.01J,coleoptera,26,10,17,10,11,10
EB6.01L,coleoptera,26,11,18,11,12,11
EB6.01M,coleoptera,26,11,18,11,11,11
EB6.01O,coleoptera,26,11,18,11,11,11
EB6.01R,coleoptera,26,11,17,11,12,11
EB6.01S,coleoptera,26,11,18,11,11,11
EB6.01T,coleoptera,26,11,18,11,11,11
EB6.01V,coleoptera,26,11,18,11,11,11
EB6.01Z,coleoptera,26,11,18,11,11,11
EB6.020,coleoptera,26,11,18,11,11,11
EB6.021,coleoptera,26,11,18,11,14,11
EB6.024,coleoptera,26,11,18,11,11,11
EB6.025,coleoptera,26,11,18,11,11,11
EB6.027,coleoptera,26,9,18,9,11,9
EB6.028,coleoptera,26,10,18,10,10,9
EB6.02A,coleoptera,26,10,15,9,11,10
EB6.02E,coleoptera,26,11,18,11,10,10
EB6.02F,coleoptera,26,11,18,11,12,11
EB6.02I,coleoptera,26,11,17,11,11,11
EB6.02J,coleoptera,26,8,17,8,11,8
EB6.02O,coleoptera,26,11,16,10,12,11
EB6.02P,coleoptera,26,11,17,11,13,11
EB6.02Q,coleoptera,26,8,18,8,11,7
EB6.02R,coleoptera,26,12,18,12,11,11
EB6.02T,coleoptera,26,11,15,10,11,11
EB6.02U,coleoptera,26,11,17,10,13,11
EB6.02W,coleoptera,26,11,15,10,11,11
EB6.02X,coleoptera,26,11,18,11,14,11
EB6.02Y,coleoptera,26,11,16,11,15,11
EB6.02Z,coleoptera,26,11,16,9,17,11
EB6.030,coleoptera,26,8,15,8,9,8
EB6.031,coleoptera,26,10,17,10,10,10
EB6.032,coleoptera,26,8,17,8,10,8
EB6.033,coleoptera,26,8,17,8,9,8
EB6.034,coleoptera,26,11,15,8,8,8
EB6.036,coleoptera,26,11,17,10,10,9
EB6.037,coleoptera,26,8,15,8,8,8
EB6.038,coleoptera,26,8,18,8,12,7
EB6.039,coleoptera,26,9,18,9,10,9
EB6.03A,coleoptera,26,11,14,8,9,9
EB6.03B,coleoptera,26,11,16,9,16,11
EB6.03D,coleoptera,26,11,15,8,9,9
EB6.03G,coleoptera,26,10,14,8,8,8
EB6.03H,coleoptera,26,7,16,7,9,7
EB6.03J,coleoptera,26,9,15,8,8,8
EB6.03K,coleoptera,26,9,14,8,8,8
EB6.03L,coleoptera,26,8,15,8,9,8
EB6.03O,coleoptera,26,8,13,8,10,8
EB6.03P,coleoptera,26,10,14,8,8,8
EB6.03Q,coleoptera,26,8,14,7,9,7
EB6.03R,coleoptera,26,8,15,8,8,8
EB6.03S,coleoptera,26,7,17,7,10,7
EB6.03T,coleoptera,26,10,14,8,8,8
EB6.03U,coleoptera,26,9,15,8,8,8
EB6.03W,coleoptera,26,10,15,8,8,8
EB6.03X,coleoptera,26,9,14,8,8,8
EB6.03Y,coleoptera,26,7,14,7,8,7
EB6.03Z,coleoptera,26,8,14,8,8,8
EB6.041,coleoptera,26,7,15,7,10,7
EB6.042,coleoptera,26,8,15,8,8,8
EB6.045,coleoptera,26,8,14,8,8,8
EB6.049,coleoptera,26,8,14,7,8,7
EB6.04D,coleoptera,26,9,14,8,7,7
EB6.04G,coleoptera,26,11,18,11,11,11
EB6.04H,coleoptera,26,11,17,11,11,11
EB6.04K,coleoptera,26,11,17,11,10,10
EB6.04L,coleoptera,26,10,18,10,11,10
EB6.04P,coleoptera,26,10,18,10,11,10
EB6.04Q,coleoptera,26,11,18,11,11,11
EB6.04U,coleoptera,26,11,18,11,14,11
EB6.04V,coleoptera,26,11,18,11,11,11
EB6.04X,coleoptera,26,11,18,11,11,10
EB6.051,coleoptera,26,11,17,11,12,11
EB6.053,coleoptera,26,9,14,7,14,9
EB6.054,coleoptera,26,11,17,11,11,11
EB6.056,coleoptera,26,8,18,8,11,8
EB6.057,coleoptera,26,9,17,9,10,8
EB6.059,coleoptera,26,10,18,10,11,10
EB6.05D,coleoptera,26,11,16,11,11,11
EB6.05F,coleoptera,26,9,18,9,11,9
EB6.05I,coleoptera,26,11,18,11,10,10
EB6.05K,coleoptera,26,10,18,10,13,10
EB6.05M,coleoptera,26,18,16,16,17,17
EB6.05O,coleoptera,26,18,18,18,18,18
EB6.05P,coleoptera,26,18,18,18,18,18
EB6.05R,coleoptera,26,18,18,18,18,18
EB6.05S,coleoptera,26,18,17,17,17,17
EB6.05T,coleoptera,26,17,15,15,15,14
EB6.05U,coleoptera,26,18,16,16,18,18
EB6.05W,coleoptera,26,18,17,17,18,18
EB6.05Y,coleoptera,26,18,17,17,17,17
EB6.060,coleoptera,26,10,17,10,11,10
EB6.061,coleoptera,26,10,17,10,11,10
EB6.062,coleoptera,26,11,16,11,10,10
EB6.065,coleoptera,26,10,18,10,11,10
EB6.068,coleoptera,26,8,17,8,11,8
EB6.069,coleoptera,26,11,18,11,11,11
EB6.06B,coleoptera,26,11,17,11,11,11
EB6.06C,coleoptera,26,11,18,11,11,11
EB6.06D,coleoptera,26,11,16,11,11,11
EB6.06E,coleoptera,26,10,17,9,11,10
EB6.06G,coleoptera,26,11,17,11,13,11
EB6.06J,coleoptera,26,11,16,10,11,10
EB6.06L,coleoptera,26,11,17,11,13,11
EB6.06M,coleoptera,26,9,18,9,11,9
EB6.06N,coleoptera,26,11,0,0,7,6
EB6.06O,coleoptera,26,11,0,0,7,6
EB6.06P,coleoptera,26,11,17,11,11,11
EB6.06S,coleoptera,26,11,18,11,10,10
EB6.06U,coleoptera,26,9,17,9,11,9
EB6.06Z,coleoptera,26,11,18,11,10,10
EB6.071,coleoptera,26,10,17,10,11,10
EB6.073,coleoptera,26,9,16,8,11,9
EB6.074,coleoptera,26,11,17,11,11,11
EB6.076,coleoptera,26,11,18,11,10,10
EB6.078,coleoptera,26,9,15,9,10,9
EB6.079,coleoptera,26,8,14,8,9,8
EB6.07C,coleoptera,26,11,17,10,10,10
EB6.07K,coleoptera,26,11,16,9,10,10
EB6.07M,coleoptera,26,11,15,9,10,10
EB6.07N,coleoptera,26,9,15,8,11,9
EB6.07O,coleoptera,26,10,15,8,10,10
EB6.07S,coleoptera,26,11,15,10,11,11
EB6.07U,coleoptera,26,10,16,9,10,10
EB6.07W,coleoptera,26,10,18,10,11,10
EB6.07Y,coleoptera,26,11,17,11,10,10
EB6.07Z,coleoptera,26,9,17,8,10,8
EB6.080,coleoptera,26,11,16,10,11,11
EB6.083,coleoptera,26,11,16,10,10,10
EB6.084,coleoptera,26,11,16,9,10,10
EB6.086,coleoptera,26,9,18,9,10,9
EB6.087,coleoptera,26,10,17,10,11,10
EB6.089,coleoptera,26,10,18,10,11,10
EB6.08B,coleoptera,26,11,17,11,11,11
EB6.08D,coleoptera,26,9,18,9,10,9
EB6.08F,coleoptera,26,9,18,9,11,9
EB6.08G,coleoptera,26,10,17,10,11,10
EB6.08H,coleoptera,26,11,16,9,10,10
EB6.08I,coleoptera,26,11,18,11,11,11
EB6.08K,coleoptera,26,18,17,17,17,17
EB6.08L,coleoptera,26,18,17,17,18,18
EB6.08M,coleoptera,26,18,13,13,17,17
EB6.08N,coleoptera,26,18,17,17,18,18
EB6.08O,coleoptera,26,18,18,18,18,18
EB6.08S,coleoptera,26,18,17,17,18,18
EB6.08T,coleoptera,26,18,18,18,18,18
EB6.08U,coleoptera,26,18,16,16,18,18
EB6.08X,coleoptera,26,18,17,17,17,17
EB6.08Y,coleoptera,26,18,18,18,18,18
EB6.090,coleoptera,26,18,17,17,18,18
EB6.091,coleoptera,26,18,17,17,18,18
EB6.092,coleoptera,26,17,17,16,18,17
EB6.094,coleoptera,26,18,17,17,18,18
EB6.095,coleoptera,26,18,18,18,18,18
EB6.096,coleoptera,26,18,17,17,18,18
EB6.098,coleoptera,26,18,16,16,18,18
EB6.09A,coleoptera,26,18,17,17,18,18
EB6.09C,coleoptera,26,18,17,17,17,17
EB6.09D,coleoptera,26,18,18,18,18,18
EB6.09E,coleoptera,26,18,17,17,18,18
EB6.09G,coleoptera,26,18,17,17,18,18
EB6.09H,coleoptera,26,18,15,15,18,18
EB6.09J,coleoptera,26,18,17,17,17,17
EB6.09L,coleoptera,26,18,15,15,18,18
EB6.09M,coleoptera,26,18,17,17,18,18
EB6.09N,coleoptera,26,18,15,15,18,18
EB6.09O,coleoptera,26,17,15,14,18,17
EB6.09R,coleoptera,26,18,17,17,17,17
EB6.0NH,coleoptera,26,18,17,17,18,18
EB6.0NI,coleoptera,26,18,18,18,18,18
EB6.0NJ,coleoptera,26,16,18,16,18,16
EB6.0NL,coleoptera,26,15,17,14,18,15
EB6.0NO,coleoptera,26,16,17,15,18,16
EB6.0NQ,coleoptera,26,15,13,10,16,15
EB6.0NT,coleoptera,26,16,17,15,17,16
EB6.0NU,coleoptera,26,12,17,12,17,11
EB6.0NV,coleoptera,26,16,18,16,17,16
EB6.0NW,coleoptera,26,16,15,13,15,14
EB6.0NX,coleoptera,26,17,17,16,16,15
EB6.0NZ,coleoptera,26,18,16,16,18,18
EB6.0O3,coleoptera,26,18,17,17,15,15
EB6.0O4,coleoptera,26,18,18,18,13,13
EB6.0O8,coleoptera,26,17,16,15,18,17
EB6.0O9,coleoptera,26,16,13,12,15,15
EB6.0OA,coleoptera,26,17,16,15,16,16
EB6.0OC,coleoptera,26,18,18,18,18,18
EB6.0OD,coleoptera,26,18,17,17,18,18
EB6.0OE,coleoptera,26,18,17,17,18,18
EB6.0OF,coleoptera,26,18,17,17,18,18
EB6.0OG,coleoptera,26,18,17,17,18,18
EB6.0OH,coleoptera,26,13,17,13,18,13
EB6.0OI,coleoptera,26,18,17,17,16,16
EB6.0OK,coleoptera,26,18,17,17,16,16
EB6.0OM,coleoptera,26,17,16,15,18,17
EB6.0OO,coleoptera,26,17,17,16,18,17
EB6.0OQ,coleoptera,26,18,17,17,18,18
EB6.0OS,coleoptera,26,18,17,17,18,18
EB6.0OU,coleoptera,26,16,16,14,18,16
EB6.0OW,coleoptera,26,18,18,18,18,18
EB6.0OX,coleoptera,26,18,17,17,18,18
EB6.0OZ,coleoptera,26,18,17,17,18,18
EB6.0P1,coleoptera,26,18,16,16,18,18
EB6.0P5,coleoptera,26,18,18,18,18,18
EB6.0P8,coleoptera,26,18,18,18,17,17
EB6.0PA,coleoptera,26,18,18,18,17,17
EB6.0PC,coleoptera,26,18,18,18,17,17
EB6.0PE,coleoptera,26,18,16,16,18,18
EB6.0PI,coleoptera,26,18,18,18,17,17
EB6.0PJ,coleoptera,26,18,18,18,18,18
EB6.0PK,coleoptera,26,18,18,18,18,18
EB6.0PM,coleoptera,26,18,18,18,18,18
EB6.0PN,coleoptera,26,18,18,18,18,18
EB6.0PT,coleoptera,26,18,17,17,18,18
EB6.0PV,coleoptera,26,18,17,17,17,17
EB6.0PX,coleoptera,26,18,17,17,18,18
EB6.0PY,coleoptera,26,18,18,18,18,18
EB6.0PZ,coleoptera,26,18,17,17,18,18
EB6.0Q0,coleoptera,26,18,17,17,18,18
EB6.0Q3,coleoptera,26,16,18,16,17,15
EB6.0Q6,coleoptera,26,18,18,18,17,17
EB6.0Q7,coleoptera,26,18,17,17,18,18
EB6.0QB,coleoptera,26,18,17,17,17,17
EB6.0QC,coleoptera,26,16,15,15,16,16
EB6.0QD,coleoptera,26,18,18,18,17,17
EB6.0QF,coleoptera,26,18,18,18,18,18
EB6.0QG,coleoptera,26,18,16,16,17,17
EB6.0QH,coleoptera,26,18,17,17,18,18
EB6.0QI,coleoptera,26,18,16,16,18,18
EB6.0QJ,coleoptera,26,18,18,18,18,18
EB6.0QN,coleoptera,26,18,16,16,16,16
EB6.0QO,coleoptera,26,18,16,16,16,16
EB6.0QP,coleoptera,26,18,18,18,15,15
EB6.0QU,coleoptera,26,16,17,15,17,15
EB6.0QV,coleoptera,26,18,17,17,18,18
EB6.0QW,coleoptera,26,18,18,18,18,18
EB6.0QY,coleoptera,26,18,17,17,18,18
EB6.0QZ,coleoptera,26,18,17,17,18,18
EB6.0R0,coleoptera,26,18,18,18,18,18
EB6.0R4,coleoptera,26,18,18,18,18,18
EB6.0R6,coleoptera,26,18,18,18,18,18
EB6.0R8,coleoptera,26,18,17,17,18,18
EB6.0R9,coleoptera,26,18,17,17,18,18
EB6.0RA,coleoptera,26,18,17,17,17,17
EB6.0RD,coleoptera,26,18,18,18,18,18
EB6.0RE,coleoptera,26,18,18,18,18,18
EB6.0RF,coleoptera,26,18,16,16,18,18
EB6.0RH,coleoptera,26,18,17,17,18,18
EB6.0RM,coleoptera,26,18,18,18,18,18
EB6.0RN,coleoptera,26,18,18,18,18,18
EB6.0RO,coleoptera,26,18,16,16,18,18
EB6.0RQ,coleoptera,26,18,18,18,18,18
EB6.0RR,coleoptera,26,18,17,17,18,18
EB6.0RT,coleoptera,26,18,16,16,18,18
EB6.0RU,coleoptera,26,17,18,17,18,17
EB6.0RV,coleoptera,26,18,16,16,18,18
EB6.0RX,coleoptera,26,18,17,17,18,18
EB6.0RY,coleoptera,26,18,17,17,18,18
EB6.0RZ,coleoptera,26,18,18,18,18,18
EB6.0S0,coleoptera,26,18,18,18,18,18
EB6.0S1,coleoptera,26,18,17,17,18,18
EB6.0S4,coleoptera,26,17,18,17,17,16
EB6.0S6,coleoptera,26,16,17,15,18,16
EB6.0S7,coleoptera,26,18,18,18,18,18
EB6.0SA,coleoptera,26,17,17,16,16,15
EB6.0SE,coleoptera,26,18,17,17,18,18
EB6.0SG,coleoptera,26,18,17,17,18,18
EB6.0SK,coleoptera,26,18,17,17,18,18
EB6.0SN,coleoptera,26,17,18,17,18,17
GJ.2413,diptera,26,11,8,5,10,10
GJ.2414,diptera,26,11,10,8,10,9
GJ.2415,diptera,26,11,9,7,10,10
GJ.2416,diptera,26,11,7,6,8,8
GJ.2419,diptera,26,13,7,6,10,10
GJ.2427,diptera,26,10,6,5,9,9
GJ.2447,diptera,26,14,7,5,10,9
GJ.2460,diptera,26,5,9,2,7,3
GJ.2476,diptera,26,10,12,9,11,8
GJ.2481,diptera,26,10,10,6,11,9
GJ.2486,diptera,26,8,6,6,8,7
GJ.2501,diptera,26,11,13,10,10,9
GJ.2505,diptera,26,11,8,6,11,10
GJ.2506,diptera,26,11,7,4,11,9
GJ.2507,diptera,26,11,6,5,10,10
GJ.2508,diptera,26,10,11,8,10,8
GJ.2509,diptera,26,9,8,6,11,9
GJ.2510,diptera,26,14,10,10,10,10
GJ.2511,diptera,26,11,11,8,11,10
GJ.2512,diptera,26,12,10,8,10,10
GJ.2513,diptera,26,11,12,10,11,10
GJ.2514,diptera,26,10,12,10,10,8
GJ.2515,diptera,26,13,12,11,11,11
GJ.2516,diptera,26,10,11,8,10,9
GJ.2517,diptera,26,15,11,10,11,11
GJ.2518,diptera,26,14,12,12,12,12
GJ.2519,diptera,26,13,11,10,11,11
GJ.2520,diptera,26,12,10,8,12,10
GJ.2521,diptera,26,13,12,11,9,9
GJ.2522,diptera,26,10,10,8,12,10
GJ.2523,diptera,26,13,11,10,13,13
GJ.2531,diptera,26,8,9,7,8,8
GJ.2541,diptera,26,12,12,10,11,11
GJ.2542,diptera,26,11,11,9,8,8
GJ.2543,diptera,26,12,11,9,9,9
GJ.2544,diptera,26,11,13,10,11,10
GJ.2546,diptera,26,10,13,9,10,9
GJ.2567,diptera,26,8,10,7,8,8
GJ.2568,diptera,26,13,12,11,8,8
GJ.2570,diptera,26,10,9,7,10,10
GJ.2571,diptera,26,12,12,10,11,11
GJ.2575,diptera,26,7,9,5,6,4
GJ.2588,diptera,26,12,12,10,12,12
GJ.2590,diptera,26,10,11,8,12,10
GJ.2591,diptera,26,10,10,7,8,7
GJ.2592,diptera,26,12,7,5,7,5
GJ.2593,diptera,26,10,10,8,11,9
GJ.2595,diptera,26,12,10,9,11,10
GJ.2596,diptera,26,10,9,7,9,9
GJ.2597,diptera,26,10,14,10,10,8
GJ.2631,diptera,26,12,6,5,9,9
GJ.2654,diptera,26,10,6,5,10,8
GJ.2661,diptera,26,10,5,3,6,6
GJ.2667,diptera,26,8,11,8,11,8
GJ.2672,diptera,26,10,11,8,13,9
GJ.2686,diptera,26,12,10,8,11,10
GJ.2690,diptera,26,12,10,8,8,8
GJ.2704,diptera,26,10,8,6,11,10
GJ.2705,diptera,26,10,8,6,12,10
GJ.2706,diptera,26,10,7,4,9,7
GJ.2751,diptera,26,12,8,8,9,8
GJ.2753,diptera,26,12,7,7,8,7
GJ.2773,diptera,26,8,8,6,9,7
GJ.2775,diptera,26,9,9,7,9,8
GJ.2776,diptera,26,7,7,5,8,6
GJ.2777,diptera,26,10,8,6,7,7
GJ.2778,diptera,26,10,9,6,9,7
GJ.2805,diptera,26,12,9,8,10,10
GJ.2809,diptera,26,10,10,7,9,9
GJ.2820,diptera,26,12,7,6,8,8
GJ.2831,diptera,26,11,4,4,9,9
GJ.2962,diptera,26,13,14,13,11,11
GJ.3018,diptera,26,9,14,9,12,9
GJ.3019,diptera,26,13,12,10,11,11
GJ.3155,diptera,26,12,12,10,12,12
GJ.3160,diptera,26,12,10,8,11,10
GJ.3195,diptera,26,14,10,10,9,9
GJ.3457,diptera,26,10,11,8,9,8
GJ.394,diptera,26,9,5,5,10,9
GJ.395,diptera,26,12,11,9,9,9
GJ.400,diptera,26,18,13,13,11,11
GJ.5923,diptera,26,10,8,6,8,7
GJ.5926,diptera,26,9,9,5,9,7
GJ.5927,diptera,26,10,9,7,9,9
GJ.5931,diptera,26,12,9,9,10,10
GJ.5932,diptera,26,8,4,4,8,7
GJ.5933,diptera,26,12,10,8,9,9
GJ.5935,diptera,26,13,10,9,10,10
GJ.5936,diptera,26,14,11,11,12,12
GJ.5937,diptera,26,7,9,7,9,7
GJ.5938,diptera,26,8,5,4,6,5
GJ.5939,diptera,26,10,11,8,9,9
GJ.5940,diptera,26,10,9,7,9,9
GJ.5941,diptera,26,9,8,5,8,7
GJ.6045,diptera,26,7,5,3,3,3
GJ.6046,diptera,26,8,9,6,8,5
GJ.6047,diptera,26,8,4,3,8,5
GJ.6048,diptera,26,11,9,6,11,9
GJ.6049,diptera,26,10,7,7,8,8
GJ.6050,diptera,26,11,6,4,7,7
GJ.6051,diptera,26,13,8,7,8,8
GJ.6052,diptera,26,14,10,8,9,9
GJ.6053,diptera,26,12,8,6,8,8
GJ.6054,diptera,26,6,5,1,9,6
GJ.6055,diptera,26,12,9,7,10,10
GJ.6057,diptera,26,8,8,6,8,7
GJ.6058,diptera,26,10,10,7,13,10
GJ.6059,diptera,26,5,5,4,5,3
GJ.6060,diptera,26,8,11,8,9,8
GJ.6061,diptera,26,11,11,9,10,9
GJ.6062,diptera,26,11,10,7,9,6
GJ.6063,diptera,26,10,10,8,8,8
GJ.6064,diptera,26,14,11,11,8,8
GJ.6065,diptera,26,12,9,9,8,8
GJ.6066,diptera,26,14,12,12,12,12
GJ.6067,diptera,26,10,8,3,8,6
GJ.6068,diptera,26,8,5,4,7,6
GJ.6069,diptera,26,12,9,7,8,8
GJ.6070,diptera,26,10,8,4,12,10
GJ.6071,diptera,26,12,9,8,10,9
GJ.6072,diptera,26,11,7,5,8,7
GJ.6073,diptera,26,12,9,7,10,10
GJ.6130,diptera,26,10,8,6,9,7
GJ.6131,diptera,26,13,11,10,10,9
GJ.6132,diptera,26,10,4,4,9,9
GJ.6133,diptera,26,12,10,8,10,9
GJ.6134,diptera,26,10,12,9,13,9
GJ.6135,diptera,26,7,7,5,9,5
GJ.6136,diptera,26,12,9,9,8,8
GJ.6276,diptera,26,12,10,10,10,10
GJ.6284,diptera,26,8,8,6,9,7
GJ.6588,diptera,26,12,14,12,11,10
GJ.6753,diptera,26,8,8,4,10,7
GJ.6754,diptera,26,13,13,12,11,10
GJ.6757,diptera,26,11,12,9,11,9
GJ.6809,diptera,26,12,9,7,11,11
GJ.6812,diptera,26,12,11,9,12,10
GJ.6831,diptera,26,13,11,10,12,12
GJ.6832,diptera,26,18,12,12,10,10
GJ.6851,diptera,26,10,6,5,8,6
GJ.6857,diptera,26,9,6,5,10,7
GJ.6962,diptera,26,8,12,7,11,8
GJ.6963,diptera,26,11,12,9,11,9
GJ.6964,diptera,26,9,9,6,7,6
GJ.6999,diptera,26,14,12,12,12,12
GJ.7000,diptera,26,12,12,10,10,10
GJ.7033,diptera,26,11,12,10,12,11
GJ.7034,diptera,26,13,10,10,12,12
GJ.7508,diptera,26,10,7,6,11,10
GJ.781,diptera,26,11,12,9,12,10
GJ.782,diptera,26,12,12,11,12,10
GJ.783,diptera,26,12,7,7,8,8
GJ.784,diptera,26,11,9,6,12,10
GJ.785,diptera,26,12,11,9,11,11
GJ.786,diptera,26,12,11,7,9,7
GJ.787,diptera,26,10,8,6,11,10
GJ.788,diptera,26,13,10,7,11,8
GJ.789,diptera,26,12,12,10,12,12
GJ.790,diptera,26,14,11,10,8,8
GJ.791,diptera,26,14,13,13,10,10
GJ.908,diptera,26,12,7,7,10,10
GJ.909,diptera,26,14,13,13,12,12
GJ.910,diptera,26,13,12,11,12,12
GJ.911,diptera,26,14,12,12,11,11
GJ.912,diptera,26,13,13,12,11,11
GJ.913,diptera,26,14,14,14,12,12
GJ.914,diptera,26,13,9,8,12,12
GJ.915,diptera,26,13,9,8,13,13
GJ.916,diptera,26,14,12,12,12,12
GJ.917,diptera,26,11,11,8,12,10
GJ.920,diptera,26,12,12,10,12,12
GJ.921,diptera,26,12,14,12,12,10
GJ.922,diptera,26,11,13,11,11,9
GJ.923,diptera,26,12,9,7,10,8
GJ.925,diptera,26,10,10,8,10,9
GJ.926,diptera,26,10,9,7,10,10
GJ.927,diptera,26,11,6,6,9,9
GJ.928,diptera,26,10,9,8,9,9
GJ.929,diptera,26,10,8,7,9,9
GJ.930,diptera,26,10,8,6,9,8
GJ.931,diptera,26,11,10,8,8,8
GJ.932,diptera,26,14,8,6,9,8
GJ.937,diptera,26,13,11,10,12,11
GJ.938,diptera,26,9,12,7,11,9
GJ.939,diptera,26,11,11,8,12,11
GJ.946,diptera,26,10,10,8,8,8
GJ.947,diptera,26,12,7,6,8,7
GJ.951,diptera,26,10,10,7,9,7
GJ.958,diptera,26,9,11,8,9,9
GJ.959,diptera,26,10,9,7,9,9
GJ.960,diptera,26,10,12,10,10,9
GJ.961,diptera,26,8,7,5,10,8
GJ.962,diptera,26,9,7,4,9,7
GJ.963,diptera,26,7,9,6,12,6
GJ.968,diptera,26,10,9,6,11,9
GJ.969,diptera,26,11,11,8,11,9
GJ.972,diptera,26,10,11,8,13,10
GJ.973,diptera,26,12,14,12,11,10
GJ.975,diptera,26,12,10,8,9,9
GJ.976,diptera,26,13,13,12,10,9
GJ.977,diptera,26,10,10,6,12,9
GL.6834,diptera,26,18,22,16,15,15
GM.18863,diptera,26,10,9,8,8,7
GV.12822,diptera,26,18,20,14,15,13
GV.14188,diptera,26,16,12,10,11,11
GV.14203,diptera,26,14,11,8,11,9
GV.14723,diptera,26,11,12,7,10,8
GV.14731,diptera,26,13,12,10,10,10
GV.37456,diptera,26,13,10,9,10,10
GV.37459,diptera,26,18,14,14,11,11
GV.37482,diptera,26,13,14,11,11,10
GV.42902,diptera,26,12,12,10,12,12
GV.42964,diptera,26,10,10,9,9,9
GV.42970,diptera,26,11,12,9,10,10
GV.50738,diptera,26,6,7,6,9,6
GV.54586,diptera,26,6,11,6,7,5
GV.55328,diptera,26,18,23,16,16,15
GV.79386,diptera,26,12,12,9,9,9
GV.8146,diptera,26,9,13,8,12,9
GV.82969,diptera,26,14,19,12,11,10
GV.87095,diptera,26,9,14,9,11,9
GV.9096,diptera,26,12,13,11,10,9
GV.95146,diptera,26,11,9,6,9,8
GV.95151,diptera,26,12,11,9,10,10
GV.95163,diptera,26,16,22,14,17,15
GV.95245,diptera,26,14,21,12,16,14
GV.95257,diptera,26,18,25,17,19,16
HP.1,diptera,26,10,7,4,7,5
HP.10,diptera,26,12,11,9,9,9
HP.11,diptera,26,10,13,7,9,7
HP.114,diptera,26,6,10,4,9,6
HP.12,diptera,26,10,12,9,9,9
HP.13,diptera,26,9,11,3,11,8
HP.14,diptera,26,8,15,6,11,8
HP.15,diptera,26,6,11,6,10,5
HP.16,diptera,26,8,12,6,9,7
HP.17,diptera,26,10,13,8,9,7
HP.18,diptera,26,9,5,4,8,8
HP.19,diptera,26,9,7,6,9,7
HP.2,diptera,26,12,5,4,8,8
HP.205,diptera,26,9,9,6,7,5
HP.206,diptera,26,6,9,5,8,5
HP.207,diptera,26,10,10,7,11,9
HP.21,diptera,26,6,10,5,10,6
HP.217,diptera,26,12,10,8,9,9
HP.218,diptera,26,10,12,8,10,8
HP.219,diptera,26,7,7,5,7,4
HP.22,diptera,26,6,9,3,11,5
HP.220,diptera,26,8,8,4,8,7
HP.221,diptera,26,7,10,5,8,5
HP.222,diptera,26,11,10,8,10,9
HP.223,diptera,26,8,11,8,10,8
HP.224,diptera,26,10,12,7,8,8
HP.225,diptera,26,10,13,8,10,10
HP.226,diptera,26,7,10,4,9,6
HP.227,diptera,26,7,10,5,10,7
HP.228,diptera,26,10,7,6,8,8
HP.229,diptera,26,14,12,10,9,8
HP.23,diptera,26,14,12,12,10,10
HP.230,diptera,26,10,0,0,7,4
HP.231,diptera,26,7,8,4,8,5
HP.232,diptera,26,8,9,6,11,8
HP.235,diptera,26,9,15,6,9,8
HP.237,diptera,26,8,6,5,9,7
HP.238,diptera,26,10,13,10,9,9
HP.24,diptera,26,10,11,9,10,10
HP.25,diptera,26,12,13,12,10,9
HP.27,diptera,26,10,12,7,8,6
HP.275,diptera,26,13,11,7,13,9
HP.277,diptera,26,10,11,9,9,9
HP.278,diptera,26,8,16,5,11,6
HP.279,diptera,26,5,10,5,10,5
HP.28,diptera,26,10,12,8,8,5
HP.280,diptera,26,11,9,8,8,8
HP.29,diptera,26,10,10,7,11,9
HP.30,diptera,26,10,11,8,10,9
HP.303,diptera,26,10,5,4,7,7
HP.305,diptera,26,8,7,5,8,6
HP.306,diptera,26,8,5,4,9,8
HP.307,diptera,26,7,9,3,10,6
HP.309,diptera,26,12,12,10,12,12
HP.31,diptera,26,11,13,10,11,10
HP.310,diptera,26,11,8,7,10,10
HP.313,diptera,26,9,11,8,10,7
HP.314,diptera,26,11,8,7,8,6
HP.315,diptera,26,6,18,4,12,6
HP.316,diptera,26,10,7,4,6,5
Andrena_benoisti_M_001,hymenoptera,26,20,18,14,18,14
Andrena_bicolor_M_001,hymenoptera,26,16,8,8,10,8
Andrena_bicolorata_F_001,hymenoptera,26,12,10,8,10,9
Andrena_biguttata_F_001,hymenoptera,26,14,10,8,9,9
Andrena_biguttata_M_001,hymenoptera,26,11,7,6,7,7
Andrena_binominata_M_001,hymenoptera,26,23,21,20,23,20
Andrena_bisulcata_F_001,hymenoptera,26,13,10,7,9,8
Andrena_bisulcata_M_001,hymenoptera,26,14,8,6,9,7
Andrena_blanda_F_001,hymenoptera,26,13,15,11,9,9
Andrena_blanda_M_001,hymenoptera,26,11,10,5,11,8
Andrena_boyerella_F_001,hymenoptera,26,18,10,8,7,7
Andrena_boyerella_M_001,hymenoptera,26,12,12,7,12,7
Andrena_braunsiana_M_001,hymenoptera,26,13,8,5,9,8
Andrena_brumanensis_F_001,hymenoptera,26,13,15,11,12,12
Andrena_brumanensis_M_001,hymenoptera,26,16,9,9,10,10
Anthidiellum_breviusculum_F_001,hymenoptera,26,7,8,3,10,6
Anthidiellum_breviusculum_M_001,hymenoptera,26,13,3,3,9,8
Anthidiellum_strigatum_F_001,hymenoptera,26,8,2,2,6,6
Anthidiellum_strigatum_M_001,hymenoptera,26,12,12,11,9,9
Anthidiellum_troodicum_F_001,hymenoptera,26,8,3,3,7,7
Anthidiellum_troodicum_M_001,hymenoptera,26,17,11,9,8,8
Anthidium_caspicum_F_001,hymenoptera,26,14,10,7,9,8
Anthidium_caspicum_M_001,hymenoptera,26,18,11,11,14,14
Anthidium_dalmaticum_F_001,hymenoptera,26,23,19,17,16,15
Anthidium_diadema_F_001,hymenoptera,26,11,9,7,10,7
Anthidium_diadema_M_001,hymenoptera,26,12,9,7,9,8
Anthidium_florentinum_F_001,hymenoptera,26,13,13,9,15,9
Anthidium_florentinum_M_001,hymenoptera,26,9,14,8,12,9
Anthidium_loti_F_001,hymenoptera,26,11,6,4,10,7
Anthidium_loti_M_001,hymenoptera,26,13,10,8,12,12
Anthidium_manicatum_F_001,hymenoptera,26,10,13,9,9,7
Anthidium_manicatum_M_001,hymenoptera,26,9,9,7,11,9
Anthidium_melanopygum_F_001,hymenoptera,26,9,4,4,7,7
Anthidium_melanopygum_M_001,hymenoptera,26,16,14,11,10,9
Anthidium_montanum_F_001,hymenoptera,26,8,4,4,6,6
Anthidium_montanum_M_001,hymenoptera,26,12,9,8,9,9
Anthidium_oblongatum_F_001,hymenoptera,26,12,4,4,9,9
Anthidium_punctatum_F_001,hymenoptera,26,6,5,3,7,2
Anthidium_punctatum_M_001,hymenoptera,26,10,11,9,9,8
Anthidium_septemspinosum_F_001,hymenoptera,26,15,6,6,8,8
Anthidium_septemspinosum_M_001,hymenoptera,26,9,3,3,8,8
Anthidium_taeniatum_F_001,hymenoptera,26,7,4,3,8,7
Anthidium_taeniatum_M_001,hymenoptera,26,10,7,7,10,10
Anthidium_undulatum_F_001,hymenoptera,26,10,5,4,11,8
Anthidium_wuestneii_F_001,hymenoptera,26,10,4,3,7,7
Anthidium_wuestneii_M_001,hymenoptera,26,8,4,3,8,7
Ceylalictus_variegatus_F_001,hymenoptera,26,7,6,2,8,6
Ceylalictus_variegatus_M_001,hymenoptera,26,18,7,7,7,7
Ammobates_muticus_F_001,hymenoptera,26,15,19,12,18,11
Ammobates_muticus_M_001,hymenoptera,26,24,19,18,18,17
Ammobates_opacus_F_001,hymenoptera,26,13,11,9,10,10
Ammobates_oraniensis_F_001,hymenoptera,26,13,9,8,8,8
Ammobates_oraniensis_M_001,hymenoptera,26,12,11,7,10,7
Ammobates_punctatus_F_001,hymenoptera,26,11,9,7,9,8
Ammobates_punctatus_M_001,hymenoptera,26,14,9,7,8,7
Ammobates_rufiventris_F_001,hymenoptera,26,12,12,8,11,9
Ammobates_rufiventris_M_001,hymenoptera,26,15,14,12,11,11
Ammobates_sanguineus_M_001,hymenoptera,26,12,11,9,9,9
Ammobates_similis_F_001,hymenoptera,26,13,10,9,11,10
Ammobates_similis_M_001,hymenoptera,26,12,7,6,8,7
Ammobates_verhoeffi_F_001,hymenoptera,26,10,8,4,9,7
Ammobates_verhoeffi_M_001,hymenoptera,26,11,10,9,11,8
Ammobates_vinctus_F_001,hymenoptera,26,10,12,9,8,8
Ammobates_vinctus_M_001,hymenoptera,26,11,13,11,11,9
Ammobatoides_abdominalis_F_001,hymenoptera,26,18,23,18,22,15
Ammobatoides_abdominalis_M_001,hymenoptera,26,12,13,9,11,9
Ammobatoides_scriptus_F_001,hymenoptera,26,14,11,11,11,9
Ammobatoides_scriptus_M_001,hymenoptera,26,10,16,9,10,7
Ancyla_asiatica_F_001,hymenoptera,26,12,11,9,11,8
Ancyla_asiatica_M_001,hymenoptera,26,12,10,9,9,7
Ancyla_cretensis_M_001,hymenoptera,26,7,10,6,9,6
Ancyla_holtzi_F_001,hymenoptera,26,13,11,7,9,8
Ancyla_holtzi_M_001,hymenoptera,26,10,6,5,8,6
Andrena_abbreviata_F_001,hymenoptera,26,9,8,6,9,5
Andrena_aberrans_F_001,hymenoptera,26,15,11,11,12,10
Andrena_aberrans_M_001,hymenoptera,26,12,13,8,9,7
Andrena_abjecta_M_001,hymenoptera,26,9,11,7,15,8
Andrena_abrupta_F_001,hymenoptera,26,15,19,13,20,14
Andrena_abrupta_M_001,hymenoptera,26,18,19,13,21,15
Andrena_acerba_F_001,hymenoptera,26,9,10,6,9,8
Andrena_acerba_M_001,hymenoptera,26,9,6,4,8,5
Andrena_aciculata_F_001,hymenoptera,26,16,19,12,22,15
Andrena_aciculata_M_001,hymenoptera,26,8,11,5,9,7
Andrena_acuta_F_001,hymenoptera,26,10,11,7,10,7
Andrena_acuta_M_001,hymenoptera,26,8,7,5,8,7
Andrena_aegyptiaca_cannabina_F_001,hymenoptera,26,16,17,13,17,11
Andrena_aegyptiaca_cannabina_M_001,hymenoptera,26,17,17,12,16,11
Andrena_aegypticola_F_001,hymenoptera,26,13,11,6,10,7
Andrena_aeneiventris_F_001,hymenoptera,26,17,14,10,10,9
Andrena_aeneiventris_M_001,hymenoptera,26,18,21,16,20,18
Andrena_aerinifrons_F_001,hymenoptera,26,10,9,7,10,8
Andrena_afrensis_F_001,hymenoptera,26,6,6,5,10,6
Andrena_afrensis_M_001,hymenoptera,26,10,0,0,7,4
Andrena_afzeliella_F_001,hymenoptera,26,10,13,8,9,7
Andrena_afzeliella_M_001,hymenoptera,26,16,11,10,10,8
Andrena_agilissima_F_001,hymenoptera,26,8,11,3,10,4
Andrena_agilissima_M_001,hymenoptera,26,7,10,4,11,7
Andrena_albopunctata_F_001,hymenoptera,26,14,16,11,17,13
Chelostoma_aegaeicum_F_001,hymenoptera,26,9,9,7,8,8
Chelostoma_campanularum_M_001,hymenoptera,26,12,12,7,10,7
Chelostoma_comosum_F_001,hymenoptera,26,11,5,5,7,5
Chelostoma_comosum_M_001,hymenoptera,26,11,11,6,9,8
Chelostoma_distinctum_F_001,hymenoptera,26,16,15,12,16,13
Chelostoma_distinctum_M_001,hymenoptera,26,10,13,9,12,10
Chelostoma_edentulum_F_001,hymenoptera,26,11,12,9,10,9
Chelostoma_edentulum_M_001,hymenoptera,26,10,13,6,13,9
Chelostoma_emarginatum_M_001,hymenoptera,26,14,12,9,10,8
Colletes_abeillei_F_001,hymenoptera,26,11,8,6,10,8
Colletes_abeillei_M_001,hymenoptera,26,15,11,10,9,9
Colletes_acutiformis_F_001,hymenoptera,26,8,10,5,10,7
Colletes_acutiformis_M_001,hymenoptera,26,11,8,7,9,7
Colletes_acutus_F_001,hymenoptera,26,10,13,7,13,7
Colletes_acutus_M_001,hymenoptera,26,12,10,7,10,8
Colletes_albomaculatus_F_001,hymenoptera,26,14,7,6,9,8
Colletes_albomaculatus_M_001,hymenoptera,26,14,13,10,8,8
Colletes_anceps_F_001,hymenoptera,26,13,3,3,9,7
Colletes_anceps_M_001,hymenoptera,26,12,9,9,9,8
Colletes_anchusae_F_001,hymenoptera,26,14,11,11,10,10
Colletes_anchusae_M_001,hymenoptera,26,7,10,4,9,6
Afranthidium_carduele_F_001,hymenoptera,26,9,13,8,11,8
Afranthidium_carduele_M_001,hymenoptera,26,8,11,8,10,8
Afranthidium_schulthessii_F_001,hymenoptera,26,10,11,8,9,8
Afranthidium_schulthessii_M_001,hymenoptera,26,7,7,4,9,6
Aglaoapis_tridentata_F_002,hymenoptera,26,10,12,9,9,8
Aglaoapis_tridentata_M_002_grey,hymenoptera,26,10,15,8,10,7
Amegilla_albigena_M_001,hymenoptera,26,8,15,8,9,8
Amegilla_canifrons_F_001,hymenoptera,26,11,14,11,9,7
Amegilla_canifrons_M_001,hymenoptera,26,14,9,6,11,7
Amegilla_fasciata_F_002_grey,hymenoptera,26,8,15,8,9,8
Amegilla_fasciata_M_001,hymenoptera,26,15,23,15,20,13
Amegilla_garrula_M_001,hymenoptera,26,8,15,8,11,8
Amegilla_ochroleuca_F_001,hymenoptera,26,10,14,10,9,7
Amegilla_ochroleuca_M_001,hymenoptera,26,8,12,8,10,8
Amegilla_quadrifasciata_F_001,hymenoptera,26,10,10,6,9,7
Amegilla_quadrifasciata_M_001,hymenoptera,26,8,14,8,11,8
Amegilla_salviae_F_001,hymenoptera,26,11,13,8,8,7
Amegilla_savignyi_F_001,hymenoptera,26,8,12,7,9,8
Amegilla_savignyi_M_001,hymenoptera,26,8,13,8,9,8
Ammobates_armeniacus_F_001,hymenoptera,26,11,9,6,9,8
Ammobates_biastoides_F_001,hymenoptera,26,16,17,13,15,11
Ammobates_biastoides_M_001,hymenoptera,26,14,10,9,8,8
Ammobates_dusmeti_F_001,hymenoptera,26,9,15,9,11,9
Ammobates_mavromoustakisi_F_001,hymenoptera,26,10,10,8,9,7
Ammobates_mavromoustakisi_M_001,hymenoptera,26,12,12,9,9,7
Dasypoda_cingulata_M_001,hymenoptera,26,9,9,7,9,8
Dasypoda_crassicornis_F_001,hymenoptera,26,22,21,19,18,14
Dasypoda_crassicornis_M_001,hymenoptera,26,10,10,8,8,8
Dasypoda_dusmeti_F_001,hymenoptera,26,22,20,16,20,17
Dasypoda_dusmeti_M_001,hymenoptera,26,13,15,9,13,8
Dasypoda_frieseana_F_001,hymenoptera,26,16,18,14,17,14
Dasypoda_frieseana_M_001,hymenoptera,26,14,6,5,9,8
Dasypoda_hirtipes_F_001,hymenoptera,26,19,20,16,16,14
Dasypoda_hirtipes_M_001,hymenoptera,26,12,13,10,11,9
Dasypoda_iberica_F_001,hymenoptera,26,22,23,22,24,20
Dasypoda_iberica_M_001,hymenoptera,26,17,21,13,21,15
Dasypoda_michezi_F_001,hymenoptera,26,15,21,15,19,12
Dasypoda_michezi_M_001,hymenoptera,26,13,21,13,24,13
Dasypoda_morawitzi_F_001,hymenoptera,26,10,12,8,11,8
Dasypoda_morawitzi_M_001,hymenoptera,26,11,9,7,10,8
Dasypoda_morotei_F_001,hymenoptera,26,24,24,22,24,22
Dasypoda_morotei_M_001,hymenoptera,26,12,11,10,9,9
Dasypoda_panzeri_F_001,hymenoptera,26,10,13,8,11,10
Dasypoda_panzeri_M_001,hymenoptera,26,18,22,16,22,14
Dasypoda_pyriformis_F_001,hymenoptera,26,12,11,8,11,9
Dasypoda_pyriformis_M_001,hymenoptera,26,10,10,7,9,7
Dasypoda_pyrotrichia_F_001,hymenoptera,26,10,11,7,11,10
Dasypoda_pyrotrichia_M_001,hymenoptera,26,18,23,16,15,11
Dasypoda_spinigera_F_001,hymenoptera,26,21,20,18,23,19
Dasypoda_spinigera_M_001,hymenoptera,26,14,18,9,16,8
Dasypoda_suripes_F_001,hymenoptera,26,12,10,7,9,5
Dasypoda_suripes_M_001,hymenoptera,26,16,12,12,11,11
Dasypoda_toroki_F_001,hymenoptera,26,14,20,12,24,14
Dasypoda_toroki_M_001,hymenoptera,26,10,7,6,9,8
Dasypoda_visnaga_F_001,hymenoptera,26,22,17,17,19,19
Dasypoda_visnaga_M_001,hymenoptera,26,17,16,14,14,11
Dufourea_alpina_F_001,hymenoptera,26,8,7,6,9,8
Dufourea_alpina_M_001,hymenoptera,26,22,17,16,14,14
Dufourea_cypria_F_001,hymenoptera,26,14,11,9,16,13
Dufourea_cypria_M_001,hymenoptera,26,7,8,5,9,7
Dufourea_gaullei_F_001,hymenoptera,26,14,14,12,11,9
Dufourea_gaullei_M_001,hymenoptera,26,8,12,7,8,7
Dufourea_graeca_F_001,hymenoptera,26,12,8,7,9,9
Dufourea_inermis_F_001,hymenoptera,26,10,7,5,10,7
Dufourea_iris_F_001,hymenoptera,26,10,8,6,13,10
Dufourea_longiglossa_F_001,hymenoptera,26,10,8,7,9,7
Dufourea_longiglossa_M_001,hymenoptera,26,12,13,10,10,10
Dufourea_merceti_M_001,hymenoptera,26,13,14,12,12,11
Dufourea_paradoxa_F_001,hymenoptera,26,11,13,8,10,9
Dufourea_paradoxa_M_001,hymenoptera,26,8,16,7,12,7
Dufourea_similis_F_001,hymenoptera,26,14,12,12,9,9
Dufourea_similis_M_001,hymenoptera,26,10,9,7,9,7
Dufourea_styx_F_001,hymenoptera,26,14,12,9,9,9
Dufourea_styx_m_001,hymenoptera,26,12,14,9,12,9
Dufourea_trautmanni_F_001,hymenoptera,26,16,12,12,11,11
Dufourea_trautmanni_M_001,hymenoptera,26,22,22,18,19,18
Dufourea_wolfi_F_001,hymenoptera,26,8,11,6,10,7
Dufourea_wolfi_M_001,hymenoptera,26,7,7,5,7,6
Halictus_alfkenellus_F_001,hymenoptera,26,21,24,20,22,18
Halictus_alfkenellus_M_001,hymenoptera,26,10,21,8,20,9
Halictus_asperulus_F_001,hymenoptera,26,7,8,6,11,6
Halictus_asperulus_M_001,hymenoptera,26,10,13,5,15,8
Halictus_brunnescens_F_001,hymenoptera,26,17,17,14,15,13
Halictus_brunnescens_M_001,hymenoptera,26,20,16,15,16,13
Halictus_carinthiacus_F_001,hymenoptera,26,17,21,14,22,15
Halictus_carinthiacus_M_001,hymenoptera,26,14,11,8,10,10
Halictus_centaureae_F_001,hymenoptera,26,13,11,9,10,10
Halictus_centaureae_M_001,hymenoptera,26,11,14,9,12,10
Halictus_cochlearitarsis_F_001,hymenoptera,26,22,20,18,19,17
Halictus_cochlearitarsis_M_001,hymenoptera,26,19,16,13,17,13
Halictus_compressus_F_001,hymenoptera,26,24,26,24,23,21
Halictus_compressus_M_001,hymenoptera,26,22,25,21,17,17
Halictus_consobrinus_F_001,hymenoptera,26,15,9,9,9,9
Halictus_consobrinus_M_001,hymenoptera,26,10,13,9,10,10
Halictus_constantinensis_F_001,hymenoptera,26,10,10,7,12,10
Halictus_costantinensis_M_001,hymenoptera,26,13,16,9,18,11
Halictus_crenicornis_F_001,hymenoptera,26,23,25,22,23,20
Halictus_crenicornis_M_001,hymenoptera,26,13,13,10,10,9
Halictus_fatsensis_F_001,hymenoptera,26,16,12,8,11,7
Halictus_fatsensis_M_001,hymenoptera,26,23,18,17,20,18
Macropis_europaea_F_001,hymenoptera,26,18,23,17,21,15
Macropis_europaea_M_001,hymenoptera,26,13,13,9,14,11
Macropis_frivaldszkyi_F_001,hymenoptera,26,12,17,8,14,9
Macropis_frivaldszkyi_M_001,hymenoptera,26,20,14,13,9,9
Macropis_fulvipes_F_001,hymenoptera,26,7,13,6,9,7
Macropis_fulvipes_M_001,hymenoptera,26,7,15,6,12,7
Melitta_aegyptiaca_F_001,hymenoptera,26,14,11,8,9,9
Melitta_aegyptiaca_M_001,hymenoptera,26,14,11,10,12,11
Melitta_budashkini_F_001,hymenoptera,26,18,17,14,17,13
Melitta_budashkini_M_001,hymenoptera,26,22,21,21,19,17
Melitta_budensis_F_001,hymenoptera,26,18,15,14,12,11
Melitta_budensis_M_001,hymenoptera,26,17,16,12,16,13
Melitta_dimidiata_F_001,hymenoptera,26,11,9,9,7,7
Melitta_dimidiata_M_001,hymenoptera,26,11,12,8,10,10
Melitta_haemorrhoidalis_F_001,hymenoptera,26,21,23,19,21,18
Melitta_haemorrhoidalis_M_001,hymenoptera,26,16,23,15,22,15
Melitta_hispanica_F_001,hymenoptera,26,13,13,11,11,9
Melitta_hispanica_M_001,hymenoptera,26,14,15,13,8,8
Melitta_iberica_F_001,hymenoptera,26,20,24,18,21,15
Melitta_iberica_M_001,hymenoptera,26,18,21,15,22,15
Melitta_kastiliensis_F_001,hymenoptera,26,14,17,8,20,13
Melitta_kastiliensis_M_001,hymenoptera,26,14,6,6,9,9
