epoch,time,train/box_loss,train/pose_loss,train/kobj_loss,train/cls_loss,train/dfl_loss,metrics/precision(B),metrics/recall(B),metrics/mAP50(B),metrics/mAP50-95(B),metrics/precision(P),metrics/recall(P),metrics/mAP50(P),metrics/mAP50-95(P),val/box_loss,val/pose_loss,val/kobj_loss,val/cls_loss,val/dfl_loss,lr/pg0,lr/pg1,lr/pg2
1,55.0441,1.44606,15.096,0.64577,1.02408,1.70756,0.81761,0.87931,0.91188,0.53891,0,0,0,0,1.43286,14.1689,0.46576,0.80321,1.90684,0.000659004,0.000659004,0.000659004
2,65.6402,1.27147,14.1878,0.53563,0.73689,1.55406,0.90097,0.94112,0.96309,0.46295,0,0,0,0,1.68354,13.7481,0.42105,1.41999,2.36036,0.00131255,0.00131255,0.00131255
3,76.2476,1.24045,13.6061,0.47829,0.74519,1.5284,0.92301,0.96121,0.94458,0.47593,0,0,0,0,1.62502,12.4391,0.38976,0.90894,2.15405,0.00195289,0.00195289,0.00195289
4,87.2265,1.2254,13.0144,0.44887,0.71936,1.51432,0.89279,0.95259,0.97004,0.5822,0.019,0.01724,0.00053,6e-05,1.32166,11.6207,0.45904,0.7563,1.74454,0.0019406,0.0019406,0.0019406
5,97.8158,1.14561,12.6885,0.44192,0.66662,1.45014,0.94208,0.98152,0.9871,0.60376,0.01926,0.01724,0.00046,5e-05,1.33504,11.193,0.35426,0.6504,1.70338,0.0019208,0.0019208,0.0019208
6,108.636,1.10208,12.3436,0.42217,0.63926,1.42147,0.93802,0.97848,0.9909,0.63122,0.10989,0.12069,0.01848,0.00206,1.21272,10.4425,0.35584,0.61896,1.60931,0.001901,0.001901,0.001901
7,119.358,1.08801,12.065,0.41401,0.62362,1.40757,0.86537,0.94202,0.96036,0.60527,0.21654,0.18103,0.07023,0.00861,1.19868,10.1814,0.34845,0.76083,1.65475,0.0018812,0.0018812,0.0018812
8,130.156,1.07792,12.1541,0.40999,0.62968,1.41556,0.99137,0.99019,0.99457,0.70197,0.17568,0.14224,0.03789,0.0046,1.09521,10.1759,0.34761,0.55325,1.57192,0.0018614,0.0018614,0.0018614
9,140.763,1.09068,12.0508,0.40066,0.61295,1.40492,0.97706,0.99138,0.99435,0.65084,0.23628,0.19397,0.06466,0.00895,1.18468,9.87634,0.35266,0.58137,1.57526,0.0018416,0.0018416,0.0018416
10,151.803,1.05153,11.8732,0.39204,0.60343,1.38531,0.99004,0.99569,0.99457,0.54278,0.31508,0.28879,0.09854,0.01263,1.61549,9.74581,0.32412,0.60325,1.99505,0.0018218,0.0018218,0.0018218
11,162.701,1.04023,11.6113,0.38378,0.58561,1.36208,0.98319,0.98707,0.99465,0.68887,0.31489,0.27586,0.1113,0.01618,1.12594,9.49023,0.31442,0.51779,1.53471,0.001802,0.001802,0.001802
12,173.298,1.00659,11.4705,0.38046,0.57861,1.36417,0.96775,0.96552,0.99051,0.69605,0.39877,0.35776,0.15612,0.02626,1.06851,9.27787,0.33332,0.51691,1.44688,0.0017822,0.0017822,0.0017822
13,184.299,0.99738,11.4332,0.36444,0.55925,1.33757,0.99127,1,0.9947,0.74881,0.32647,0.28017,0.12871,0.01736,0.89971,9.38693,0.30934,0.4907,1.35717,0.0017624,0.0017624,0.0017624
14,195.001,0.98813,11.3423,0.36357,0.56823,1.33751,0.99004,1,0.99496,0.72498,0.40415,0.37931,0.17537,0.0275,0.97071,8.90572,0.30092,0.45289,1.38049,0.0017426,0.0017426,0.0017426
15,205.587,0.97767,11.1334,0.3555,0.55276,1.31684,0.98302,0.99804,0.99444,0.76023,0.3472,0.28879,0.12937,0.01847,0.86747,9.05017,0.33276,0.4519,1.31188,0.0017228,0.0017228,0.0017228
16,216.805,0.95779,11.0159,0.34432,0.54258,1.30662,0.98235,0.99569,0.99417,0.71934,0.37439,0.36207,0.1656,0.02635,0.938,8.87382,0.29784,0.45877,1.39932,0.001703,0.001703,0.001703
17,227.62,0.95127,10.8192,0.33667,0.53809,1.30599,0.97871,0.99081,0.99363,0.75139,0.49258,0.38793,0.28065,0.04835,0.92661,8.4781,0.27659,0.47491,1.35475,0.0016832,0.0016832,0.0016832
18,238.568,0.95723,10.7662,0.33382,0.53873,1.31385,0.98557,1,0.99461,0.74477,0.37447,0.34483,0.13976,0.02456,0.89229,8.52934,0.307,0.45705,1.35987,0.0016634,0.0016634,0.0016634
19,249.953,0.95562,10.7736,0.33747,0.5405,1.31394,0.98322,0.99569,0.99483,0.76293,0.54244,0.43103,0.28069,0.04761,0.86671,8.28023,0.29047,0.43393,1.31615,0.0016436,0.0016436,0.0016436
20,260.577,0.93106,10.5917,0.32951,0.5222,1.30342,0.99926,1,0.995,0.78308,0.43578,0.35776,0.23494,0.04494,0.80962,8.13158,0.27881,0.42207,1.26973,0.0016238,0.0016238,0.0016238
21,271.863,0.94919,10.5777,0.32694,0.5285,1.30318,0.98673,1,0.99465,0.77873,0.48173,0.40517,0.28173,0.0505,0.83473,8.46071,0.30926,0.41242,1.31881,0.001604,0.001604,0.001604
22,282.784,0.91853,10.4227,0.33173,0.50863,1.27855,0.98575,0.99569,0.99391,0.79267,0.58218,0.44443,0.32168,0.06557,0.77973,8.0607,0.27672,0.40991,1.27444,0.0015842,0.0015842,0.0015842
23,294.246,0.90862,10.3691,0.32356,0.51272,1.27443,0.99359,1,0.99496,0.77359,0.48211,0.4181,0.24249,0.04036,0.83673,8.14878,0.29175,0.40697,1.28267,0.0015644,0.0015644,0.0015644
24,305.877,0.90309,10.288,0.32089,0.51072,1.26976,0.98216,1,0.99496,0.7914,0.48784,0.4181,0.25698,0.04218,0.75831,8.04083,0.28684,0.39433,1.23528,0.0015446,0.0015446,0.0015446
25,317.236,0.9015,10.1394,0.31703,0.50805,1.27265,0.99945,1,0.995,0.80252,0.52966,0.37069,0.27587,0.04699,0.7619,7.97536,0.28129,0.39611,1.25639,0.0015248,0.0015248,0.0015248
26,328.644,0.89327,10.1589,0.31671,0.4984,1.26395,0.99544,1,0.99479,0.77972,0.50664,0.4569,0.29304,0.05668,0.81867,7.65398,0.27484,0.40278,1.27778,0.001505,0.001505,0.001505
27,339.972,0.89623,10.2271,0.31055,0.50088,1.2796,0.98302,0.9984,0.99393,0.79584,0.60224,0.46337,0.36601,0.07447,0.79646,7.70327,0.29361,0.39306,1.26708,0.0014852,0.0014852,0.0014852
28,351.107,0.88571,9.95169,0.31737,0.49277,1.25524,0.99394,1,0.995,0.78209,0.50387,0.43103,0.26911,0.05124,0.81006,7.9193,0.27234,0.41202,1.25939,0.0014654,0.0014654,0.0014654
29,362.766,0.87537,9.98977,0.3081,0.48285,1.24999,0.98697,1,0.99483,0.79058,0.52837,0.43966,0.31818,0.05784,0.80329,7.76189,0.27351,0.39068,1.27067,0.0014456,0.0014456,0.0014456
30,374.228,0.86559,9.88441,0.30693,0.48396,1.2567,0.98722,0.99901,0.99227,0.79564,0.59298,0.43966,0.3206,0.06835,0.78575,7.68853,0.2816,0.40324,1.26207,0.0014258,0.0014258,0.0014258
31,385.565,0.87298,9.96426,0.30596,0.48147,1.25322,0.99499,0.99569,0.99409,0.78893,0.64176,0.43103,0.38431,0.06968,0.79505,7.50253,0.27146,0.394,1.25266,0.001406,0.001406,0.001406
32,397.458,0.84259,9.74513,0.29924,0.46216,1.23931,0.98652,1,0.99422,0.80782,0.55347,0.4755,0.30236,0.06467,0.7385,7.33542,0.27798,0.36793,1.2384,0.0013862,0.0013862,0.0013862
33,408.964,0.84942,9.79672,0.30347,0.47628,1.23116,0.99568,1,0.995,0.81135,0.58267,0.49569,0.37276,0.07236,0.72623,7.403,0.27795,0.3733,1.20408,0.0013664,0.0013664,0.0013664
34,420.388,0.83399,9.5733,0.29915,0.4557,1.22691,0.99531,1,0.99474,0.80025,0.54474,0.44397,0.32577,0.05998,0.77717,7.55818,0.27184,0.37714,1.24934,0.0013466,0.0013466,0.0013466
35,431.692,0.85765,9.70869,0.29763,0.46967,1.24171,0.99023,1,0.99436,0.80691,0.56291,0.44828,0.3494,0.06465,0.75291,7.39559,0.27169,0.37733,1.23286,0.0013268,0.0013268,0.0013268
36,443.561,0.84146,9.68239,0.29852,0.46852,1.23351,0.99529,1,0.99487,0.81466,0.56311,0.49569,0.36091,0.07832,0.69517,7.26386,0.27423,0.3784,1.18051,0.001307,0.001307,0.001307
37,455.05,0.8496,9.54567,0.29215,0.45742,1.22937,0.99812,1,0.995,0.81075,0.59163,0.5,0.40913,0.08002,0.70801,7.30229,0.26453,0.36797,1.19597,0.0012872,0.0012872,0.0012872
38,466.517,0.84156,9.60912,0.29074,0.4578,1.22715,0.99516,1,0.995,0.79784,0.61841,0.48707,0.42619,0.09114,0.79224,7.23994,0.27057,0.38838,1.25494,0.0012674,0.0012674,0.0012674
39,478.322,0.82603,9.61511,0.29161,0.46261,1.22202,0.99425,1,0.99474,0.80954,0.61018,0.45259,0.39367,0.07305,0.72441,7.42936,0.27593,0.3845,1.21076,0.0012476,0.0012476,0.0012476
40,489.482,0.82324,9.50728,0.28651,0.44879,1.2091,0.99774,1,0.995,0.81364,0.65137,0.48707,0.38668,0.08098,0.72029,7.18569,0.25972,0.36208,1.20073,0.0012278,0.0012278,0.0012278
41,501.69,0.81289,9.48506,0.29007,0.44094,1.20245,0.99958,1,0.995,0.78863,0.58726,0.46983,0.31306,0.06014,0.84157,7.44877,0.28044,0.37335,1.2804,0.001208,0.001208,0.001208
42,513.706,0.81137,9.32321,0.29234,0.4538,1.20189,0.99532,1,0.99483,0.818,0.59195,0.47845,0.36539,0.07674,0.7061,7.13527,0.26556,0.37208,1.1936,0.0011882,0.0011882,0.0011882
43,525.578,0.81149,9.30335,0.28716,0.43517,1.20633,0.99526,1,0.995,0.81481,0.59373,0.50431,0.35797,0.07234,0.70856,7.13996,0.25389,0.36129,1.18405,0.0011684,0.0011684,0.0011684
44,537.397,0.79987,9.14565,0.28909,0.43269,1.20268,0.99013,1,0.99487,0.81194,0.57607,0.49786,0.35338,0.07767,0.73344,7.33046,0.28193,0.36174,1.21404,0.0011486,0.0011486,0.0011486
45,549.622,0.81632,9.34029,0.28802,0.44322,1.2114,0.99966,1,0.995,0.82463,0.62164,0.51293,0.41936,0.09381,0.69692,7.12359,0.27097,0.35369,1.17533,0.0011288,0.0011288,0.0011288
46,561.663,0.80021,9.32358,0.28717,0.44339,1.20419,0.99102,1,0.99466,0.8225,0.6171,0.5,0.39891,0.09079,0.70952,7.09446,0.25705,0.36517,1.19874,0.001109,0.001109,0.001109
47,573.949,0.79891,9.21774,0.29048,0.43955,1.19844,0.9903,1,0.99474,0.8022,0.62446,0.49138,0.42257,0.1043,0.76045,7.00926,0.2646,0.36624,1.21726,0.0010892,0.0010892,0.0010892
48,586.482,0.81666,9.25078,0.2852,0.44369,1.2169,0.99952,1,0.995,0.80833,0.58594,0.50431,0.35623,0.0766,0.72366,6.90659,0.25243,0.35846,1.2113,0.0010694,0.0010694,0.0010694
49,598.094,0.81706,9.1739,0.28332,0.44258,1.22052,0.99141,0.99512,0.99448,0.82274,0.63666,0.5,0.41353,0.09027,0.68241,6.96624,0.26506,0.35103,1.18816,0.0010496,0.0010496,0.0010496
50,610.617,0.78063,9.20009,0.27884,0.43038,1.18917,0.99544,1,0.995,0.82528,0.65763,0.51293,0.46465,0.09915,0.70112,6.96751,0.26723,0.34642,1.18566,0.0010298,0.0010298,0.0010298
51,621.889,0.78023,9.00574,0.28103,0.42458,1.18179,0.99536,1,0.99483,0.83313,0.60887,0.51293,0.4334,0.10133,0.66351,6.90357,0.24898,0.34526,1.1606,0.00101,0.00101,0.00101
52,634.235,0.79574,9.11625,0.27605,0.4286,1.20008,1,0.99871,0.995,0.81873,0.70614,0.52155,0.45857,0.10454,0.71511,6.81722,0.25873,0.35088,1.18984,0.0009902,0.0009902,0.0009902
53,646.74,0.77675,8.9667,0.27703,0.42481,1.18874,1,0.99879,0.995,0.82091,0.61825,0.52155,0.4154,0.09429,0.67347,6.78937,0.26264,0.34523,1.16876,0.0009704,0.0009704,0.0009704
54,659.023,0.77045,8.95524,0.27206,0.41803,1.17827,0.99536,1,0.99496,0.83256,0.62596,0.50431,0.41488,0.09116,0.65649,6.82598,0.25565,0.33605,1.15567,0.0009506,0.0009506,0.0009506
55,670.865,0.78054,9.03893,0.27436,0.42522,1.20126,0.98666,1,0.99435,0.8226,0.63981,0.5431,0.46773,0.10776,0.69526,6.75694,0.24465,0.34962,1.18868,0.0009308,0.0009308,0.0009308
56,683.214,0.77618,8.97229,0.27453,0.42397,1.19057,0.99967,1,0.995,0.83755,0.62612,0.50862,0.4278,0.09881,0.64131,6.75135,0.24126,0.31938,1.13585,0.000911,0.000911,0.000911
57,695.034,0.75103,8.83937,0.27554,0.41512,1.1675,0.99525,1,0.99474,0.83555,0.64631,0.53879,0.43352,0.10031,0.63906,6.67944,0.24414,0.33025,1.1439,0.0008912,0.0008912,0.0008912
58,707.309,0.76787,8.94645,0.27594,0.41284,1.18218,0.99108,1,0.99496,0.82688,0.60013,0.51106,0.41985,0.09815,0.66869,6.78749,0.25872,0.33384,1.16456,0.0008714,0.0008714,0.0008714
59,719.702,0.76067,8.90167,0.27086,0.40512,1.18052,0.99569,1,0.995,0.83652,0.61566,0.51724,0.42229,0.08949,0.65343,6.68974,0.25618,0.32741,1.14386,0.0008516,0.0008516,0.0008516
60,732.254,0.76228,9.04451,0.27369,0.40292,1.1791,0.99527,1,0.995,0.83467,0.63213,0.51293,0.42851,0.10331,0.64236,6.70775,0.24729,0.31589,1.1413,0.0008318,0.0008318,0.0008318
61,744.015,0.73618,8.67844,0.27019,0.39933,1.16127,0.99939,1,0.995,0.83269,0.69679,0.52155,0.48562,0.12804,0.68153,6.62474,0.24987,0.3281,1.15776,0.000812,0.000812,0.000812
62,756.525,0.74915,8.71193,0.27137,0.39908,1.16657,0.99088,1,0.99483,0.83133,0.64526,0.50862,0.42752,0.09818,0.65877,6.75168,0.26016,0.33619,1.15008,0.0007922,0.0007922,0.0007922
63,769.533,0.74878,8.7327,0.26337,0.40635,1.16874,0.99404,1,0.99431,0.83707,0.67863,0.5431,0.51018,0.12979,0.64372,6.57105,0.24553,0.33092,1.13604,0.0007724,0.0007724,0.0007724
64,782.127,0.74455,8.835,0.27061,0.40359,1.16785,0.99534,1,0.99496,0.84648,0.62127,0.52586,0.42906,0.10372,0.62185,6.54287,0.24952,0.32822,1.11796,0.0007526,0.0007526,0.0007526
65,795.06,0.74445,8.71283,0.27035,0.40234,1.16866,0.99531,1,0.995,0.84206,0.68316,0.54741,0.49826,0.12422,0.64633,6.56819,0.25083,0.32642,1.12826,0.0007328,0.0007328,0.0007328
66,807.155,0.73506,8.76262,0.26888,0.39712,1.16635,0.99877,1,0.995,0.83456,0.65838,0.51503,0.4467,0.09875,0.6535,6.66613,0.24858,0.33418,1.15085,0.000713,0.000713,0.000713
67,819.404,0.72719,8.67135,0.26616,0.39274,1.16532,0.9952,1,0.99487,0.83766,0.68082,0.52155,0.48161,0.12668,0.65472,6.61702,0.24657,0.31603,1.14822,0.0006932,0.0006932,0.0006932
68,832.394,0.73886,8.63621,0.26526,0.39557,1.15497,0.99502,1,0.99474,0.83937,0.64814,0.53879,0.45866,0.11392,0.63172,6.55067,0.24513,0.31717,1.1193,0.0006734,0.0006734,0.0006734
69,846.58,0.72987,8.61362,0.26744,0.39039,1.14936,0.99966,1,0.995,0.84203,0.65769,0.53879,0.4913,0.11776,0.63719,6.55676,0.24473,0.31904,1.1424,0.0006536,0.0006536,0.0006536
70,861.405,0.71992,8.61262,0.26521,0.38332,1.15183,0.99962,1,0.995,0.83318,0.66578,0.52155,0.48142,0.12567,0.66265,6.58623,0.24235,0.31755,1.1407,0.0006338,0.0006338,0.0006338
71,873.951,0.72022,8.59342,0.2636,0.39039,1.1536,0.9994,1,0.995,0.83424,0.68533,0.53448,0.49079,0.12572,0.66507,6.459,0.2483,0.31714,1.15196,0.000614,0.000614,0.000614
72,886.485,0.72459,8.69265,0.25779,0.38888,1.15124,0.99973,1,0.995,0.84869,0.69831,0.53879,0.51949,0.12469,0.62494,6.49566,0.24377,0.3017,1.12401,0.0005942,0.0005942,0.0005942
73,898.394,0.7153,8.55261,0.26335,0.37953,1.15094,0.99956,1,0.995,0.84458,0.71859,0.56466,0.53754,0.13266,0.63729,6.44313,0.24244,0.32053,1.14255,0.0005744,0.0005744,0.0005744
74,911.615,0.70551,8.46288,0.26172,0.37908,1.13836,0.99907,1,0.995,0.85927,0.64141,0.5431,0.47514,0.12003,0.60026,6.47326,0.24601,0.30265,1.11203,0.0005546,0.0005546,0.0005546
75,924.11,0.69884,8.45497,0.26735,0.37671,1.13523,1,0.99978,0.995,0.84992,0.68846,0.55172,0.52104,0.12756,0.59558,6.50912,0.24731,0.2989,1.11223,0.0005348,0.0005348,0.0005348
76,935.909,0.70319,8.41157,0.26127,0.37941,1.13888,0.99915,1,0.995,0.85102,0.66476,0.55172,0.50902,0.12686,0.60868,6.47358,0.24688,0.3037,1.11693,0.000515,0.000515,0.000515
77,948.518,0.69504,8.42444,0.2619,0.37872,1.13965,0.99966,1,0.995,0.8552,0.70298,0.53879,0.50613,0.13377,0.60762,6.40039,0.23701,0.28944,1.11759,0.0004952,0.0004952,0.0004952
78,961.82,0.68614,8.54862,0.26064,0.36949,1.12954,0.9997,1,0.995,0.85307,0.74553,0.5431,0.5202,0.14029,0.59975,6.48674,0.24337,0.30168,1.12001,0.0004754,0.0004754,0.0004754
79,974.073,0.69152,8.4297,0.26102,0.37645,1.12733,0.99964,1,0.995,0.85491,0.71215,0.56897,0.53846,0.13367,0.59537,6.37066,0.23999,0.29148,1.11676,0.0004556,0.0004556,0.0004556
80,986.703,0.67609,8.35382,0.261,0.36037,1.12071,0.99958,1,0.995,0.85378,0.656,0.5431,0.47637,0.11608,0.60905,6.35864,0.23528,0.29769,1.11491,0.0004358,0.0004358,0.0004358
81,999.01,0.68093,8.27443,0.25961,0.36876,1.13556,1,0.9987,0.995,0.85337,0.72876,0.56897,0.54444,0.13665,0.61159,6.33113,0.2409,0.30233,1.12016,0.000416,0.000416,0.000416
82,1011.77,0.66796,8.19263,0.26124,0.35309,1.11036,0.99969,1,0.995,0.84926,0.68284,0.54741,0.51022,0.12367,0.61068,6.34749,0.23743,0.29512,1.1208,0.0003962,0.0003962,0.0003962
83,1024.36,0.67304,8.29275,0.25842,0.36178,1.11677,1,0.99938,0.995,0.86022,0.67698,0.56897,0.52063,0.13374,0.58158,6.31851,0.24083,0.29389,1.09373,0.0003764,0.0003764,0.0003764
84,1036.41,0.66571,8.31912,0.26065,0.35998,1.11693,0.99885,1,0.995,0.85229,0.67817,0.55406,0.50611,0.13326,0.59425,6.35143,0.24534,0.29855,1.10193,0.0003566,0.0003566,0.0003566
85,1049.88,0.66387,8.20726,0.25965,0.35843,1.11751,0.99959,1,0.995,0.84554,0.6803,0.56897,0.52922,0.13689,0.60517,6.3175,0.24252,0.30318,1.1112,0.0003368,0.0003368,0.0003368
86,1062.2,0.66753,8.21688,0.25636,0.36319,1.12944,0.99958,1,0.995,0.8489,0.66608,0.57328,0.49733,0.12149,0.59566,6.31629,0.24515,0.28999,1.10935,0.000317,0.000317,0.000317
87,1075.23,0.66716,8.17124,0.25629,0.36044,1.11367,0.9955,1,0.995,0.86367,0.68609,0.58409,0.53643,0.13482,0.57835,6.28732,0.23873,0.29422,1.0915,0.0002972,0.0002972,0.0002972
88,1087.77,0.65992,8.14518,0.25627,0.35501,1.11123,0.99559,1,0.995,0.85643,0.65838,0.57319,0.5035,0.11941,0.59031,6.31143,0.23808,0.28733,1.09686,0.0002774,0.0002774,0.0002774
89,1100.75,0.65356,8.19278,0.26114,0.35339,1.11068,1,0.99958,0.995,0.86159,0.6878,0.58621,0.54659,0.1349,0.5793,6.27562,0.23687,0.2859,1.09347,0.0002576,0.0002576,0.0002576
90,1112.8,0.6405,8.05156,0.26175,0.34197,1.1034,0.99874,1,0.995,0.8553,0.6529,0.56897,0.51059,0.13249,0.57624,6.32263,0.2337,0.28262,1.09048,0.0002378,0.0002378,0.0002378
91,1127.62,0.56135,6.31982,0.25661,0.29825,1.09379,0.9953,1,0.995,0.86107,0.67855,0.5819,0.53287,0.1362,0.58761,6.29588,0.21928,0.2842,1.10042,0.000218,0.000218,0.000218
92,1140.48,0.5328,6.26578,0.24192,0.281,1.06745,0.99563,1,0.995,0.85055,0.68429,0.57328,0.51678,0.14105,0.59253,6.23437,0.2104,0.28729,1.09992,0.0001982,0.0001982,0.0001982
93,1153.3,0.53256,6.20992,0.23558,0.27497,1.05847,0.99898,1,0.995,0.85904,0.70678,0.60776,0.56878,0.14865,0.57232,6.20538,0.2042,0.28129,1.08601,0.0001784,0.0001784,0.0001784
94,1165.35,0.5126,6.20212,0.23508,0.26895,1.04855,0.99768,1,0.995,0.86046,0.70635,0.59052,0.55391,0.15409,0.5836,6.18874,0.20194,0.27817,1.08353,0.0001586,0.0001586,0.0001586
95,1177.66,0.50603,6.15799,0.23667,0.26318,1.05379,0.99957,1,0.995,0.86202,0.71057,0.59914,0.57698,0.16044,0.5803,6.15287,0.1991,0.28242,1.09234,0.0001388,0.0001388,0.0001388
96,1189.9,0.50788,6.13136,0.22964,0.26222,1.03264,0.99563,1,0.995,0.85952,0.7012,0.59052,0.55624,0.15073,0.57388,6.15676,0.19965,0.27606,1.08232,0.000119,0.000119,0.000119
97,1201.79,0.50007,6.14131,0.2324,0.2593,1.04383,0.99553,1,0.995,0.86217,0.7272,0.60776,0.57589,0.15918,0.56176,6.12954,0.19647,0.27754,1.07916,9.92e-05,9.92e-05,9.92e-05
98,1214.1,0.49136,6.08343,0.22853,0.25751,1.03937,1,0.99937,0.995,0.8659,0.71615,0.59914,0.5682,0.16088,0.55826,6.11827,0.19723,0.27033,1.07763,7.94e-05,7.94e-05,7.94e-05
99,1226.14,0.48461,6.06095,0.22634,0.25215,1.03158,0.99898,1,0.995,0.86467,0.7209,0.60345,0.57524,0.16065,0.5568,6.11311,0.19753,0.27037,1.07244,5.96e-05,5.96e-05,5.96e-05
100,1239.46,0.48633,6.03834,0.22841,0.24935,1.02488,0.99559,1,0.995,0.8684,0.73061,0.61207,0.58737,0.16428,0.54868,6.10561,0.19691,0.27133,1.07039,3.98e-05,3.98e-05,3.98e-05
