Name;Min;Max;Horizontal?;Interest
EA1.0HJ.jpg;1034;1062;1;
EA1.0IU.jpg;1026;1062;1;
EA1.0OZ.jpg;1028;1062;1;
EA1.0P3.jpg;1016;1062;1;
EA1.0PX.jpg;1042;1062;1;
EA2.05J.jpg;1038;1062;1;
EA2.0D7.jpg;1046;1062;1;
EA2.0E7.jpg;1046;1062;1;
EA3.0JH.jpg;1032;1062;1;
EA3.0MX.jpg;1050;1062;1;1
EA3.12P.jpg;1052;1062;1;
EA3.18P.jpg;1040;1062;1;
EA3.1A3.jpg;1048;1062;1;1
EA4.0CA.jpg;990;1062;1;1
EA4.0F5.jpg;996;1062;1;
EA4.0M9.jpg;1028;1062;1;
EA4.0QF.jpg;988;1062;1;
EA4.120.jpg;1008;1062;1;1
EA4.1FW.jpg;1040;1062;1;
EA5.0XF.jpg;1038;1062;1;
EA5.104.jpg;1044;1062;1;
EA5.15N.jpg;1058;1062;1;1
EA5.22U.jpg;1034;1062;1;
EA5.24A.jpg;1038;1062;1;
EA6.0EB.jpg;1026;1062;1;
EA6.0G4.jpg;1022;1062;1;
EA6.0QJ.jpg;1030;1062;1;
EA6.0ZT.jpg;1036;1062;1;
EA6.17V.jpg;1024;1062;1;
EA7.1G8.jpg;1044;1062;1;
EA7.1OF.jpg;1048;1062;1;1
EA7.1RG.jpg;1038;1062;1;
EA7.1XA.jpg;1050;1062;1;
EA7.25Z.jpg;1036;1062;1;1
EA8.0WW.jpg;1032;1062;1;
EA8.1AC.jpg;1038;1062;1;
EA8.1ID.jpg;1040;1062;1;
EA8.1MA.jpg;1038;1062;1;
EA8.1OA.jpg;1026;1062;1;
EB1.07Q.jpg;1048;1062;1;
EB1.0CF.jpg;1058;1062;1;1
EB1.0H8.jpg;1034;1062;1;
EB1.0KU.jpg;1034;1062;1;
EB1.0VI.jpg;1026;1062;1;
EB6.004.jpg;795;830;1;
EB6.007.jpg;750;820;1;
EB6.00C.jpg;760;840;1;
EB6.00E.jpg;800;920;1;
EB6.00F.jpg;777;820;1;
EB6.00G.jpg;750;800;1;
EB6.00H.jpg;760;830;1;
EB6.00P.jpg;800;850;1;
EB6.00Q.jpg;774;830;1;
EB6.00S.jpg;774;830;1;
EB6.00T.jpg;714;771;1;
EB6.00V.jpg;700;780;1;
EB6.04D.jpg;700;760;1;
EB6.04G.jpg;700;790;1;
EB6.04V.jpg;873;924;1;
EB6.04X.jpg;855;930;1;
EB6.06G.jpg;765;820;1;
EB6.06M.jpg;750;790;1;1
EB6.07M.jpg;820;900;1;
EB6.07Y.jpg;850;930;1;
EB6.0A0.jpg;2574;2634;1;1
EB6.0B2.jpg;2550;2634;1;
EB6.0BU.jpg;2526;2634;1;
EB6.0HZ.jpg;2500;2634;1;
EB6.0PT.jpg;2484;2634;1;
EB6.0Q6.jpg;2424;2634;1;
EB6.0US.jpg;2412;2634;1;
EB6.0VP.jpg;2500;2634;1;
EB6.0WW.jpg;2540;2634;1;
EB6.102.jpg;2466;2634;1;
EB6.138.jpg;2480;2634;1;
EB6.1BU.jpg;2454;2634;1;
EB6.4AG.jpg;2514;2634;1;
EB6.4B9.jpg;2496;2634;1;
EB6.4EC.jpg;2478;2634;1;
EB6.4EY.jpg;2534;2634;1;
EB6.4G8.jpg;2532;2634;1;
EB6.50V.jpg;2580;2634;1;
EB6.57W.jpg;2520;2634;1;
EB6.59A.jpg;2530;2634;1;
EB6.5JC.jpg;2400;2634;1;
EB6.5JN.jpg;2400;2634;1;
EB6.5KY.jpg;2440;2634;1;
EB6.5P7.jpg;2400;2634;1;
EB6.5Q5.jpg;2424;2634;1;
EB6.5QT.jpg;2380;2634;1;
EB6.5R6.jpg;2430;2634;1;
EB6.625.jpg;2568;2634;1;
EB6.635.jpg;2580;2634;1;
EB6.641.jpg;2550;2634;1;
EB6.647.jpg;2616;2634;1;
EB7.00G.jpg;2490;2634;1;
EB8.000.jpg;1020;1062;1;
EB8.006.jpg;986;1056;1;
EB8.008.jpg;990;1060;1;
EB8.009.jpg;1042;1062;1;
EB8.00J.jpg;982;1062;1;
EB8.01L.jpg;1010;1062;1;
F.136191.jpg;4096;4900;1;
F.145090.jpg;4384;4696;1;
F.156028.jpg;4384;4666;1;
F.160413.jpg;4552;4840;1;
F.169905.jpg;4500;4816;1;
F.223154.jpg;4648;4900;1;
F.243285.jpg;4708;4900;1;
F.254771.jpg;4648;4900;1;
F.255232.jpg;4648;4900;1;
F.258114.jpg;4624;4900;1;
F.258583.jpg;4636;4900;1;
F.258933.jpg;4612;4900;1;
F.259161.jpg;4600;4900;1;
F.259297.jpg;4648;4900;1;
F.267277.jpg;4564;4864;1;
F.27324.jpg;4680;4900;1;
F.27610.jpg;4740;4900;1;
F.28221.jpg;4600;4900;1;
F.28586.jpg;4516;4816;1;
F.29420.jpg;1612;4900;1;
F.308319.jpg;4540;4760;1;
F.308829.jpg;4552;4816;1;
F.312.jpg;4800;4900;1;1
F.315537.jpg;4552;4804;1;
F.316201.jpg;4528;4780;1;
F.322649.jpg;4552;4816;1;
F.336149.jpg;4624;4732;1;
F.339755.jpg;4228;4840;1;
F.346280.jpg;4516;4792;1;
F.351992.jpg;4564;4792;1;
F.358559.jpg;4500;4780;1;
F.367.jpg;4696;4900;1;
F.401620.jpg;4648;4900;1;
F.402019.jpg;4400;4750;1;
F.402422.jpg;4370;4790;1;
F.406780.jpg;4520;4900;1;
F.410784.jpg;4560;4900;1;
F.414885.jpg;4520;4790;1;
F.415737.jpg;4670;4900;1;1
F.415804.jpg;4440;4900;1;
F.416165.jpg;4550;4900;1;
F.416221.jpg;4660;4900;1;
F.416610.jpg;4300;4630;1;
F.416880.jpg;4340;4670;1;
F.417208.jpg;4430;4900;1;
F.420278.jpg;4670;4900;1;
F.420821.jpg;4700;4900;1;1
F.429632.jpg;4632;4900;1;1
F.430045.jpg;4860;4900;1;
F.430550.jpg;4800;4900;1;1
F.432888.jpg;4800;4900;1;
F.433141.jpg;4896;4900;1;1
F.437490.jpg;4740;4900;1;
F.437894.jpg;4884;4900;1;
F.438216.jpg;4824;4900;1;1
F.440376.jpg;4800;4900;1;1
F.499073.jpg;4630;4690;1;1
F.499570.jpg;4640;4680;1;1
