image_name,scale_type,scale_px_per_mm,scale_bar_bbox_x,scale_bar_bbox_y,scale_bar_text,ruler_direction,ruler_line_min,ruler_line_max
Ammobates_punctatus_F_001.jpg,,375,,,,,,
Andrena_blanda_F_001.jpg,,342,,,,,,
Colletes_dimidiatus_F_001.jpg,,260,,,,,,
Colletes_fodiens_F_001.jpg,,246,,,,,,
Dasypoda_braccata_M_001.jpg,,78,,,,,,
Dufourea_styx_m_001.jpg,,566,,,,,,
EA1.0HJ.jpg,ruler,,,,,horizontal,1034,1062
EA1.0IU.jpg,ruler,,,,,horizontal,1026,1062
EA1.0OZ.jpg,ruler,,,,,horizontal,1028,1062
EA1.0P3.jpg,ruler,,,,,horizontal,1016,1062
EA1.0PX.jpg,ruler,,,,,horizontal,1042,1062
EA1.0VD.jpg,,46,,,,,,
EA2.05J.jpg,ruler,,,,,horizontal,1038,1062
EA2.0D7.jpg,ruler,,,,,horizontal,1046,1062
EA2.0E7.jpg,ruler,,,,,horizontal,1046,1062
EA3.0JH.jpg,ruler,55,,,,horizontal,1032,1062
EA3.0MX.jpg,ruler,,,,,horizontal,1050,1062
EA3.10Q.jpg,,22,,,,,,
EA3.12P.jpg,ruler,,,,,horizontal,1052,1062
EA3.18P.jpg,ruler,,,,,horizontal,1040,1062
EA3.1A3.jpg,ruler,,,,,horizontal,1048,1062
EA4.0CA.jpg,ruler,,,,,horizontal,990,1062
EA4.0F5.jpg,ruler,,,,,horizontal,996,1062
EA4.0M9.jpg,ruler,,,,,horizontal,1028,1062
EA4.0QF.jpg,ruler,,,,,horizontal,988,1062
EA4.120.jpg,ruler,,,,,horizontal,1008,1062
EA4.1FW.jpg,ruler,,,,,horizontal,1040,1062
EA5.0XF.jpg,ruler,35,,,,horizontal,1038,1062
EA5.104.jpg,ruler,,,,,horizontal,1044,1062
EA5.15N.jpg,ruler,,,,,horizontal,1058,1062
EA5.22U.jpg,ruler,,,,,horizontal,1034,1062
EA5.24A.jpg,ruler,,,,,horizontal,1038,1062
EA6.0EB.jpg,ruler,,,,,horizontal,1026,1062
EA6.0G4.jpg,ruler,,,,,horizontal,1022,1062
EA6.0QJ.jpg,ruler,,,,,horizontal,1030,1062
EA6.0ZT.jpg,ruler,,,,,horizontal,1036,1062
EA6.17V.jpg,ruler,27,,,,horizontal,1024,1062
EA7.1G8.jpg,ruler,,,,,horizontal,1044,1062
EA7.1OF.jpg,ruler,,,,,horizontal,1048,1062
EA7.1RG.jpg,ruler,,,,,horizontal,1038,1062
EA7.1XA.jpg,ruler,,,,,horizontal,1050,1062
EA7.25Z.jpg,ruler,,,,,horizontal,1036,1062
EA8.0WW.jpg,ruler,,,,,horizontal,1032,1062
EA8.1AC.jpg,ruler,,,,,horizontal,1038,1062
EA8.1ID.jpg,ruler,,,,,horizontal,1040,1062
EA8.1MA.jpg,ruler,,,,,horizontal,1038,1062
EA8.1OA.jpg,ruler,,,,,horizontal,1026,1062
EB1.02V.jpg,,63,,,,,,
EB1.07Q.jpg,ruler,,,,,horizontal,1048,1062
EB1.0CF.jpg,ruler,,,,,horizontal,1058,1062
EB1.0H8.jpg,ruler,,,,,horizontal,1034,1062
EB1.0KU.jpg,ruler,,,,,horizontal,1034,1062
EB1.0VI.jpg,ruler,,,,,horizontal,1026,1062
EB6.004.jpg,ruler,,,,,horizontal,795,830
EB6.007.jpg,ruler,,,,,horizontal,750,820
EB6.00C.jpg,ruler,,,,,horizontal,760,840
EB6.00E.jpg,ruler,,,,,horizontal,800,920
EB6.00F.jpg,ruler,,,,,horizontal,777,820
EB6.00G.jpg,ruler,,,,,horizontal,750,800
EB6.00H.jpg,ruler,,,,,horizontal,760,830
EB6.00P.jpg,ruler,,,,,horizontal,800,850
EB6.00Q.jpg,ruler,,,,,horizontal,774,830
EB6.00S.jpg,ruler,,,,,horizontal,774,830
EB6.00T.jpg,ruler,,,,,horizontal,714,771
EB6.00V.jpg,ruler,,,,,horizontal,700,780
EB6.01C.jpg,,31,,,,,,
EB6.04D.jpg,ruler,,,,,horizontal,700,760
EB6.04G.jpg,ruler,,,,,horizontal,700,790
EB6.04V.jpg,ruler,,,,,horizontal,873,924
EB6.04X.jpg,ruler,,,,,horizontal,855,930
EB6.05O.jpg,,139,,,,,,
EB6.06G.jpg,ruler,,,,,horizontal,765,820
EB6.06M.jpg,ruler,,,,,horizontal,750,790
EB6.06O.jpg,,27,,,,,,
EB6.07M.jpg,ruler,,,,,horizontal,820,900
EB6.07Y.jpg,ruler,,,,,horizontal,850,930
EB6.0A0.jpg,ruler,,,,,horizontal,2574,2634
EB6.0B2.jpg,ruler,,,,,horizontal,2550,2634
EB6.0BU.jpg,ruler,,,,,horizontal,2526,2634
EB6.0HZ.jpg,ruler,,,,,horizontal,2500,2634
EB6.0OU.jpg,,140,,,,,,
EB6.0PT.jpg,ruler,,,,,horizontal,2484,2634
EB6.0Q6.jpg,ruler,,,,,horizontal,2424,2634
EB6.0US.jpg,ruler,,,,,horizontal,2412,2634
EB6.0VP.jpg,ruler,,,,,horizontal,2500,2634
EB6.0WW.jpg,ruler,,,,,horizontal,2540,2634
EB6.102.jpg,ruler,,,,,horizontal,2466,2634
EB6.138.jpg,ruler,,,,,horizontal,2480,2634
EB6.1BU.jpg,ruler,,,,,horizontal,2454,2634
EB6.4AG.jpg,ruler,,,,,horizontal,2514,2634
EB6.4B9.jpg,ruler,,,,,horizontal,2496,2634
EB6.4EC.jpg,ruler,,,,,horizontal,2478,2634
EB6.4EY.jpg,ruler,,,,,horizontal,2534,2634
EB6.4G8.jpg,ruler,,,,,horizontal,2532,2634
EB6.50V.jpg,ruler,,,,,horizontal,2580,2634
EB6.57W.jpg,ruler,,,,,horizontal,2520,2634
EB6.59A.jpg,ruler,,,,,horizontal,2530,2634
EB6.5JC.jpg,ruler,,,,,horizontal,2400,2634
EB6.5JN.jpg,ruler,,,,,horizontal,2400,2634
EB6.5KY.jpg,ruler,,,,,horizontal,2440,2634
EB6.5P7.jpg,ruler,,,,,horizontal,2400,2634
EB6.5Q5.jpg,ruler,,,,,horizontal,2424,2634
EB6.5QT.jpg,ruler,,,,,horizontal,2380,2634
EB6.5R6.jpg,ruler,,,,,horizontal,2430,2634
EB6.625.jpg,ruler,,,,,horizontal,2568,2634
EB6.635.jpg,ruler,,,,,horizontal,2580,2634
EB6.641.jpg,ruler,,,,,horizontal,2550,2634
EB6.647.jpg,ruler,,,,,horizontal,2616,2634
EB7.00G.jpg,ruler,,,,,horizontal,2490,2634
EB8.000.jpg,ruler,,,,,horizontal,1020,1062
EB8.006.jpg,ruler,,,,,horizontal,986,1056
EB8.008.jpg,ruler,,,,,horizontal,990,1060
EB8.009.jpg,ruler,,,,,horizontal,1042,1062
EB8.00J.jpg,ruler,,,,,horizontal,982,1062
EB8.01L.jpg,ruler,,,,,horizontal,1010,1062
F.131909.jpg,,117,,,,,,
F.136191.jpg,ruler,,,,,horizontal,4096,4900
F.145090.jpg,ruler,,,,,horizontal,4384,4696
F.156028.jpg,ruler,,,,,horizontal,4384,4666
F.160413.jpg,ruler,,,,,horizontal,4552,4840
F.169905.jpg,ruler,,,,,horizontal,4500,4816
F.223154.jpg,ruler,,,,,horizontal,4648,4900
F.243285.jpg,ruler,,,,,horizontal,4708,4900
F.254771.jpg,ruler,,,,,horizontal,4648,4900
F.255232.jpg,ruler,,,,,horizontal,4648,4900
F.258114.jpg,ruler,,,,,horizontal,4624,4900
F.258583.jpg,ruler,,,,,horizontal,4636,4900
F.258933.jpg,ruler,,,,,horizontal,4612,4900
F.259161.jpg,ruler,,,,,horizontal,4600,4900
F.259297.jpg,ruler,,,,,horizontal,4648,4900
F.267277.jpg,ruler,,,,,horizontal,4564,4864
F.27324.jpg,ruler,,,,,horizontal,4680,4900
F.27610.jpg,ruler,,,,,horizontal,4740,4900
F.28221.jpg,ruler,,,,,horizontal,4600,4900
F.28586.jpg,ruler,,,,,horizontal,4516,4816
F.29420.jpg,ruler,,,,,horizontal,1612,4900
F.308319.jpg,ruler,,,,,horizontal,4540,4760
F.308829.jpg,ruler,,,,,horizontal,4552,4816
F.312.jpg,ruler,,,,,horizontal,4800,4900
F.315537.jpg,ruler,,,,,horizontal,4552,4804
F.316201.jpg,ruler,,,,,horizontal,4528,4780
F.322649.jpg,ruler,,,,,horizontal,4552,4816
F.336149.jpg,ruler,,,,,horizontal,4624,4732
F.339755.jpg,ruler,,,,,horizontal,4228,4840
F.346280.jpg,ruler,,,,,horizontal,4516,4792
F.351992.jpg,ruler,,,,,horizontal,4564,4792
F.3540.jpg,,155,,,,,,
F.358559.jpg,ruler,,,,,horizontal,4500,4780
F.367.jpg,ruler,,,,,horizontal,4696,4900
F.38652.jpg,,107,,,,,,
F.39189.jpg,,93,,,,,,
F.401620.jpg,ruler,,,,,horizontal,4648,4900
F.402019.jpg,ruler,,,,,horizontal,4400,4750
F.402422.jpg,ruler,,,,,horizontal,4370,4790
F.406780.jpg,ruler,,,,,horizontal,4520,4900
F.410784.jpg,ruler,,,,,horizontal,4560,4900
F.414885.jpg,ruler,,,,,horizontal,4520,4790
F.415737.jpg,ruler,,,,,horizontal,4670,4900
F.415804.jpg,ruler,,,,,horizontal,4440,4900
F.416165.jpg,ruler,,,,,horizontal,4550,4900
F.416221.jpg,ruler,,,,,horizontal,4660,4900
F.416610.jpg,ruler,,,,,horizontal,4300,4630
F.416880.jpg,ruler,,,,,horizontal,4340,4670
F.417208.jpg,ruler,,,,,horizontal,4430,4900
F.420278.jpg,ruler,,,,,horizontal,4670,4900
F.420821.jpg,ruler,,,,,horizontal,4700,4900
F.429632.jpg,ruler,,,,,horizontal,4632,4900
F.430045.jpg,ruler,,,,,horizontal,4860,4900
F.430550.jpg,ruler,,,,,horizontal,4800,4900
F.432888.jpg,ruler,,,,,horizontal,4800,4900
F.433141.jpg,ruler,,,,,horizontal,4896,4900
F.437490.jpg,ruler,,,,,horizontal,4740,4900
F.437894.jpg,ruler,,,,,horizontal,4884,4900
F.438216.jpg,ruler,,,,,horizontal,4824,4900
F.440376.jpg,ruler,,,,,horizontal,4800,4900
F.499073.jpg,ruler,,,,,horizontal,4630,4690
F.499570.jpg,ruler,,,,,horizontal,4640,4680
GAVK.JKA13-4015.jpg,,235,,,,,,
GJ.6276.jpg,,308,,,,,,
GJ.6812.jpg,,370,,,,,,
GJ.6851.jpg,,376,,,,,,
GV.37459.jpg,,270,,,,,,
GV.42970.jpg,,415,,,,,,
Halictus_fatsensis_F_001.jpg,,280,,,,,,
IMG_0123_specimen_2_MECKON_NEON.BET.D20.000308.png,,78,,,,,,
IMG_0172_specimen_4_TREOBT_NEON.BET.D20.001904.png,,78,,,,,,
IMG_0246_specimen_1_AGOMUE_NEON.BET.D20.003167.png,,78,,,,,,
IMG_0258_specimen_3_MECKON_NEON.BET.D20.003092.png,,78,,,,,,
IMG_0310_specimen_2_TREOBT_NEON.BET.D20.002052.png,,78,,,,,,
IMG_0547_specimen_3_TREOBT_NEON.BET.D20.001629.png,,78,,,,,,
Macropis_europaea_F_001.jpg,,108,,,,,,
Melitta_aegyptiaca_F_001.jpg,,240,,,,,,
Melitta_iberica_M_001.jpg,,135,,,,,,
